agent,seed,step,value
hace,0,2048,-40.84797286987305
hace,0,4096,-35.10836410522461
hace,0,6144,-29.223848342895508
hace,0,8192,-26.757970809936523
hace,0,10240,-25.07597541809082
hace,0,12288,-24.204975128173828
hace,0,14336,-23.081504821777344
hace,0,16384,-21.71702003479004
hace,0,18432,-19.563505172729492
hace,0,20480,-19.536033630371094
hace,0,22528,-11.446548461914062
hace,0,24576,5.0122151374816895
hace,0,26624,8.047917366027832
hace,0,28672,10.197635650634766
hace,0,30720,11.061840057373047
hace,0,32768,8.729598045349121
hace,0,34816,6.480827331542969
hace,0,36864,4.289973735809326
hace,0,38912,0.8857097625732422
hace,0,40960,5.445808410644531
hace,0,43008,-4.9241557121276855
hace,0,45056,-8.522372245788574
hace,0,47104,17.907957077026367
hace,0,49152,80.15300750732422
hace,0,51200,172.11676025390625
hace,0,53248,348.4190979003906
hace,0,55296,419.9270324707031
hace,0,57344,530.0654907226562
hace,0,59392,742.6109008789062
hace,0,61440,798.2726440429688
hace,0,63488,788.6203002929688
hace,0,65536,787.2647094726562
hace,0,67584,748.7223510742188
hace,0,69632,690.3986206054688
hace,0,71680,577.1251220703125
hace,0,73728,417.85546875
hace,0,75776,281.2178955078125
hace,0,77824,313.13909912109375
hace,0,79872,68.00757598876953
hace,0,81920,72.61798095703125
hace,0,83968,77.625732421875
hace,0,86016,127.8021240234375
hace,0,88064,160.49429321289062
hace,0,90112,464.8901672363281
hace,0,92160,479.98944091796875
hace,0,94208,487.364013671875
hace,0,96256,487.507080078125
hace,0,98304,435.0314025878906
hace,0,100352,447.63543701171875
hace,0,102400,435.2574768066406
hace,0,104448,472.49560546875
hace,0,106496,485.31640625
hace,0,108544,457.0442810058594
hace,0,110592,183.0117950439453
hace,0,112640,195.45379638671875
hace,0,114688,215.00543212890625
hace,0,116736,228.7141876220703
hace,0,118784,233.4180145263672
hace,0,120832,228.87353515625
hace,0,122880,222.8363800048828
hace,0,124928,166.8023223876953
hace,0,126976,121.71472930908203
hace,0,129024,95.21814727783203
hace,0,131072,73.4370346069336
hace,0,133120,52.98735427856445
hace,0,135168,33.667388916015625
hace,0,137216,17.732990264892578
hace,0,139264,-2.812976598739624
hace,0,141312,-15.276968002319336
hace,0,143360,-29.15018081665039
hace,0,145408,-28.315208435058594
hace,0,147456,-26.788162231445312
hace,0,149504,-25.880966186523438
hace,0,151552,-24.19049835205078
hace,0,153600,-23.748748779296875
hace,0,155648,-25.94731330871582
hace,0,157696,-29.0264835357666
hace,0,159744,-31.01917266845703
hace,0,161792,-31.56095314025879
hace,0,163840,-3.593710422515869
hace,0,165888,-2.8924808502197266
hace,0,167936,595.4752807617188
hace,0,169984,945.261962890625
hace,0,172032,3249.480224609375
hace,0,174080,3303.362060546875
hace,0,176128,3732.612060546875
hace,0,178176,3910.470947265625
hace,0,180224,3919.442138671875
hace,0,182272,4462.099609375
hace,0,184320,5157.56494140625
hace,0,186368,5155.00830078125
hace,0,188416,4426.81005859375
hace,0,190464,4203.2919921875
hace,0,192512,1896.31103515625
hace,0,194560,1840.6185302734375
hace,0,196608,1340.6898193359375
hace,0,198656,1235.3543701171875
hace,0,200704,1232.061767578125
hace,0,202752,40.89429473876953
hace,0,204800,-26.519556045532227
hace,0,206848,8.424339294433594
hace,0,208896,16.617267608642578
hace,0,210944,42.27029800415039
hace,0,212992,50.89921188354492
hace,0,215040,92.48162841796875
hace,0,217088,85.76446533203125
hace,0,219136,78.78719329833984
hace,0,221184,67.80878448486328
hace,0,223232,61.385128021240234
hace,0,225280,48.54302215576172
hace,0,227328,16.343135833740234
hace,0,229376,-4.451259136199951
hace,0,231424,-23.283206939697266
hace,0,233472,-29.179052352905273
hace,0,235520,-71.02279663085938
hace,0,237568,-66.49307250976562
hace,0,239616,-61.06289291381836
hace,0,241664,-55.720333099365234
hace,0,243712,-50.80861282348633
hace,0,245760,-46.93074417114258
hace,0,247808,-50.00825500488281
hace,0,249856,-48.03506088256836
hace,0,251904,-45.87976837158203
hace,0,253952,-46.418296813964844
hace,0,256000,-43.15835952758789
hace,0,258048,24.91630744934082
hace,0,260096,76.76691436767578
hace,0,262144,132.8216552734375
hace,0,264192,223.45437622070312
hace,0,266240,262.01739501953125
hace,0,268288,324.68218994140625
hace,0,270336,444.81304931640625
hace,0,272384,578.1329956054688
hace,0,274432,715.80712890625
hace,0,276480,858.1837158203125
hace,0,278528,780.614013671875
hace,0,280576,737.9356689453125
hace,0,282624,661.7935180664062
hace,0,284672,555.9146728515625
hace,0,286720,540.70166015625
hace,0,288768,442.2322998046875
hace,0,290816,328.5811767578125
hace,0,292864,211.42498779296875
hace,0,294912,57.22614288330078
hace,0,296960,-86.57015228271484
hace,0,299008,-87.0843276977539
hace,0,301056,-87.8202133178711
hace,0,303104,-89.24258422851562
hace,0,305152,-89.95235443115234
hace,0,307200,-90.52003479003906
hace,0,2048,-40.84797286987305
hace,0,4096,-35.10836410522461
hace,0,6144,-29.223848342895508
hace,0,8192,-26.757970809936523
hace,0,10240,-25.07597541809082
hace,0,12288,-24.204975128173828
hace,0,14336,-23.081504821777344
hace,0,16384,-21.71702003479004
hace,0,18432,-19.563505172729492
hace,0,20480,-19.536033630371094
hace,0,22528,-11.446548461914062
hace,0,24576,5.0122151374816895
hace,0,26624,8.047917366027832
hace,0,28672,10.197635650634766
hace,0,30720,11.061840057373047
hace,0,32768,12.447078704833984
hace,0,34816,13.028678894042969
hace,0,36864,11.225123405456543
hace,0,38912,11.161347389221191
hace,0,40960,12.232916831970215
hace,0,43008,-4.952250003814697
hace,0,45056,-7.862091064453125
hace,0,47104,-8.719915390014648
hace,0,49152,-9.914045333862305
hace,0,51200,-10.166121482849121
hace,0,53248,-12.833645820617676
hace,0,55296,-11.881552696228027
hace,0,57344,-10.013400077819824
hace,0,59392,-9.710620880126953
hace,0,61440,-11.495631217956543
hace,0,63488,-9.174213409423828
hace,0,65536,-7.474098205566406
hace,0,67584,-7.918809413909912
hace,0,69632,-2.7672996520996094
hace,0,71680,-3.9527876377105713
hace,0,73728,-2.4904892444610596
hace,0,75776,-2.156238555908203
hace,0,77824,0.4568431079387665
hace,0,79872,0.7098573446273804
hace,0,81920,1.8858586549758911
hace,0,83968,-0.8697049617767334
hace,0,86016,-2.025900363922119
hace,0,88064,-2.6595704555511475
hace,0,90112,-1.7038429975509644
hace,0,92160,-0.4808192849159241
hace,0,94208,4.03285026550293
hace,0,96256,7.832058906555176
hace,0,98304,65.22126770019531
hace,0,100352,64.03250122070312
hace,0,102400,60.049774169921875
hace,0,104448,56.95730209350586
hace,0,106496,54.432010650634766
hace,0,108544,47.05179977416992
hace,0,110592,43.41552734375
hace,0,112640,39.56148910522461
hace,0,114688,28.764568328857422
hace,0,116736,-40.66284942626953
hace,0,118784,-45.51441955566406
hace,0,120832,-46.888153076171875
hace,0,122880,-46.36315155029297
hace,0,124928,-45.5615234375
hace,0,126976,-40.457313537597656
hace,0,129024,-31.568374633789062
hace,0,131072,-6.776114463806152
hace,0,133120,14.995916366577148
hace,0,135168,35.47230529785156
hace,0,137216,99.55258178710938
hace,0,139264,125.42423248291016
hace,0,141312,132.95314025878906
hace,0,143360,154.1734619140625
hace,0,145408,198.88497924804688
hace,0,147456,197.2754669189453
hace,0,149504,211.71282958984375
hace,0,151552,179.9005584716797
hace,0,153600,181.75193786621094
hace,0,155648,184.2196807861328
hace,0,157696,127.86334228515625
hace,0,159744,140.20228576660156
hace,0,161792,157.67933654785156
hace,0,163840,148.13194274902344
hace,0,165888,183.07376098632812
hace,0,167936,198.73602294921875
hace,0,169984,193.760009765625
hace,0,172032,193.68067932128906
hace,0,174080,234.15472412109375
hace,0,176128,227.2585906982422
hace,0,178176,296.7865295410156
hace,0,180224,332.1975402832031
hace,0,182272,323.0426940917969
hace,0,184320,324.2437744140625
hace,0,186368,244.46829223632812
hace,0,188416,235.06170654296875
hace,0,190464,240.6800079345703
hace,0,192512,235.9020538330078
hace,0,194560,208.31451416015625
hace,0,196608,214.85186767578125
hace,0,198656,162.9213104248047
hace,0,200704,122.96775817871094
hace,0,202752,106.5146713256836
hace,0,204800,94.5965576171875
hace,0,206848,91.85722351074219
hace,0,208896,110.47625732421875
hace,0,210944,137.9384002685547
hace,0,212992,314.5120849609375
hace,0,215040,334.6053466796875
hace,0,217088,401.0771484375
hace,0,219136,515.6441040039062
hace,0,221184,607.0802612304688
hace,0,223232,782.3717041015625
hace,0,225280,953.831787109375
hace,0,227328,1128.8839111328125
hace,0,229376,1330.2059326171875
hace,0,231424,1644.9288330078125
hace,0,233472,1771.6820068359375
hace,0,235520,1916.1387939453125
hace,0,237568,2283.08154296875
hace,0,239616,2598.5830078125
hace,0,241664,2903.831298828125
hace,0,243712,2925.438720703125
hace,0,245760,3165.3427734375
hace,0,247808,3141.071533203125
hace,0,249856,3142.558349609375
hace,0,251904,3158.889404296875
hace,0,253952,3198.1787109375
hace,0,256000,3114.15625
hace,0,258048,3228.3427734375
hace,0,260096,3114.755859375
hace,0,262144,2961.0625
hace,0,264192,2904.641845703125
hace,0,266240,2995.1025390625
hace,0,268288,3120.489013671875
hace,0,270336,3193.06103515625
hace,0,272384,3323.2861328125
hace,0,274432,3457.025390625
hace,0,276480,3895.744384765625
hace,0,278528,4026.576171875
hace,0,280576,4614.75390625
hace,0,282624,4899.8681640625
hace,0,284672,4972.15234375
hace,0,286720,5075.3115234375
hace,0,288768,5238.263671875
hace,0,290816,5544.36474609375
hace,0,292864,5618.99609375
hace,0,294912,5556.2509765625
hace,0,296960,5630.794921875
hace,0,299008,5293.56201171875
hace,0,301056,4989.59423828125
hace,0,303104,4513.4638671875
hace,0,305152,4046.572509765625
hace,0,307200,3573.669677734375
hace,0,309248,3080.710693359375
hace,0,311296,2318.79736328125
hace,0,313344,1831.73583984375
hace,0,315392,1132.5770263671875
hace,0,317440,763.05859375
hace,0,319488,403.7949523925781
hace,0,321536,53.61820983886719
hace,0,323584,70.7024154663086
hace,0,325632,94.47582244873047
hace,0,327680,111.33251190185547
hace,0,329728,119.47303009033203
hace,0,331776,123.82795715332031
hace,0,333824,130.8663787841797
hace,0,335872,127.7608413696289
hace,0,337920,120.67829132080078
hace,0,339968,109.47569274902344
hace,0,342016,120.27928924560547
hace,0,344064,114.04925537109375
hace,0,346112,116.74873352050781
hace,0,348160,117.67225646972656
hace,0,350208,131.09005737304688
hace,0,352256,129.25657653808594
hace,0,354304,135.79928588867188
hace,0,356352,133.5103759765625
hace,0,358400,139.3032684326172
hace,0,360448,153.54824829101562
hace,0,362496,152.21998596191406
hace,0,364544,161.01251220703125
hace,0,366592,166.75399780273438
hace,0,368640,179.4752197265625
hace,0,370688,178.90223693847656
hace,0,372736,182.3532257080078
hace,0,374784,181.72482299804688
hace,0,376832,193.11138916015625
hace,0,378880,199.66380310058594
hace,0,380928,194.43405151367188
hace,0,382976,205.07684326171875
hace,0,385024,208.32266235351562
hace,0,387072,206.38587951660156
hace,0,389120,202.52955627441406
hace,0,391168,222.31338500976562
hace,0,393216,227.15065002441406
hace,0,395264,242.19557189941406
hace,0,397312,244.95834350585938
hace,0,399360,268.3913269042969
hace,0,401408,298.53289794921875
hace,0,403456,259.6949462890625
hace,0,405504,243.8421173095703
hace,0,407552,219.7491455078125
hace,0,409600,186.4154815673828
hace,0,411648,157.7886962890625
hace,0,413696,123.49345397949219
hace,0,415744,96.8898696899414
hace,0,417792,61.59199142456055
hace,0,419840,-2.1903085708618164
hace,0,421888,-38.560516357421875
hace,0,423936,-40.71769714355469
hace,0,425984,-43.13620376586914
hace,0,428032,-46.4954948425293
hace,0,430080,-48.92436599731445
hace,0,432128,-51.278804779052734
hace,0,434176,-53.94001007080078
hace,0,436224,-57.10286331176758
hace,0,438272,-60.12797546386719
hace,0,440320,-63.22544479370117
hace,0,442368,-66.35623931884766
hace,0,444416,-70.04092407226562
hace,0,446464,-73.03050994873047
hace,0,448512,-75.26689147949219
hace,0,450560,-77.35822296142578
hace,0,452608,-78.03565216064453
hace,0,454656,-78.12177276611328
hace,0,456704,-76.91248321533203
hace,0,458752,-75.37560272216797
hace,0,460800,-73.41878509521484
hace,0,462848,-69.47832489013672
hace,0,464896,-65.32024383544922
hace,0,466944,-61.1123161315918
hace,0,468992,-56.88795471191406
hace,0,471040,-52.51859664916992
hace,0,473088,-48.2982063293457
hace,0,475136,-44.674617767333984
hace,0,477184,-41.7498664855957
hace,0,479232,-38.95737838745117
hace,0,481280,-37.03994369506836
hace,0,483328,-35.445350646972656
hace,0,485376,-34.17605209350586
hace,0,487424,-32.3203239440918
hace,0,489472,-29.938657760620117
hace,0,491520,-27.743263244628906
hace,0,493568,-24.90728187561035
hace,0,495616,-22.50102424621582
hace,0,497664,-19.350055694580078
hace,0,499712,-16.508691787719727
hace,0,501760,-14.167734146118164
hace,0,503808,-15.35213851928711
hace,0,505856,-17.168107986450195
hace,0,507904,-19.95687484741211
hace,0,509952,-23.747589111328125
hace,0,512000,-28.849924087524414
hace,0,514048,-33.85173416137695
hace,0,516096,-39.24925231933594
hace,0,518144,-45.2522087097168
hace,0,520192,-52.02287292480469
hace,0,522240,-57.468223571777344
hace,0,524288,-60.05459213256836
hace,0,526336,-62.66752624511719
hace,0,528384,-65.14447021484375
hace,0,530432,-67.02307891845703
hace,0,532480,-68.5517349243164
hace,0,534528,-69.7104721069336
hace,0,536576,-69.94528198242188
hace,0,538624,-69.0632095336914
hace,0,540672,-67.34143829345703
hace,0,542720,-64.60997009277344
hace,0,544768,-60.92836380004883
hace,0,546816,-57.41596603393555
hace,0,548864,-53.858062744140625
hace,0,550912,-50.014034271240234
hace,0,552960,-45.57334518432617
hace,0,555008,-42.02019119262695
hace,0,557056,-38.76676940917969
hace,0,559104,-36.05937957763672
hace,0,561152,-34.24465560913086
hace,0,563200,-33.248565673828125
hace,0,565248,-32.679908752441406
hace,0,567296,-31.880638122558594
hace,0,569344,-31.078828811645508
hace,0,571392,-30.10015296936035
hace,0,573440,-19.17572784423828
hace,0,575488,-17.90529441833496
hace,0,577536,-9.427924156188965
hace,0,579584,1.544963002204895
hace,0,581632,14.830426216125488
hace,0,583680,182.26211547851562
hace,0,585728,322.3358154296875
hace,0,587776,490.1153259277344
hace,0,589824,654.0486450195312
hace,0,591872,873.9043579101562
hace,0,593920,1377.19921875
hace,0,595968,1731.423095703125
hace,0,598016,2157.089111328125
hace,0,600064,2332.4296875
hace,0,602112,4084.982177734375
hace,0,604160,3886.091796875
hace,0,606208,3765.746337890625
hace,0,608256,3607.757080078125
hace,0,610304,3422.091064453125
hace,0,612352,3134.89697265625
hace,0,614400,2685.595458984375
hace,0,616448,2345.0009765625
hace,0,618496,1908.9954833984375
hace,0,620544,1691.654296875
hace,0,622592,-51.145687103271484
hace,0,624640,-50.63288497924805
hace,0,626688,-50.32817459106445
hace,0,628736,-49.69970703125
hace,0,630784,-48.899391174316406
hace,0,632832,-47.866451263427734
hace,0,634880,-46.55655288696289
hace,0,636928,-44.83320236206055
hace,0,638976,-42.97776794433594
hace,0,641024,-41.250274658203125
hace,0,643072,-39.390350341796875
hace,0,645120,-37.11308288574219
hace,0,647168,-34.93455505371094
hace,0,649216,-32.78369903564453
hace,0,651264,-30.722963333129883
hace,0,653312,-28.487192153930664
hace,0,655360,-26.624034881591797
hace,0,657408,-24.885061264038086
hace,0,659456,-23.02216148376465
hace,0,661504,-21.20396614074707
hace,0,663552,-19.439163208007812
hace,0,665600,-17.940502166748047
hace,0,667648,-16.461410522460938
hace,0,669696,-3.7080905437469482
hace,0,671744,4.32856559753418
hace,0,673792,26.355690002441406
hace,0,675840,44.13075637817383
hace,0,677888,94.07524871826172
hace,0,679936,160.87513732910156
hace,0,681984,245.83251953125
hace,0,684032,334.7500915527344
hace,0,686080,444.74285888671875
hace,0,688128,492.7292785644531
hace,0,690176,683.9628295898438
hace,0,692224,814.5868530273438
hace,0,694272,924.5668334960938
hace,0,696320,1103.9805908203125
hace,0,698368,1344.5836181640625
hace,0,700416,1620.862060546875
hace,0,702464,1525.10546875
hace,0,704512,1465.2528076171875
hace,0,706560,1350.9715576171875
hace,0,708608,1209.63232421875
hace,0,710656,1088.4630126953125
hace,0,712704,929.4017333984375
hace,0,714752,801.3535766601562
hace,0,716800,528.9882202148438
hace,0,718848,302.1193542480469
hace,0,720896,-36.16836166381836
hace,0,722944,-53.052642822265625
hace,0,724992,-50.25249481201172
hace,0,727040,-44.715003967285156
hace,0,729088,-39.1247673034668
hace,0,731136,-30.13590431213379
hace,0,733184,-17.17506980895996
hace,0,735232,14.274430274963379
hace,0,737280,32.964168548583984
hace,0,739328,83.38169860839844
hace,0,741376,112.81641387939453
hace,0,743424,195.30606079101562
hace,0,745472,246.65155029296875
hace,0,747520,318.8523864746094
hace,0,749568,399.76416015625
hace,0,751616,465.81011962890625
hace,0,753664,469.91119384765625
hace,0,755712,578.8306884765625
hace,0,757760,725.3311767578125
hace,0,759808,716.5825805664062
hace,0,761856,866.2445068359375
hace,0,763904,859.812744140625
hace,0,765952,935.9032592773438
hace,0,768000,1047.829833984375
hace,0,770048,975.3628540039062
hace,0,772096,1019.28173828125
hace,0,774144,1118.4019775390625
hace,0,776192,962.1688842773438
hace,0,778240,1059.8209228515625
hace,0,780288,961.1792602539062
hace,0,782336,947.9013061523438
hace,0,784384,921.2036743164062
hace,0,786432,1003.4951782226562
hace,0,788480,1084.4603271484375
hace,0,790528,1068.6461181640625
hace,0,792576,965.470947265625
hace,0,794624,925.0338134765625
hace,0,796672,1006.0038452148438
hace,0,798720,979.4486694335938
hace,0,800768,1278.7745361328125
hace,0,802816,1071.821533203125
hace,0,804864,980.4495849609375
hace,0,806912,850.0557861328125
hace,0,808960,647.5286254882812
hace,0,811008,637.9163818359375
hace,0,813056,514.7698974609375
hace,0,815104,456.8585510253906
hace,0,817152,395.48150634765625
hace,0,819200,275.83294677734375
hace,0,821248,-24.36005401611328
hace,0,823296,-25.074899673461914
hace,0,825344,-25.236780166625977
hace,0,827392,-25.15256118774414
hace,0,829440,-25.081295013427734
hace,0,831488,-24.959936141967773
hace,0,833536,-25.09328842163086
hace,0,835584,-25.4305477142334
hace,0,837632,-25.769834518432617
hace,0,839680,-26.006284713745117
hace,0,841728,-26.164995193481445
hace,0,843776,-26.562297821044922
hace,0,845824,-26.9857234954834
hace,0,847872,-27.452259063720703
hace,0,849920,-27.77939224243164
hace,0,851968,-28.114608764648438
hace,0,854016,-28.593517303466797
hace,0,856064,-29.00582504272461
hace,0,858112,-29.481674194335938
hace,0,860160,-30.14618492126465
hace,0,862208,-30.931835174560547
hace,0,864256,-32.031044006347656
hace,0,866304,-33.30669021606445
hace,0,868352,-34.775115966796875
hace,0,870400,-36.31583786010742
hace,0,872448,-37.91033935546875
hace,0,874496,-39.14617919921875
hace,0,876544,-40.61392593383789
hace,0,878592,-42.20568084716797
hace,0,880640,-43.91635513305664
hace,0,882688,-45.18040084838867
hace,0,884736,-45.911170959472656
hace,0,886784,-46.15109634399414
hace,0,888832,-45.93753433227539
hace,0,890880,-45.473995208740234
hace,0,892928,-44.43395233154297
hace,0,894976,-42.60173416137695
hace,0,897024,-39.752227783203125
hace,0,899072,138.36141967773438
hace,0,901120,183.60076904296875
hace,0,903168,186.48065185546875
hace,0,905216,182.29953002929688
hace,0,907264,178.51727294921875
hace,0,909312,175.30654907226562
hace,0,911360,172.41461181640625
hace,0,913408,169.0386962890625
hace,0,915456,165.58840942382812
hace,0,917504,162.03250122070312
hace,0,919552,-17.009756088256836
hace,0,921600,-63.23218536376953
hace,0,923648,-65.88298797607422
hace,0,925696,-63.189369201660156
hace,0,927744,-60.95836639404297
hace,0,929792,-59.34883499145508
hace,0,931840,-58.05339813232422
hace,0,933888,-56.960121154785156
hace,0,935936,-55.847938537597656
hace,0,937984,-54.31874084472656
hace,0,940032,-52.71031951904297
hace,0,942080,-50.86066436767578
hace,0,944128,-48.62809753417969
hace,0,946176,-45.792110443115234
hace,0,948224,-43.13077163696289
hace,0,950272,-40.62902069091797
hace,0,952320,-38.158206939697266
hace,0,954368,-35.52866744995117
hace,0,956416,-33.302913665771484
hace,0,958464,-31.355125427246094
hace,0,960512,-29.265926361083984
hace,0,962560,-27.510997772216797
hace,0,964608,-25.867263793945312
hace,0,966656,-24.52345085144043
hace,0,968704,-23.21466636657715
hace,0,970752,-22.19997787475586
hace,0,972800,-21.07069206237793
hace,0,974848,-20.21894645690918
hace,0,976896,-19.57953453063965
hace,0,978944,-19.09714126586914
hace,0,980992,-18.721410751342773
hace,0,983040,-18.285259246826172
hace,0,985088,-17.927204132080078
hace,0,987136,-17.60302734375
hace,0,989184,-17.39246940612793
hace,0,991232,-17.064937591552734
hace,0,993280,-16.85167121887207
hace,0,995328,-16.631431579589844
hace,0,997376,-16.482717514038086
hace,0,999424,-16.3418025970459
hace,0,1001472,-16.21546173095703
hace,0,1003520,-16.087846755981445
hace,1,2048,-37.344337463378906
hace,1,4096,-32.94685363769531
hace,1,6144,-28.541460037231445
hace,1,8192,-24.73813819885254
hace,1,10240,-17.866979598999023
hace,1,12288,-20.131132125854492
hace,1,14336,-21.141185760498047
hace,1,16384,-21.927955627441406
hace,1,18432,-20.609405517578125
hace,1,20480,-17.8648738861084
hace,1,22528,-13.681785583496094
hace,1,24576,-10.833575248718262
hace,1,26624,-7.708444595336914
hace,1,28672,-7.05088996887207
hace,1,30720,-9.38341999053955
hace,1,32768,-9.627815246582031
hace,1,34816,-8.70665454864502
hace,1,36864,-5.53466796875
hace,1,38912,-7.66501522064209
hace,1,40960,-6.338250160217285
hace,1,43008,-7.733855724334717
hace,1,45056,-4.042661190032959
hace,1,47104,-5.573652744293213
hace,1,49152,-2.13982892036438
hace,1,51200,2.948928117752075
hace,1,53248,3.5179929733276367
hace,1,55296,5.843326091766357
hace,1,57344,3.1370298862457275
hace,1,59392,3.872175693511963
hace,1,61440,-1.1380585432052612
hace,1,63488,1.3540366888046265
hace,1,65536,4.25295352935791
hace,1,67584,6.7992401123046875
hace,1,69632,2.032076358795166
hace,1,71680,-0.25069692730903625
hace,1,73728,-0.5767545700073242
hace,1,75776,-5.728537559509277
hace,1,77824,-6.5091352462768555
hace,1,79872,-5.981439113616943
hace,1,81920,-4.501541614532471
hace,1,83968,-3.647763967514038
hace,1,86016,-11.82343864440918
hace,1,88064,-9.70872688293457
hace,1,90112,-1.7460216283798218
hace,1,92160,0.717987596988678
hace,1,94208,4.614642143249512
hace,1,96256,7.846487045288086
hace,1,98304,11.664872169494629
hace,1,100352,25.61072540283203
hace,1,102400,22.256032943725586
hace,1,104448,17.816450119018555
hace,1,106496,42.136688232421875
hace,1,108544,36.35517883300781
hace,1,110592,45.75910186767578
hace,1,112640,73.84920501708984
hace,1,114688,159.04885864257812
hace,1,116736,157.502197265625
hace,1,118784,159.85598754882812
hace,1,120832,198.81329345703125
hace,1,122880,243.16842651367188
hace,1,124928,262.5497131347656
hace,1,126976,300.1529846191406
hace,1,129024,301.18597412109375
hace,1,131072,293.8166198730469
hace,1,133120,224.0568389892578
hace,1,135168,203.3048095703125
hace,1,137216,265.7077331542969
hace,1,139264,301.5092468261719
hace,1,141312,276.65789794921875
hace,1,143360,231.6619873046875
hace,1,145408,261.3727722167969
hace,1,147456,236.2659454345703
hace,1,149504,306.735595703125
hace,1,151552,331.0788269042969
hace,1,153600,335.74493408203125
hace,1,155648,372.5782165527344
hace,1,157696,310.8428955078125
hace,1,159744,274.73309326171875
hace,1,161792,299.34527587890625
hace,1,163840,393.9884948730469
hace,1,165888,335.1903991699219
hace,1,167936,334.9810485839844
hace,1,169984,381.7147521972656
hace,1,172032,464.3654479980469
hace,1,174080,567.448486328125
hace,1,176128,641.6575317382812
hace,1,178176,726.707275390625
hace,1,180224,843.7446899414062
hace,1,182272,840.24169921875
hace,1,184320,760.581298828125
hace,1,186368,779.3646850585938
hace,1,188416,700.5432739257812
hace,1,190464,753.2510375976562
hace,1,192512,762.6553955078125
hace,1,194560,725.7384033203125
hace,1,196608,873.5516967773438
hace,1,198656,796.939453125
hace,1,200704,713.9512329101562
hace,1,202752,683.9315795898438
hace,1,204800,668.1594848632812
hace,1,206848,635.1556396484375
hace,1,208896,625.9412231445312
hace,1,210944,503.3566589355469
hace,1,212992,347.6920471191406
hace,1,215040,224.72409057617188
hace,1,217088,28.26506805419922
hace,1,219136,-15.428380966186523
hace,1,221184,-29.063304901123047
hace,1,223232,-29.161842346191406
hace,1,225280,-30.020626068115234
hace,1,227328,-31.17803382873535
hace,1,229376,-31.19556999206543
hace,1,231424,-31.678953170776367
hace,1,233472,-32.24674606323242
hace,1,235520,-32.72599792480469
hace,1,237568,-33.226715087890625
hace,1,239616,-33.462806701660156
hace,1,241664,-33.715877532958984
hace,1,243712,-34.060367584228516
hace,1,245760,-33.650238037109375
hace,1,247808,-33.49195098876953
hace,1,249856,-33.47135543823242
hace,1,251904,-33.37525177001953
hace,1,253952,-33.14656066894531
hace,1,256000,-32.789283752441406
hace,1,258048,-32.084224700927734
hace,1,260096,-17.603116989135742
hace,1,262144,71.49658203125
hace,1,264192,121.97235107421875
hace,1,266240,158.5037841796875
hace,1,268288,440.6109924316406
hace,1,270336,465.54815673828125
hace,1,272384,500.52978515625
hace,1,274432,837.427978515625
hace,1,276480,1105.4332275390625
hace,1,278528,1233.3204345703125
hace,1,280576,1459.625
hace,1,282624,1627.1109619140625
hace,1,284672,1946.9959716796875
hace,1,286720,2212.466796875
hace,1,288768,2153.448974609375
hace,1,290816,2560.093994140625
hace,1,292864,2665.758544921875
hace,1,294912,2734.73974609375
hace,1,296960,2955.290283203125
hace,1,299008,3136.17431640625
hace,1,301056,3148.156982421875
hace,1,303104,2938.492919921875
hace,1,305152,2640.15966796875
hace,1,307200,2325.078125
hace,1,309248,2153.857421875
hace,1,311296,1705.1220703125
hace,1,313344,1456.99365234375
hace,1,315392,1090.6400146484375
hace,1,317440,704.9588012695312
hace,1,319488,385.7283020019531
hace,1,321536,136.6493377685547
hace,1,323584,137.60215759277344
hace,1,325632,139.92088317871094
hace,1,327680,126.61460876464844
hace,1,329728,132.6023712158203
hace,1,331776,119.46328735351562
hace,1,333824,128.53651428222656
hace,1,335872,136.81480407714844
hace,1,337920,123.04266357421875
hace,1,339968,122.5384750366211
hace,1,342016,133.82733154296875
hace,1,344064,157.68592834472656
hace,1,346112,174.3064727783203
hace,1,348160,177.09022521972656
hace,1,350208,174.1360321044922
hace,1,352256,188.06044006347656
hace,1,354304,158.89854431152344
hace,1,356352,187.2774200439453
hace,1,358400,266.7042541503906
hace,1,360448,396.4715881347656
hace,1,362496,390.0140075683594
hace,1,364544,410.1796569824219
hace,1,366592,454.95770263671875
hace,1,368640,640.0067749023438
hace,1,370688,782.523193359375
hace,1,372736,876.2935180664062
hace,1,374784,884.1182250976562
hace,1,376832,1055.899658203125
hace,1,378880,1308.1944580078125
hace,1,380928,1363.3309326171875
hace,1,382976,1460.8187255859375
hace,1,385024,1629.8642578125
hace,1,387072,1670.6409912109375
hace,1,389120,1760.0360107421875
hace,1,391168,1685.893310546875
hace,1,393216,1779.2630615234375
hace,1,395264,2003.4141845703125
hace,1,397312,1922.3507080078125
hace,1,399360,1808.04150390625
hace,1,401408,1823.5733642578125
hace,1,403456,1690.5865478515625
hace,1,405504,1550.7723388671875
hace,1,407552,1416.5035400390625
hace,1,409600,1103.31689453125
hace,1,411648,1000.5884399414062
hace,1,413696,783.5771484375
hace,1,415744,581.148193359375
hace,1,417792,325.9689636230469
hace,1,419840,200.30552673339844
hace,1,421888,-24.058887481689453
hace,1,423936,-25.35888671875
hace,1,425984,-26.88202476501465
hace,1,428032,-29.447467803955078
hace,1,430080,-31.89145278930664
hace,1,432128,-34.53656768798828
hace,1,434176,-36.62495422363281
hace,1,436224,-38.062015533447266
hace,1,438272,-39.3748779296875
hace,1,440320,-40.14753723144531
hace,1,442368,-40.81792068481445
hace,1,444416,-41.06679153442383
hace,1,446464,-41.24745178222656
hace,1,448512,-41.2610969543457
hace,1,450560,-41.08494186401367
hace,1,452608,-40.81916809082031
hace,1,454656,-40.605873107910156
hace,1,456704,-40.27198028564453
hace,1,458752,-40.063209533691406
hace,1,460800,-39.82423400878906
hace,1,462848,-39.40054702758789
hace,1,464896,-38.97345733642578
hace,1,466944,-38.1268424987793
hace,1,468992,-36.36444091796875
hace,1,471040,-35.209041595458984
hace,1,473088,-33.778961181640625
hace,1,475136,-31.228239059448242
hace,1,477184,-28.510467529296875
hace,1,479232,-25.072690963745117
hace,1,481280,-22.233701705932617
hace,1,483328,-19.676265716552734
hace,1,485376,-17.102256774902344
hace,1,487424,-15.061277389526367
hace,1,489472,-13.81472396850586
hace,1,491520,-11.491196632385254
hace,1,493568,-9.721166610717773
hace,1,495616,-9.731664657592773
hace,1,497664,-9.497458457946777
hace,1,499712,-9.244752883911133
hace,1,501760,-8.056684494018555
hace,1,503808,-10.937848091125488
hace,1,505856,-14.159906387329102
hace,1,507904,-17.837430953979492
hace,1,509952,-21.899431228637695
hace,1,512000,-26.8770694732666
hace,1,514048,-31.903533935546875
hace,1,516096,-36.809852600097656
hace,1,518144,-41.98059844970703
hace,1,520192,-48.20188522338867
hace,1,522240,-53.397769927978516
hace,1,524288,-55.60276412963867
hace,1,526336,-57.46955108642578
hace,1,528384,-59.07014083862305
hace,1,530432,-60.126766204833984
hace,1,532480,-60.442970275878906
hace,1,534528,-60.12543869018555
hace,1,536576,-59.27754211425781
hace,1,538624,-57.89760971069336
hace,1,540672,-55.35942840576172
hace,1,542720,-8.527359962463379
hace,1,544768,48.53181457519531
hace,1,546816,238.08323669433594
hace,1,548864,374.8945007324219
hace,1,550912,475.4587707519531
hace,1,552960,630.8851318359375
hace,1,555008,813.5009155273438
hace,1,557056,1035.4771728515625
hace,1,559104,1221.8472900390625
hace,1,561152,1389.5697021484375
hace,1,563200,1683.1954345703125
hace,1,565248,1729.0067138671875
hace,1,567296,1783.5672607421875
hace,1,569344,1880.130126953125
hace,1,571392,2180.417236328125
hace,1,573440,2777.9306640625
hace,1,575488,3054.42529296875
hace,1,577536,3171.699951171875
hace,1,579584,3195.282958984375
hace,1,581632,3379.12890625
hace,1,583680,3551.2724609375
hace,1,585728,3925.01220703125
hace,1,587776,4474.072265625
hace,1,589824,4578.0224609375
hace,1,591872,4468.22119140625
hace,1,593920,4420.5390625
hace,1,595968,4130.26513671875
hace,1,598016,4328.5927734375
hace,1,600064,4368.70458984375
hace,1,602112,4182.4833984375
hace,1,604160,3892.804931640625
hace,1,606208,3230.606201171875
hace,1,608256,2561.020263671875
hace,1,610304,2338.399658203125
hace,1,612352,1713.765380859375
hace,1,614400,1211.146728515625
hace,1,616448,1030.2786865234375
hace,1,618496,590.7510375976562
hace,1,620544,269.5852966308594
hace,1,622592,-28.96576690673828
hace,1,624640,-27.561403274536133
hace,1,626688,-26.63072395324707
hace,1,628736,-26.93439483642578
hace,1,630784,-27.768970489501953
hace,1,632832,-30.046884536743164
hace,1,634880,-33.170753479003906
hace,1,636928,-36.69770431518555
hace,1,638976,-41.49810028076172
hace,1,641024,-45.92815017700195
hace,1,643072,-50.68686294555664
hace,1,645120,-54.84993362426758
hace,1,647168,-58.39632797241211
hace,1,649216,-61.63643264770508
hace,1,651264,-65.24811553955078
hace,1,653312,-68.6322021484375
hace,1,655360,-71.54452514648438
hace,1,657408,-74.09001922607422
hace,1,659456,-76.22174072265625
hace,1,661504,-78.20616912841797
hace,1,663552,-80.02751922607422
hace,1,665600,-81.22554016113281
hace,1,667648,-81.83230590820312
hace,1,669696,-81.67516326904297
hace,1,671744,-80.36595153808594
hace,1,673792,-78.15797424316406
hace,1,675840,-74.33162689208984
hace,1,677888,-69.36441802978516
hace,1,679936,-62.6906623840332
hace,1,681984,-57.2494010925293
hace,1,684032,-51.32490158081055
hace,1,686080,-47.33416748046875
hace,1,688128,-43.14109802246094
hace,1,690176,-40.155216217041016
hace,1,692224,-37.32918930053711
hace,1,694272,-35.52321243286133
hace,1,696320,-34.031002044677734
hace,1,698368,-33.544334411621094
hace,1,700416,-32.632713317871094
hace,1,702464,-31.174386978149414
hace,1,704512,-35.09489822387695
hace,1,706560,-36.881717681884766
hace,1,708608,-38.90439987182617
hace,1,710656,-40.69920349121094
hace,1,712704,-42.8719367980957
hace,1,714752,-45.25221633911133
hace,1,716800,-48.54679489135742
hace,1,718848,-51.527076721191406
hace,1,720896,-55.77593231201172
hace,1,722944,-58.41884994506836
hace,1,724992,-56.36140060424805
hace,1,727040,-54.65637969970703
hace,1,729088,-52.226444244384766
hace,1,731136,-50.172935485839844
hace,1,733184,-48.55610275268555
hace,1,735232,-46.94082260131836
hace,1,737280,-45.622535705566406
hace,1,739328,-45.07817840576172
hace,1,741376,-43.30586242675781
hace,1,743424,-43.47357177734375
hace,1,745472,-44.16069030761719
hace,1,747520,-44.416282653808594
hace,1,749568,-44.97563171386719
hace,1,751616,-45.353843688964844
hace,1,753664,-45.47217559814453
hace,1,755712,-45.666595458984375
hace,1,757760,-45.725223541259766
hace,1,759808,-45.05918502807617
hace,1,761856,-44.98335647583008
hace,1,763904,-44.01365280151367
hace,1,765952,-43.181739807128906
hace,1,768000,-43.3321533203125
hace,1,770048,-43.04777526855469
hace,1,772096,-43.20655822753906
hace,1,774144,-43.173057556152344
hace,1,776192,-42.65104675292969
hace,1,778240,-41.98408889770508
hace,1,780288,-41.80509948730469
hace,1,782336,-42.001590728759766
hace,1,784384,-42.55249786376953
hace,1,786432,-42.784183502197266
hace,1,788480,-41.92743682861328
hace,1,790528,-42.63915252685547
hace,1,792576,-42.961204528808594
hace,1,794624,-43.17018508911133
hace,1,796672,-43.15286636352539
hace,1,798720,-43.4920539855957
hace,1,800768,-43.7421989440918
hace,1,802816,-43.847084045410156
hace,1,804864,29.307594299316406
hace,1,806912,170.40037536621094
hace,1,808960,325.8631896972656
hace,1,811008,458.83868408203125
hace,1,813056,526.752197265625
hace,1,815104,699.74365234375
hace,1,817152,862.4420166015625
hace,1,819200,1076.6927490234375
hace,1,821248,1373.825927734375
hace,1,823296,1550.3653564453125
hace,1,825344,1609.3507080078125
hace,1,827392,1776.114990234375
hace,1,829440,1779.146728515625
hace,1,831488,1914.8416748046875
hace,1,833536,2162.433349609375
hace,1,835584,2165.984130859375
hace,1,837632,2253.6650390625
hace,1,839680,2199.798095703125
hace,1,841728,2066.47265625
hace,1,843776,1995.38330078125
hace,1,845824,2130.63916015625
hace,1,847872,1956.4488525390625
hace,1,849920,2049.732421875
hace,1,851968,2166.564697265625
hace,1,854016,2300.080078125
hace,1,856064,2306.283447265625
hace,1,858112,2438.657470703125
hace,1,860160,2780.94970703125
hace,1,862208,2895.01806640625
hace,1,864256,3135.59130859375
hace,1,866304,3246.541015625
hace,1,868352,3672.0
hace,1,870400,3789.717041015625
hace,1,872448,3861.245361328125
hace,1,874496,3778.60888671875
hace,1,876544,3969.42431640625
hace,1,878592,3959.346435546875
hace,1,880640,4024.4462890625
hace,1,882688,4181.21435546875
hace,1,884736,4247.8505859375
hace,1,886784,4455.009765625
hace,1,888832,4410.23388671875
hace,1,890880,4366.47998046875
hace,1,892928,4396.96728515625
hace,1,894976,4744.4677734375
hace,1,897024,4722.58935546875
hace,1,899072,4708.076171875
hace,1,901120,4582.19921875
hace,1,903168,4638.423828125
hace,1,905216,4116.57861328125
hace,1,907264,3604.141845703125
hace,1,909312,3076.058349609375
hace,1,911360,2630.694091796875
hace,1,913408,2110.213134765625
hace,1,915456,1548.5159912109375
hace,1,917504,1174.5283203125
hace,1,919552,817.95556640625
hace,1,921600,354.98052978515625
hace,1,923648,-84.99934387207031
hace,1,925696,-87.8424072265625
hace,1,927744,-91.14852905273438
hace,1,929792,-95.55859375
hace,1,931840,-99.05338287353516
hace,1,933888,-100.7033920288086
hace,1,935936,-101.4754867553711
hace,1,937984,-99.44766998291016
hace,1,940032,-97.52448272705078
hace,1,942080,-94.20352172851562
hace,1,944128,-92.74471282958984
hace,1,946176,-91.35658264160156
hace,1,948224,-90.33012390136719
hace,1,950272,-89.62911987304688
hace,1,952320,-88.65166473388672
hace,1,954368,-87.69363403320312
hace,1,956416,-87.27867126464844
hace,1,958464,-85.66459655761719
hace,1,960512,-84.29368591308594
hace,1,962560,-83.49494934082031
hace,1,964608,-80.32557678222656
hace,1,966656,-77.58782958984375
hace,1,968704,-73.99077606201172
hace,1,970752,-69.6945571899414
hace,1,972800,-67.3613510131836
hace,1,974848,-63.4869270324707
hace,1,976896,-62.41983413696289
hace,1,978944,-62.517242431640625
hace,1,980992,-60.769378662109375
hace,1,983040,-59.23957061767578
hace,1,985088,-57.0132942199707
hace,1,987136,-52.9100227355957
hace,1,989184,-50.8585205078125
hace,1,991232,-47.18960189819336
hace,1,993280,-44.08323287963867
hace,1,995328,-41.48397445678711
hace,1,997376,-35.11294937133789
hace,1,999424,-31.740129470825195
hace,1,1001472,-28.233936309814453
hace,1,1003520,-26.189592361450195
hace,2,2048,-40.18739700317383
hace,2,4096,-35.121700286865234
hace,2,6144,-32.59808349609375
hace,2,8192,-26.89405632019043
hace,2,10240,-24.901281356811523
hace,2,12288,-24.185144424438477
hace,2,14336,-22.507266998291016
hace,2,16384,-21.472238540649414
hace,2,18432,-19.962539672851562
hace,2,20480,-16.50600814819336
hace,2,22528,-13.573182106018066
hace,2,24576,-11.452177047729492
hace,2,26624,-9.5842866897583
hace,2,28672,-7.5612640380859375
hace,2,30720,-7.824953556060791
hace,2,32768,-7.0826616287231445
hace,2,34816,-4.793324947357178
hace,2,36864,-2.4445981979370117
hace,2,38912,3.06290864944458
hace,2,40960,3.3703560829162598
hace,2,43008,8.725564002990723
hace,2,45056,9.207898139953613
hace,2,47104,9.767167091369629
hace,2,49152,8.83021068572998
hace,2,51200,11.857335090637207
hace,2,53248,12.688464164733887
hace,2,55296,10.012524604797363
hace,2,57344,5.934589862823486
hace,2,59392,4.66346549987793
hace,2,61440,3.505458116531372
hace,2,63488,0.9677725434303284
hace,2,65536,-1.929632306098938
hace,2,67584,-2.6751527786254883
hace,2,69632,-4.38874626159668
hace,2,71680,-5.5339226722717285
hace,2,73728,-7.219949245452881
hace,2,75776,-2.4270517826080322
hace,2,77824,-6.628171443939209
hace,2,79872,0.33057090640068054
hace,2,81920,-3.9151594638824463
hace,2,83968,-0.38811665773391724
hace,2,86016,1.223383903503418
hace,2,88064,2.3116040229797363
hace,2,90112,4.863375186920166
hace,2,92160,4.67336893081665
hace,2,94208,4.398037910461426
hace,2,96256,-1.8044706583023071
hace,2,98304,-4.2003703117370605
hace,2,100352,-8.669164657592773
hace,2,102400,-10.90341567993164
hace,2,104448,-2.2368738651275635
hace,2,106496,-1.6076223850250244
hace,2,108544,4.878210067749023
hace,2,110592,42.192474365234375
hace,2,112640,185.16647338867188
hace,2,114688,214.23130798339844
hace,2,116736,235.97096252441406
hace,2,118784,266.4281921386719
hace,2,120832,288.5780944824219
hace,2,122880,436.1656799316406
hace,2,124928,436.03369140625
hace,2,126976,664.5623168945312
hace,2,129024,730.530517578125
hace,2,131072,922.853515625
hace,2,133120,1306.1334228515625
hace,2,135168,1401.8468017578125
hace,2,137216,1537.50830078125
hace,2,139264,1616.5458984375
hace,2,141312,1647.058349609375
hace,2,143360,1531.41455078125
hace,2,145408,1547.753173828125
hace,2,147456,1423.7867431640625
hace,2,149504,1358.860107421875
hace,2,151552,1244.765625
hace,2,153600,1051.4354248046875
hace,2,155648,959.68017578125
hace,2,157696,1298.833251953125
hace,2,159744,1282.12109375
hace,2,161792,2646.4619140625
hace,2,163840,2630.668701171875
hace,2,165888,2763.546630859375
hace,2,167936,2706.654541015625
hace,2,169984,2799.7109375
hace,2,172032,2786.381591796875
hace,2,174080,2695.078125
hace,2,176128,2512.568359375
hace,2,178176,2590.161865234375
hace,2,180224,1159.028564453125
hace,2,182272,1328.9171142578125
hace,2,184320,1352.444580078125
hace,2,186368,1242.5648193359375
hace,2,188416,1254.279052734375
hace,2,190464,1323.3023681640625
hace,2,192512,1222.5184326171875
hace,2,194560,1120.5672607421875
hace,2,196608,815.4017333984375
hace,2,198656,698.303955078125
hace,2,200704,806.4884033203125
hace,2,202752,598.3285522460938
hace,2,204800,558.42333984375
hace,2,206848,480.3631896972656
hace,2,208896,437.44927978515625
hace,2,210944,264.9696960449219
hace,2,212992,192.82562255859375
hace,2,215040,171.5381622314453
hace,2,217088,146.94424438476562
hace,2,219136,116.78209686279297
hace,2,221184,-22.098838806152344
hace,2,223232,-25.515213012695312
hace,2,225280,-25.605575561523438
hace,2,227328,-25.43326187133789
hace,2,229376,-25.542640686035156
hace,2,231424,-25.567895889282227
hace,2,233472,-25.454727172851562
hace,2,235520,-25.8137149810791
hace,2,237568,-26.064393997192383
hace,2,239616,-26.555049896240234
hace,2,241664,-26.763336181640625
hace,2,243712,-27.508230209350586
hace,2,245760,-27.846399307250977
hace,2,247808,-28.191755294799805
hace,2,249856,-28.469640731811523
hace,2,251904,-11.237709045410156
hace,2,253952,14.21705150604248
hace,2,256000,95.02610778808594
hace,2,258048,124.05902099609375
hace,2,260096,156.44122314453125
hace,2,262144,212.7692108154297
hace,2,264192,312.5947265625
hace,2,266240,324.64569091796875
hace,2,268288,427.0054626464844
hace,2,270336,471.563720703125
hace,2,272384,520.7427368164062
hace,2,274432,641.8764038085938
hace,2,276480,576.6846923828125
hace,2,278528,640.170654296875
hace,2,280576,910.8779296875
hace,2,282624,1075.8167724609375
hace,2,284672,1032.221435546875
hace,2,286720,1261.431396484375
hace,2,288768,1315.96484375
hace,2,290816,1526.8214111328125
hace,2,292864,1900.7818603515625
hace,2,294912,2165.69921875
hace,2,296960,2354.9150390625
hace,2,299008,2593.26220703125
hace,2,301056,2426.27734375
hace,2,303104,2173.397705078125
hace,2,305152,1995.98291015625
hace,2,307200,1864.446044921875
hace,2,309248,1727.651611328125
hace,2,311296,1403.7899169921875
hace,2,313344,869.8810424804688
hace,2,315392,656.5680541992188
hace,2,317440,424.1932373046875
hace,2,319488,126.05625915527344
hace,2,321536,30.006357192993164
hace,2,323584,39.94255065917969
hace,2,325632,71.01953125
hace,2,327680,93.4367446899414
hace,2,329728,116.64907836914062
hace,2,331776,123.27046966552734
hace,2,333824,123.65059661865234
hace,2,335872,137.10935974121094
hace,2,337920,126.63528442382812
hace,2,339968,126.31903076171875
hace,2,342016,173.9966583251953
hace,2,344064,168.79318237304688
hace,2,346112,203.92520141601562
hace,2,348160,259.6424560546875
hace,2,350208,370.1025390625
hace,2,352256,1041.093994140625
hace,2,354304,1058.6192626953125
hace,2,356352,1042.70703125
hace,2,358400,1159.879638671875
hace,2,360448,1150.2611083984375
hace,2,362496,1153.463134765625
hace,2,364544,1240.32421875
hace,2,366592,1250.3975830078125
hace,2,368640,2005.84130859375
hace,2,370688,2053.563232421875
hace,2,372736,1415.1805419921875
hace,2,374784,1427.796875
hace,2,376832,1483.83984375
hace,2,378880,1358.3370361328125
hace,2,380928,1348.772705078125
hace,2,382976,1329.09521484375
hace,2,385024,1327.1964111328125
hace,2,387072,546.860107421875
hace,2,389120,750.0348510742188
hace,2,391168,638.476318359375
hace,2,393216,988.4085083007812
hace,2,395264,1027.6873779296875
hace,2,397312,1031.0177001953125
hace,2,399360,1944.9945068359375
hace,2,401408,2115.577392578125
hace,2,403456,2113.37890625
hace,2,405504,1993.7548828125
hace,2,407552,1888.8045654296875
hace,2,409600,1677.64501953125
hace,2,411648,1628.799560546875
hace,2,413696,1180.2274169921875
hace,2,415744,1131.0321044921875
hace,2,417792,1076.145263671875
hace,2,419840,130.1727294921875
hace,2,421888,-53.071224212646484
hace,2,423936,-59.840457916259766
hace,2,425984,-66.88920593261719
hace,2,428032,-74.26026153564453
hace,2,430080,-80.22897338867188
hace,2,432128,-85.29991149902344
hace,2,434176,-87.60469818115234
hace,2,436224,-89.58200073242188
hace,2,438272,-90.37096405029297
hace,2,440320,-90.66141510009766
hace,2,442368,-90.81580352783203
hace,2,444416,-90.90653991699219
hace,2,446464,-90.86483001708984
hace,2,448512,-90.7801742553711
hace,2,450560,-90.65166473388672
hace,2,452608,-90.55709838867188
hace,2,454656,-90.43151092529297
hace,2,456704,-90.12727355957031
hace,2,458752,-89.7671890258789
hace,2,460800,-89.29693603515625
hace,2,462848,-88.8644790649414
hace,2,464896,-88.44374084472656
hace,2,466944,-87.5980224609375
hace,2,468992,-86.56037902832031
hace,2,471040,-85.21847534179688
hace,2,473088,-83.95111083984375
hace,2,475136,-81.01060485839844
hace,2,477184,-77.42999267578125
hace,2,479232,-71.62626647949219
hace,2,481280,-66.91947937011719
hace,2,483328,-62.2572021484375
hace,2,485376,-56.896549224853516
hace,2,487424,-50.09976577758789
hace,2,489472,-44.556278228759766
hace,2,491520,-38.397037506103516
hace,2,493568,-32.41598129272461
hace,2,495616,-27.281614303588867
hace,2,497664,-23.812084197998047
hace,2,499712,-21.31594467163086
hace,2,501760,-18.103967666625977
hace,2,503808,-18.3137149810791
hace,2,505856,-20.020793914794922
hace,2,507904,-22.724123001098633
hace,2,509952,-25.25642204284668
hace,2,512000,-28.800058364868164
hace,2,514048,-31.65572166442871
hace,2,516096,-35.60973358154297
hace,2,518144,-39.07551574707031
hace,2,520192,-42.58794021606445
hace,2,522240,-45.06856918334961
hace,2,524288,-43.91896057128906
hace,2,526336,43.88630676269531
hace,2,528384,248.43678283691406
hace,2,530432,265.63323974609375
hace,2,532480,326.4185485839844
hace,2,534528,432.8699645996094
hace,2,536576,606.3292236328125
hace,2,538624,676.791015625
hace,2,540672,990.648681640625
hace,2,542720,1111.4283447265625
hace,2,544768,1492.4444580078125
hace,2,546816,1465.03759765625
hace,2,548864,1653.3916015625
hace,2,550912,1940.1649169921875
hace,2,552960,2509.300048828125
hace,2,555008,2664.002685546875
hace,2,557056,2899.810546875
hace,2,559104,3541.968505859375
hace,2,561152,3825.291259765625
hace,2,563200,4696.751953125
hace,2,565248,5460.73681640625
hace,2,567296,6495.763671875
hace,2,569344,6740.80322265625
hace,2,571392,7652.0703125
hace,2,573440,8953.859375
hace,2,575488,10866.1455078125
hace,2,577536,12204.994140625
hace,2,579584,13479.1455078125
hace,2,581632,15225.015625
hace,2,583680,16039.033203125
hace,2,585728,17347.705078125
hace,2,587776,19409.060546875
hace,2,589824,20053.8671875
hace,2,591872,20911.5234375
hace,2,593920,21220.9765625
hace,2,595968,20799.640625
hace,2,598016,21179.7109375
hace,2,600064,21489.923828125
hace,2,602112,22426.826171875
hace,2,604160,20442.013671875
hace,2,606208,17495.64453125
hace,2,608256,15152.818359375
hace,2,610304,13276.787109375
hace,2,612352,10858.0849609375
hace,2,614400,9082.9013671875
hace,2,616448,6830.37744140625
hace,2,618496,5184.02490234375
hace,2,620544,2569.47119140625
hace,2,622592,-38.709434509277344
hace,2,624640,-39.826446533203125
hace,2,626688,-41.4189453125
hace,2,628736,-42.613525390625
hace,2,630784,-43.7487907409668
hace,2,632832,-44.975563049316406
hace,2,634880,-45.43888854980469
hace,2,636928,-45.660091400146484
hace,2,638976,-46.166229248046875
hace,2,641024,-46.646690368652344
hace,2,643072,-47.02947998046875
hace,2,645120,-47.6550407409668
hace,2,647168,-48.12484359741211
hace,2,649216,-48.71467208862305
hace,2,651264,-49.33087921142578
hace,2,653312,-49.928382873535156
hace,2,655360,-50.599273681640625
hace,2,657408,-51.43119430541992
hace,2,659456,-52.19197082519531
hace,2,661504,-52.76311111450195
hace,2,663552,-53.25007629394531
hace,2,665600,-53.44112014770508
hace,2,667648,-53.57461929321289
hace,2,669696,-53.445068359375
hace,2,671744,-52.99785232543945
hace,2,673792,-52.28257369995117
hace,2,675840,-51.357547760009766
hace,2,677888,-50.09711456298828
hace,2,679936,-48.48593521118164
hace,2,681984,-46.6595344543457
hace,2,684032,-44.7602653503418
hace,2,686080,-42.53504943847656
hace,2,688128,-39.56406021118164
hace,2,690176,-36.61280822753906
hace,2,692224,-32.905208587646484
hace,2,694272,-29.30609130859375
hace,2,696320,-25.712358474731445
hace,2,698368,-22.507877349853516
hace,2,700416,-16.802324295043945
hace,2,702464,-8.724411964416504
hace,2,704512,-15.142244338989258
hace,2,706560,-22.107995986938477
hace,2,708608,-29.747825622558594
hace,2,710656,-37.897193908691406
hace,2,712704,-48.202693939208984
hace,2,714752,-57.32315444946289
hace,2,716800,-66.93843078613281
hace,2,718848,-76.74920654296875
hace,2,720896,-90.43199920654297
hace,2,722944,-103.5489273071289
hace,2,724992,-104.66173553466797
hace,2,727040,-105.19813537597656
hace,2,729088,-105.4542236328125
hace,2,731136,-105.3030776977539
hace,2,733184,-104.86373901367188
hace,2,735232,-103.76231384277344
hace,2,737280,-102.3731689453125
hace,2,739328,-100.44784545898438
hace,2,741376,-97.69274139404297
hace,2,743424,-93.73371124267578
hace,2,745472,-87.8138427734375
hace,2,747520,-81.90583801269531
hace,2,749568,-76.12887573242188
hace,2,751616,-70.38797760009766
hace,2,753664,-64.54499816894531
hace,2,755712,-59.154300689697266
hace,2,757760,-53.92475891113281
hace,2,759808,-49.013214111328125
hace,2,761856,-44.66685104370117
hace,2,763904,-41.46742248535156
hace,2,765952,-39.749061584472656
hace,2,768000,-38.33230209350586
hace,2,770048,-36.97914505004883
hace,2,772096,-35.32511520385742
hace,2,774144,-33.61981201171875
hace,2,776192,-32.24234390258789
hace,2,778240,-31.109769821166992
hace,2,780288,-29.854249954223633
hace,2,782336,-28.805076599121094
hace,2,784384,-27.759641647338867
hace,2,786432,-26.736248016357422
hace,2,788480,-25.782968521118164
hace,2,790528,-24.925920486450195
hace,2,792576,-24.18915367126465
hace,2,794624,-23.420040130615234
hace,2,796672,-22.64470100402832
hace,2,798720,-21.996807098388672
hace,2,800768,-21.402149200439453
hace,2,802816,-20.817583084106445
hace,2,804864,-21.41515350341797
hace,2,806912,-22.044790267944336
hace,2,808960,-22.619638442993164
hace,2,811008,-23.15311050415039
hace,2,813056,-23.697465896606445
hace,2,815104,-24.173503875732422
hace,2,817152,-24.671457290649414
hace,2,819200,-25.14653778076172
hace,2,821248,-25.606767654418945
hace,2,823296,-25.805702209472656
hace,2,825344,-25.157257080078125
hace,2,827392,-24.51399803161621
hace,2,829440,-23.95208740234375
hace,2,831488,-23.5124568939209
hace,2,833536,-23.103759765625
hace,2,835584,-22.74282455444336
hace,2,837632,-22.416719436645508
hace,2,839680,-22.160497665405273
hace,2,841728,-21.901100158691406
hace,2,843776,-21.644731521606445
hace,2,845824,-21.319129943847656
hace,2,847872,-20.982696533203125
hace,2,849920,-20.66750717163086
hace,2,851968,-20.408504486083984
hace,2,854016,-20.079952239990234
hace,2,856064,-19.773662567138672
hace,2,858112,-19.448083877563477
hace,2,860160,-19.162044525146484
hace,2,862208,-18.910776138305664
hace,2,864256,-18.635149002075195
hace,2,866304,-18.357961654663086
hace,2,868352,-18.072040557861328
hace,2,870400,-17.810659408569336
hace,2,872448,-17.558242797851562
hace,2,874496,-17.35496711730957
hace,2,876544,-17.16719627380371
hace,2,878592,-16.97685432434082
hace,2,880640,-16.767837524414062
hace,2,882688,-16.562366485595703
hace,2,884736,-16.425779342651367
hace,2,886784,-16.31972312927246
hace,2,888832,-16.266050338745117
hace,2,890880,-16.207149505615234
hace,2,892928,-16.161006927490234
hace,2,894976,-16.136045455932617
hace,2,897024,-16.09664535522461
hace,2,899072,-16.08734130859375
hace,2,901120,-16.10084342956543
hace,2,903168,-16.111406326293945
hace,2,905216,-19.90555763244629
hace,2,907264,-23.71230125427246
hace,2,909312,-27.48181915283203
hace,2,911360,-31.23084259033203
hace,2,913408,-35.313697814941406
hace,2,915456,-39.01718521118164
hace,2,917504,-42.660343170166016
hace,2,919552,-46.260948181152344
hace,2,921600,-50.12348175048828
hace,2,923648,-52.93410110473633
hace,2,925696,-52.59211730957031
hace,2,927744,-52.19937515258789
hace,2,929792,-51.75334167480469
hace,2,931840,-51.35527038574219
hace,2,933888,-51.00706100463867
hace,2,935936,-50.641136169433594
hace,2,937984,-50.34219741821289
hace,2,940032,-50.04030990600586
hace,2,942080,-49.769412994384766
hace,2,944128,-49.484535217285156
hace,2,946176,-49.30839157104492
hace,2,948224,-49.106204986572266
hace,2,950272,-48.86284637451172
hace,2,952320,-48.56068801879883
hace,2,954368,-48.15696334838867
hace,2,956416,-47.7241325378418
hace,2,958464,-47.2755126953125
hace,2,960512,-46.84724807739258
hace,2,962560,-46.412559509277344
hace,2,964608,-45.843238830566406
hace,2,966656,-45.22575378417969
hace,2,968704,-44.58627700805664
hace,2,970752,-43.92866516113281
hace,2,972800,-43.22406768798828
hace,2,974848,-42.5630989074707
hace,2,976896,-41.926246643066406
hace,2,978944,-41.33440399169922
hace,2,980992,-40.66620635986328
hace,2,983040,-40.01442337036133
hace,2,985088,-39.377052307128906
hace,2,987136,-38.71479034423828
hace,2,989184,-38.06095886230469
hace,2,991232,-37.56890106201172
hace,2,993280,-37.09431457519531
hace,2,995328,-36.61842727661133
hace,2,997376,-36.04285430908203
hace,2,999424,-35.4642333984375
hace,2,1001472,-34.85227966308594
hace,2,1003520,-34.29875564575195
pure_homeo,0,2048,-0.22637510299682617
pure_homeo,0,4096,-0.21968820691108704
pure_homeo,0,6144,-0.1480976939201355
pure_homeo,0,8192,-0.10230152308940887
pure_homeo,0,10240,-0.07980066537857056
pure_homeo,0,12288,-0.08941249549388885
pure_homeo,0,14336,-0.038465239107608795
pure_homeo,0,16384,-0.010343099012970924
pure_homeo,0,18432,-0.0036650218535214663
pure_homeo,0,20480,-0.012287990190088749
pure_homeo,0,22528,-0.010116050019860268
pure_homeo,0,24576,0.012669449672102928
pure_homeo,0,26624,0.012232569977641106
pure_homeo,0,28672,0.0208438690751791
pure_homeo,0,30720,0.03210709989070892
pure_homeo,0,32768,0.038249991834163666
pure_homeo,0,34816,0.031466469168663025
pure_homeo,0,36864,0.01830415055155754
pure_homeo,0,38912,0.01352727971971035
pure_homeo,0,40960,0.01998475007712841
pure_homeo,0,43008,0.024857930839061737
pure_homeo,0,45056,0.0031720399856567383
pure_homeo,0,47104,0.03780364990234375
pure_homeo,0,49152,0.05895886942744255
pure_homeo,0,51200,0.053974371403455734
pure_homeo,0,53248,0.04186490178108215
pure_homeo,0,55296,0.014880429953336716
pure_homeo,0,57344,0.01880005933344364
pure_homeo,0,59392,0.04940551891922951
pure_homeo,0,61440,0.05095117166638374
pure_homeo,0,63488,0.06410203129053116
pure_homeo,0,65536,0.07319608330726624
pure_homeo,0,67584,0.05191021040081978
pure_homeo,0,69632,0.04077880084514618
pure_homeo,0,71680,0.051523808389902115
pure_homeo,0,73728,0.049425430595874786
pure_homeo,0,75776,0.08482448011636734
pure_homeo,0,77824,0.08359736204147339
pure_homeo,0,79872,0.06552966684103012
pure_homeo,0,81920,0.06955315917730331
pure_homeo,0,83968,0.08499117195606232
pure_homeo,0,86016,0.06403812766075134
pure_homeo,0,88064,0.061150338500738144
pure_homeo,0,90112,0.05032794177532196
pure_homeo,0,92160,0.05585666000843048
pure_homeo,0,94208,0.05139840021729469
pure_homeo,0,96256,0.04884611815214157
pure_homeo,0,98304,0.06492482125759125
pure_homeo,0,100352,0.04213795065879822
pure_homeo,0,102400,0.04148935154080391
pure_homeo,0,104448,0.056032728403806686
pure_homeo,0,106496,0.07450176030397415
pure_homeo,0,108544,0.06936956942081451
pure_homeo,0,110592,0.046217210590839386
pure_homeo,0,112640,0.0466453991830349
pure_homeo,0,114688,0.06511913985013962
pure_homeo,0,116736,0.028471069410443306
pure_homeo,0,118784,0.04150601848959923
pure_homeo,0,120832,0.07933972775936127
pure_homeo,0,122880,0.06388816982507706
pure_homeo,0,124928,0.049067310988903046
pure_homeo,0,126976,0.018213730305433273
pure_homeo,0,129024,0.017891520634293556
pure_homeo,0,131072,0.0385061614215374
pure_homeo,0,133120,0.0039711399003863335
pure_homeo,0,135168,-0.008909610100090504
pure_homeo,0,137216,-0.0017910100286826491
pure_homeo,0,139264,-0.013131859712302685
pure_homeo,0,141312,-0.04861818999052048
pure_homeo,0,143360,-0.05182316154241562
pure_homeo,0,145408,-0.03569724038243294
pure_homeo,0,147456,0.02414179965853691
pure_homeo,0,149504,0.037287019193172455
pure_homeo,0,151552,0.04354261979460716
pure_homeo,0,153600,0.04512130096554756
pure_homeo,0,155648,0.06925737112760544
pure_homeo,0,157696,0.05406171828508377
pure_homeo,0,159744,0.053007010370492935
pure_homeo,0,161792,0.06659592688083649
pure_homeo,0,163840,0.056390080600976944
pure_homeo,0,165888,0.041926659643650055
pure_homeo,0,167936,0.00641873013228178
pure_homeo,0,169984,-0.0046784901060163975
pure_homeo,0,172032,-0.010020130313932896
pure_homeo,0,174080,-0.004460460040718317
pure_homeo,0,176128,-0.01343224011361599
pure_homeo,0,178176,-0.004094580188393593
pure_homeo,0,180224,0.003017950104549527
pure_homeo,0,182272,0.0150612099096179
pure_homeo,0,184320,0.00328532001003623
pure_homeo,0,186368,0.022746099159121513
pure_homeo,0,188416,0.047767240554094315
pure_homeo,0,190464,0.038391828536987305
pure_homeo,0,192512,0.04930907115340233
pure_homeo,0,194560,0.04599007964134216
pure_homeo,0,196608,0.06974101066589355
pure_homeo,0,198656,0.0618392713367939
pure_homeo,0,200704,0.05770847946405411
pure_homeo,0,202752,0.062315668910741806
pure_homeo,0,204800,0.05971106141805649
pure_homeo,0,206848,0.0494934506714344
pure_homeo,0,208896,0.03205367922782898
pure_homeo,0,210944,0.04808039963245392
pure_homeo,0,212992,0.028123579919338226
pure_homeo,0,215040,0.020921740680933
pure_homeo,0,217088,0.017008069902658463
pure_homeo,0,219136,0.020024370402097702
pure_homeo,0,221184,0.012356939725577831
pure_homeo,0,223232,-0.005178419873118401
pure_homeo,0,225280,0.004701749887317419
pure_homeo,0,227328,0.014989299699664116
pure_homeo,0,229376,0.010546009987592697
pure_homeo,0,231424,0.01258786953985691
pure_homeo,0,233472,0.029884830117225647
pure_homeo,0,235520,0.03779761865735054
pure_homeo,0,237568,0.02516762912273407
pure_homeo,0,239616,0.04328811913728714
pure_homeo,0,241664,0.07263872027397156
pure_homeo,0,243712,0.05785413086414337
pure_homeo,0,245760,0.044679541140794754
pure_homeo,0,247808,0.06634960323572159
pure_homeo,0,249856,0.08048047125339508
pure_homeo,0,251904,0.10898631811141968
pure_homeo,0,253952,0.1321839839220047
pure_homeo,0,256000,0.15470832586288452
pure_homeo,0,258048,0.176225483417511
pure_homeo,0,260096,0.19703009724617004
pure_homeo,0,262144,0.22640348970890045
pure_homeo,0,264192,0.2628377377986908
pure_homeo,0,266240,0.2910177707672119
pure_homeo,0,268288,0.29295143485069275
pure_homeo,0,270336,0.30882883071899414
pure_homeo,0,272384,0.2990128695964813
pure_homeo,0,274432,0.30523523688316345
pure_homeo,0,276480,0.3062259554862976
pure_homeo,0,278528,0.29536429047584534
pure_homeo,0,280576,0.2654581665992737
pure_homeo,0,282624,0.23905430734157562
pure_homeo,0,284672,0.22458423674106598
pure_homeo,0,286720,0.21580544114112854
pure_homeo,0,288768,0.21802668273448944
pure_homeo,0,290816,0.1991010159254074
pure_homeo,0,292864,0.1795015037059784
pure_homeo,0,294912,0.15417170524597168
pure_homeo,0,296960,0.1539677530527115
pure_homeo,0,299008,0.16236843168735504
pure_homeo,0,301056,0.177693173289299
pure_homeo,0,303104,0.1793927252292633
pure_homeo,0,305152,0.19737565517425537
pure_homeo,0,307200,0.20878027379512787
pure_homeo,0,2048,-0.22637510299682617
pure_homeo,0,4096,-0.21968820691108704
pure_homeo,0,6144,-0.1480976939201355
pure_homeo,0,8192,-0.10230152308940887
pure_homeo,0,10240,-0.07980066537857056
pure_homeo,0,12288,-0.08941249549388885
pure_homeo,0,14336,-0.038465239107608795
pure_homeo,0,16384,-0.010343099012970924
pure_homeo,0,18432,-0.0036650218535214663
pure_homeo,0,20480,-0.012287990190088749
pure_homeo,0,22528,-0.010116050019860268
pure_homeo,0,24576,0.012669449672102928
pure_homeo,0,26624,0.012232569977641106
pure_homeo,0,28672,0.0208438690751791
pure_homeo,0,30720,0.03210709989070892
pure_homeo,0,32768,0.010709320195019245
pure_homeo,0,34816,-0.022888459265232086
pure_homeo,0,36864,-0.055256761610507965
pure_homeo,0,38912,-0.06375498324632645
pure_homeo,0,40960,-0.04082120954990387
pure_homeo,0,43008,-0.036962930113077164
pure_homeo,0,45056,-0.06825827062129974
pure_homeo,0,47104,-0.05686983838677406
pure_homeo,0,49152,-0.06021473929286003
pure_homeo,0,51200,-0.029914259910583496
pure_homeo,0,53248,-0.03561808913946152
pure_homeo,0,55296,-0.02581224963068962
pure_homeo,0,57344,-0.05739172175526619
pure_homeo,0,59392,-0.029197189956903458
pure_homeo,0,61440,0.011616460047662258
pure_homeo,0,63488,0.029694920405745506
pure_homeo,0,65536,0.026753999292850494
pure_homeo,0,67584,0.030586300417780876
pure_homeo,0,69632,-0.0011766200186684728
pure_homeo,0,71680,-0.013789219781756401
pure_homeo,0,73728,0.018227020278573036
pure_homeo,0,75776,0.026330940425395966
pure_homeo,0,77824,0.03390683978796005
pure_homeo,0,79872,-0.0017561099957674742
pure_homeo,0,81920,-0.051898349076509476
pure_homeo,0,83968,-0.04267941042780876
pure_homeo,0,86016,-0.03467579185962677
pure_homeo,0,88064,-0.058329008519649506
pure_homeo,0,90112,-0.04621991142630577
pure_homeo,0,92160,-0.043124180287122726
pure_homeo,0,94208,-0.07425148040056229
pure_homeo,0,96256,-0.0691247284412384
pure_homeo,0,98304,-0.05522371828556061
pure_homeo,0,100352,-0.04334387183189392
pure_homeo,0,102400,-0.004541620146483183
pure_homeo,0,104448,-0.03799865022301674
pure_homeo,0,106496,-0.005755960009992123
pure_homeo,0,108544,0.00729965977370739
pure_homeo,0,110592,0.01664917916059494
pure_homeo,0,112640,0.00829814001917839
pure_homeo,0,114688,0.029113419353961945
pure_homeo,0,116736,0.03098132088780403
pure_homeo,0,118784,0.002848660107702017
pure_homeo,0,120832,0.011762809939682484
pure_homeo,0,122880,-0.0097199697047472
pure_homeo,0,124928,-0.013965750113129616
pure_homeo,0,126976,-0.030214769765734673
pure_homeo,0,129024,-0.023525439202785492
pure_homeo,0,131072,-0.012010280042886734
pure_homeo,0,133120,-0.012797679752111435
pure_homeo,0,135168,-0.0002216300053987652
pure_homeo,0,137216,0.0016667100135236979
pure_homeo,0,139264,-0.012909770011901855
pure_homeo,0,141312,-0.03871177136898041
pure_homeo,0,143360,-0.021308209747076035
pure_homeo,0,145408,-0.02507820911705494
pure_homeo,0,147456,-0.033300869166851044
pure_homeo,0,149504,-0.014661929570138454
pure_homeo,0,151552,-0.02560259960591793
pure_homeo,0,153600,-0.021275589242577553
pure_homeo,0,155648,-0.03219000995159149
pure_homeo,0,157696,-0.05262494087219238
pure_homeo,0,159744,-0.04966156184673309
pure_homeo,0,161792,-0.04244381934404373
pure_homeo,0,163840,-0.04269548878073692
pure_homeo,0,165888,-0.02270852029323578
pure_homeo,0,167936,-0.014517810195684433
pure_homeo,0,169984,-0.02098008058965206
pure_homeo,0,172032,-0.0031336599495261908
pure_homeo,0,174080,0.014235099777579308
pure_homeo,0,176128,0.020268160849809647
pure_homeo,0,178176,0.04401335120201111
pure_homeo,0,180224,0.06785573065280914
pure_homeo,0,182272,0.10094127804040909
pure_homeo,0,184320,0.11286483705043793
pure_homeo,0,186368,0.10091552138328552
pure_homeo,0,188416,0.088092140853405
pure_homeo,0,190464,0.09348592907190323
pure_homeo,0,192512,0.09865833818912506
pure_homeo,0,194560,0.10812757164239883
pure_homeo,0,196608,0.11684191226959229
pure_homeo,0,198656,0.12635037302970886
pure_homeo,0,200704,0.13126324117183685
pure_homeo,0,202752,0.14790205657482147
pure_homeo,0,204800,0.1802547574043274
pure_homeo,0,206848,0.21146255731582642
pure_homeo,0,208896,0.26190587878227234
pure_homeo,0,210944,0.28234848380088806
pure_homeo,0,212992,0.3041629493236542
pure_homeo,0,215040,0.3167765736579895
pure_homeo,0,217088,0.35313597321510315
pure_homeo,0,219136,0.3841659426689148
pure_homeo,0,221184,0.38138067722320557
pure_homeo,0,223232,0.39203569293022156
pure_homeo,0,225280,0.38362279534339905
pure_homeo,0,227328,0.37821006774902344
pure_homeo,0,229376,0.3777036964893341
pure_homeo,0,231424,0.3864316940307617
pure_homeo,0,233472,0.40623095631599426
pure_homeo,0,235520,0.4226261079311371
pure_homeo,0,237568,0.41224998235702515
pure_homeo,0,239616,0.4241825044155121
pure_homeo,0,241664,0.42732036113739014
pure_homeo,0,243712,0.41396206617355347
pure_homeo,0,245760,0.41660383343696594
pure_homeo,0,247808,0.4066478908061981
pure_homeo,0,249856,0.41143375635147095
pure_homeo,0,251904,0.4051135778427124
pure_homeo,0,253952,0.4015228748321533
pure_homeo,0,256000,0.40095406770706177
pure_homeo,0,258048,0.4161817729473114
pure_homeo,0,260096,0.40856438875198364
pure_homeo,0,262144,0.4248787462711334
pure_homeo,0,264192,0.4439244866371155
pure_homeo,0,266240,0.45072317123413086
pure_homeo,0,268288,0.4685973525047302
pure_homeo,0,270336,0.48092249035835266
pure_homeo,0,272384,0.486337810754776
pure_homeo,0,274432,0.49736958742141724
pure_homeo,0,276480,0.4987418055534363
pure_homeo,0,278528,0.5094131231307983
pure_homeo,0,280576,0.5175517797470093
pure_homeo,0,282624,0.5274601578712463
pure_homeo,0,284672,0.5361413359642029
pure_homeo,0,286720,0.5462459325790405
pure_homeo,0,288768,0.5698431134223938
pure_homeo,0,290816,0.5682737231254578
pure_homeo,0,292864,0.5889607071876526
pure_homeo,0,294912,0.6057835221290588
pure_homeo,0,296960,0.6156420111656189
pure_homeo,0,299008,0.6303850412368774
pure_homeo,0,301056,0.6601361632347107
pure_homeo,0,303104,0.675445020198822
pure_homeo,0,305152,0.6902082562446594
pure_homeo,0,307200,0.6921030282974243
pure_homeo,0,309248,0.6981605887413025
pure_homeo,0,311296,0.7261800169944763
pure_homeo,0,313344,0.7307324409484863
pure_homeo,0,315392,0.7396378517150879
pure_homeo,0,317440,0.7605204582214355
pure_homeo,0,319488,0.7746856808662415
pure_homeo,0,321536,0.7835415005683899
pure_homeo,0,323584,0.7890548706054688
pure_homeo,0,325632,0.8021625280380249
pure_homeo,0,327680,0.8204279541969299
pure_homeo,0,329728,0.8373836874961853
pure_homeo,0,331776,0.8396347165107727
pure_homeo,0,333824,0.8591934442520142
pure_homeo,0,335872,0.8664643168449402
pure_homeo,0,337920,0.8774520754814148
pure_homeo,0,339968,0.8869001865386963
pure_homeo,0,342016,0.8979679942131042
pure_homeo,0,344064,0.9027143716812134
pure_homeo,0,346112,0.9132177233695984
pure_homeo,0,348160,0.9094021916389465
pure_homeo,0,350208,0.9119554758071899
pure_homeo,0,352256,0.9179880023002625
pure_homeo,0,354304,0.9202300310134888
pure_homeo,0,356352,0.9296556711196899
pure_homeo,0,358400,0.9245718717575073
pure_homeo,0,360448,0.9211257696151733
pure_homeo,0,362496,0.927591860294342
pure_homeo,0,364544,0.934727132320404
pure_homeo,0,366592,0.9491163492202759
pure_homeo,0,368640,0.9663602113723755
pure_homeo,0,370688,0.9779694080352783
pure_homeo,0,372736,0.9971163868904114
pure_homeo,0,374784,1.007017731666565
pure_homeo,0,376832,1.0129547119140625
pure_homeo,0,378880,1.0287505388259888
pure_homeo,0,380928,1.0501724481582642
pure_homeo,0,382976,1.0564862489700317
pure_homeo,0,385024,1.0571262836456299
pure_homeo,0,387072,1.0649824142456055
pure_homeo,0,389120,1.077065110206604
pure_homeo,0,391168,1.086661696434021
pure_homeo,0,393216,1.0892542600631714
pure_homeo,0,395264,1.0988625288009644
pure_homeo,0,397312,1.1052920818328857
pure_homeo,0,399360,1.120883584022522
pure_homeo,0,401408,1.1228837966918945
pure_homeo,0,403456,1.1140129566192627
pure_homeo,0,405504,1.1081568002700806
pure_homeo,0,407552,1.1024032831192017
pure_homeo,0,409600,1.0910955667495728
pure_homeo,0,411648,1.078489899635315
pure_homeo,0,413696,1.0662544965744019
pure_homeo,0,415744,1.0556354522705078
pure_homeo,0,417792,1.0520495176315308
pure_homeo,0,419840,1.0394991636276245
pure_homeo,0,421888,1.0404016971588135
pure_homeo,0,423936,1.0579200983047485
pure_homeo,0,425984,1.0633128881454468
pure_homeo,0,428032,1.0616039037704468
pure_homeo,0,430080,1.0657225847244263
pure_homeo,0,432128,1.0621337890625
pure_homeo,0,434176,1.079118251800537
pure_homeo,0,436224,1.0930951833724976
pure_homeo,0,438272,1.095854640007019
pure_homeo,0,440320,1.0958600044250488
pure_homeo,0,442368,1.0965898036956787
pure_homeo,0,444416,1.0992847681045532
pure_homeo,0,446464,1.1112433671951294
pure_homeo,0,448512,1.115574836730957
pure_homeo,0,450560,1.1144874095916748
pure_homeo,0,452608,1.1187471151351929
pure_homeo,0,454656,1.106623649597168
pure_homeo,0,456704,1.0994226932525635
pure_homeo,0,458752,1.106049656867981
pure_homeo,0,460800,1.109886646270752
pure_homeo,0,462848,1.110658049583435
pure_homeo,0,464896,1.103669285774231
pure_homeo,0,466944,1.089829921722412
pure_homeo,0,468992,1.0861455202102661
pure_homeo,0,471040,1.0859262943267822
pure_homeo,0,473088,1.0781432390213013
pure_homeo,0,475136,1.0685817003250122
pure_homeo,0,477184,1.0655943155288696
pure_homeo,0,479232,1.051012396812439
pure_homeo,0,481280,1.0363904237747192
pure_homeo,0,483328,1.026650309562683
pure_homeo,0,485376,1.028130292892456
pure_homeo,0,487424,1.028761386871338
pure_homeo,0,489472,1.0275309085845947
pure_homeo,0,491520,1.0301498174667358
pure_homeo,0,493568,1.0334124565124512
pure_homeo,0,495616,1.040482997894287
pure_homeo,0,497664,1.038924217224121
pure_homeo,0,499712,1.041919231414795
pure_homeo,0,501760,1.056117057800293
pure_homeo,0,503808,1.066025733947754
pure_homeo,0,505856,1.0665510892868042
pure_homeo,0,507904,1.0782848596572876
pure_homeo,0,509952,1.0855821371078491
pure_homeo,0,512000,1.0889784097671509
pure_homeo,0,514048,1.096744179725647
pure_homeo,0,516096,1.1033637523651123
pure_homeo,0,518144,1.1130423545837402
pure_homeo,0,520192,1.1207350492477417
pure_homeo,0,522240,1.1258735656738281
pure_homeo,0,524288,1.136522650718689
pure_homeo,0,526336,1.1446222066879272
pure_homeo,0,528384,1.1434571743011475
pure_homeo,0,530432,1.1475491523742676
pure_homeo,0,532480,1.151405692100525
pure_homeo,0,534528,1.1534316539764404
pure_homeo,0,536576,1.159605622291565
pure_homeo,0,538624,1.1610301733016968
pure_homeo,0,540672,1.1603032350540161
pure_homeo,0,542720,1.1583056449890137
pure_homeo,0,544768,1.1528358459472656
pure_homeo,0,546816,1.1505613327026367
pure_homeo,0,548864,1.1549309492111206
pure_homeo,0,550912,1.15156090259552
pure_homeo,0,552960,1.1510450839996338
pure_homeo,0,555008,1.155441164970398
pure_homeo,0,557056,1.1524008512496948
pure_homeo,0,559104,1.1531561613082886
pure_homeo,0,561152,1.1537564992904663
pure_homeo,0,563200,1.1517819166183472
pure_homeo,0,565248,1.154227614402771
pure_homeo,0,567296,1.1608357429504395
pure_homeo,0,569344,1.1593232154846191
pure_homeo,0,571392,1.1657589673995972
pure_homeo,0,573440,1.1684399843215942
pure_homeo,0,575488,1.1673551797866821
pure_homeo,0,577536,1.1666592359542847
pure_homeo,0,579584,1.1679151058197021
pure_homeo,0,581632,1.1699461936950684
pure_homeo,0,583680,1.1744290590286255
pure_homeo,0,585728,1.1746691465377808
pure_homeo,0,587776,1.1697416305541992
pure_homeo,0,589824,1.167803406715393
pure_homeo,0,591872,1.1618866920471191
pure_homeo,0,593920,1.1555216312408447
pure_homeo,0,595968,1.1516846418380737
pure_homeo,0,598016,1.1499487161636353
pure_homeo,0,600064,1.1457982063293457
pure_homeo,0,602112,1.144264817237854
pure_homeo,0,604160,1.0971312522888184
pure_homeo,0,606208,1.0513838529586792
pure_homeo,0,608256,1.0127116441726685
pure_homeo,0,610304,0.9731583595275879
pure_homeo,0,612352,0.9288274645805359
pure_homeo,0,614400,0.8918190002441406
pure_homeo,0,616448,0.8533209562301636
pure_homeo,0,618496,0.8079593181610107
pure_homeo,0,620544,0.7653178572654724
pure_homeo,0,622592,0.7347375750541687
pure_homeo,0,624640,0.7404046654701233
pure_homeo,0,626688,0.7416529059410095
pure_homeo,0,628736,0.7384803891181946
pure_homeo,0,630784,0.7401136755943298
pure_homeo,0,632832,0.73618483543396
pure_homeo,0,634880,0.7350379824638367
pure_homeo,0,636928,0.7351780533790588
pure_homeo,0,638976,0.7360705137252808
pure_homeo,0,641024,0.7308085560798645
pure_homeo,0,643072,0.7260735630989075
pure_homeo,0,645120,0.7220565676689148
pure_homeo,0,647168,0.7182756662368774
pure_homeo,0,649216,0.7100883722305298
pure_homeo,0,651264,0.7083427309989929
pure_homeo,0,653312,0.6993322968482971
pure_homeo,0,655360,0.6945869326591492
pure_homeo,0,657408,0.6904635429382324
pure_homeo,0,659456,0.6823018789291382
pure_homeo,0,661504,0.6738848090171814
pure_homeo,0,663552,0.6660336256027222
pure_homeo,0,665600,0.658337414264679
pure_homeo,0,667648,0.6546486020088196
pure_homeo,0,669696,0.6530059576034546
pure_homeo,0,671744,0.6485903263092041
pure_homeo,0,673792,0.6508812308311462
pure_homeo,0,675840,0.6516963243484497
pure_homeo,0,677888,0.6522204279899597
pure_homeo,0,679936,0.6622143983840942
pure_homeo,0,681984,0.667762815952301
pure_homeo,0,684032,0.6713840365409851
pure_homeo,0,686080,0.6738555431365967
pure_homeo,0,688128,0.6738494634628296
pure_homeo,0,690176,0.6721301078796387
pure_homeo,0,692224,0.6704516410827637
pure_homeo,0,694272,0.6658086180686951
pure_homeo,0,696320,0.6592478156089783
pure_homeo,0,698368,0.649904191493988
pure_homeo,0,700416,0.6420415043830872
pure_homeo,0,702464,0.6380212306976318
pure_homeo,0,704512,0.61838299036026
pure_homeo,0,706560,0.602685272693634
pure_homeo,0,708608,0.5855321288108826
pure_homeo,0,710656,0.5695436596870422
pure_homeo,0,712704,0.550954282283783
pure_homeo,0,714752,0.5328482389450073
pure_homeo,0,716800,0.5181058645248413
pure_homeo,0,718848,0.5051885843276978
pure_homeo,0,720896,0.49045199155807495
pure_homeo,0,722944,0.48326748609542847
pure_homeo,0,724992,0.48509952425956726
pure_homeo,0,727040,0.4821879267692566
pure_homeo,0,729088,0.48010894656181335
pure_homeo,0,731136,0.48196661472320557
pure_homeo,0,733184,0.4826655983924866
pure_homeo,0,735232,0.4840932786464691
pure_homeo,0,737280,0.4834393262863159
pure_homeo,0,739328,0.4776547849178314
pure_homeo,0,741376,0.473855584859848
pure_homeo,0,743424,0.46915823221206665
pure_homeo,0,745472,0.4671388864517212
pure_homeo,0,747520,0.4689066708087921
pure_homeo,0,749568,0.4683413505554199
pure_homeo,0,751616,0.4683491289615631
pure_homeo,0,753664,0.4655894637107849
pure_homeo,0,755712,0.46823596954345703
pure_homeo,0,757760,0.47252362966537476
pure_homeo,0,759808,0.47874516248703003
pure_homeo,0,761856,0.4820980727672577
pure_homeo,0,763904,0.48696160316467285
pure_homeo,0,765952,0.4934820532798767
pure_homeo,0,768000,0.49984002113342285
pure_homeo,0,770048,0.5073581337928772
pure_homeo,0,772096,0.5116608142852783
pure_homeo,0,774144,0.5181249380111694
pure_homeo,0,776192,0.520576536655426
pure_homeo,0,778240,0.5229332447052002
pure_homeo,0,780288,0.5220317840576172
pure_homeo,0,782336,0.5281633734703064
pure_homeo,0,784384,0.5270795226097107
pure_homeo,0,786432,0.5268123745918274
pure_homeo,0,788480,0.5244851112365723
pure_homeo,0,790528,0.5217479467391968
pure_homeo,0,792576,0.5234795808792114
pure_homeo,0,794624,0.5213732719421387
pure_homeo,0,796672,0.5227004885673523
pure_homeo,0,798720,0.5245658755302429
pure_homeo,0,800768,0.5277373790740967
pure_homeo,0,802816,0.5327177047729492
pure_homeo,0,804864,0.6258113980293274
pure_homeo,0,806912,0.7167922854423523
pure_homeo,0,808960,0.8123641014099121
pure_homeo,0,811008,0.9065024256706238
pure_homeo,0,813056,1.0107271671295166
pure_homeo,0,815104,1.10660982131958
pure_homeo,0,817152,1.200977087020874
pure_homeo,0,819200,1.2954225540161133
pure_homeo,0,821248,1.395592451095581
pure_homeo,0,823296,1.4692955017089844
pure_homeo,0,825344,1.4704715013504028
pure_homeo,0,827392,1.47397780418396
pure_homeo,0,829440,1.4786139726638794
pure_homeo,0,831488,1.4807175397872925
pure_homeo,0,833536,1.4811110496520996
pure_homeo,0,835584,1.481303095817566
pure_homeo,0,837632,1.4818516969680786
pure_homeo,0,839680,1.4821523427963257
pure_homeo,0,841728,1.4841769933700562
pure_homeo,0,843776,1.4829591512680054
pure_homeo,0,845824,1.4820160865783691
pure_homeo,0,847872,1.480221152305603
pure_homeo,0,849920,1.4800297021865845
pure_homeo,0,851968,1.4806240797042847
pure_homeo,0,854016,1.4806060791015625
pure_homeo,0,856064,1.480865240097046
pure_homeo,0,858112,1.481276035308838
pure_homeo,0,860160,1.4811793565750122
pure_homeo,0,862208,1.480375051498413
pure_homeo,0,864256,1.4836478233337402
pure_homeo,0,866304,1.485278844833374
pure_homeo,0,868352,1.4859730005264282
pure_homeo,0,870400,1.4859248399734497
pure_homeo,0,872448,1.4852321147918701
pure_homeo,0,874496,1.4863733053207397
pure_homeo,0,876544,1.4867483377456665
pure_homeo,0,878592,1.486670732498169
pure_homeo,0,880640,1.4868037700653076
pure_homeo,0,882688,1.4854680299758911
pure_homeo,0,884736,1.4852488040924072
pure_homeo,0,886784,1.4846558570861816
pure_homeo,0,888832,1.4839116334915161
pure_homeo,0,890880,1.4833203554153442
pure_homeo,0,892928,1.4845160245895386
pure_homeo,0,894976,1.4843518733978271
pure_homeo,0,897024,1.4857943058013916
pure_homeo,0,899072,1.4850528240203857
pure_homeo,0,901120,1.4848487377166748
pure_homeo,0,903168,1.4842948913574219
pure_homeo,0,905216,1.4212024211883545
pure_homeo,0,907264,1.3623720407485962
pure_homeo,0,909312,1.3026677370071411
pure_homeo,0,911360,1.2423192262649536
pure_homeo,0,913408,1.17576003074646
pure_homeo,0,915456,1.1149508953094482
pure_homeo,0,917504,1.0512902736663818
pure_homeo,0,919552,0.9876986742019653
pure_homeo,0,921600,0.9184587001800537
pure_homeo,0,923648,0.8670245409011841
pure_homeo,0,925696,0.8661782741546631
pure_homeo,0,927744,0.8631300330162048
pure_homeo,0,929792,0.8610628247261047
pure_homeo,0,931840,0.8590051531791687
pure_homeo,0,933888,0.8573462963104248
pure_homeo,0,935936,0.8549567461013794
pure_homeo,0,937984,0.8580064177513123
pure_homeo,0,940032,0.8621209859848022
pure_homeo,0,942080,0.8650131225585938
pure_homeo,0,944128,0.8707882165908813
pure_homeo,0,946176,0.8746969103813171
pure_homeo,0,948224,0.8783752918243408
pure_homeo,0,950272,0.877759575843811
pure_homeo,0,952320,0.8810367584228516
pure_homeo,0,954368,0.8844808340072632
pure_homeo,0,956416,0.8876042366027832
pure_homeo,0,958464,0.8878969550132751
pure_homeo,0,960512,0.8872776031494141
pure_homeo,0,962560,0.8898745179176331
pure_homeo,0,964608,0.8887484669685364
pure_homeo,0,966656,0.8854531645774841
pure_homeo,0,968704,0.8854984641075134
pure_homeo,0,970752,0.8882002234458923
pure_homeo,0,972800,0.8865547180175781
pure_homeo,0,974848,0.8827661275863647
pure_homeo,0,976896,0.8800276517868042
pure_homeo,0,978944,0.8755091428756714
pure_homeo,0,980992,0.8739176392555237
pure_homeo,0,983040,0.8691385388374329
pure_homeo,0,985088,0.8637576699256897
pure_homeo,0,987136,0.8607085943222046
pure_homeo,0,989184,0.8545581698417664
pure_homeo,0,991232,0.8495980501174927
pure_homeo,0,993280,0.8442944288253784
pure_homeo,0,995328,0.8409017324447632
pure_homeo,0,997376,0.8391327261924744
pure_homeo,0,999424,0.8383380770683289
pure_homeo,0,1001472,0.8368253111839294
pure_homeo,0,1003520,0.8382696509361267
pure_homeo,1,2048,0.08011700212955475
pure_homeo,1,4096,0.08743514865636826
pure_homeo,1,6144,-0.03968023508787155
pure_homeo,1,8192,-0.019093824550509453
pure_homeo,1,10240,-0.04898233339190483
pure_homeo,1,12288,-0.02100275456905365
pure_homeo,1,14336,-0.06600996106863022
pure_homeo,1,16384,-0.05918507277965546
pure_homeo,1,18432,-0.0686572939157486
pure_homeo,1,20480,-0.10247060656547546
pure_homeo,1,22528,-0.10968805104494095
pure_homeo,1,24576,-0.11280415207147598
pure_homeo,1,26624,-0.09795915335416794
pure_homeo,1,28672,-0.11372391134500504
pure_homeo,1,30720,-0.10982444137334824
pure_homeo,1,32768,-0.14075422286987305
pure_homeo,1,34816,-0.12035337835550308
pure_homeo,1,36864,-0.09778846800327301
pure_homeo,1,38912,-0.09274467080831528
pure_homeo,1,40960,-0.06051265820860863
pure_homeo,1,43008,-0.06724756211042404
pure_homeo,1,45056,-0.07396289706230164
pure_homeo,1,47104,-0.06037906929850578
pure_homeo,1,49152,-0.07083091139793396
pure_homeo,1,51200,-0.047332920134067535
pure_homeo,1,53248,-0.038977570831775665
pure_homeo,1,55296,-0.028457390144467354
pure_homeo,1,57344,-0.027967149391770363
pure_homeo,1,59392,-0.05128772184252739
pure_homeo,1,61440,-0.038808178156614304
pure_homeo,1,63488,-0.024276860058307648
pure_homeo,1,65536,-0.01042866986244917
pure_homeo,1,67584,-0.0175637099891901
pure_homeo,1,69632,-0.03449365124106407
pure_homeo,1,71680,-0.011943429708480835
pure_homeo,1,73728,-0.02257625013589859
pure_homeo,1,75776,-0.06044778972864151
pure_homeo,1,77824,-0.04396894946694374
pure_homeo,1,79872,-0.0027874100487679243
pure_homeo,1,81920,-0.013445460237562656
pure_homeo,1,83968,-0.03379505127668381
pure_homeo,1,86016,-0.03896297886967659
pure_homeo,1,88064,-0.04856529086828232
pure_homeo,1,90112,-0.06791692972183228
pure_homeo,1,92160,-0.04894743114709854
pure_homeo,1,94208,-0.02729704976081848
pure_homeo,1,96256,0.009105689823627472
pure_homeo,1,98304,-0.006969139911234379
pure_homeo,1,100352,-0.041102319955825806
pure_homeo,1,102400,-0.030702069401741028
pure_homeo,1,104448,-0.024768870323896408
pure_homeo,1,106496,-0.04682179167866707
pure_homeo,1,108544,-0.04323381185531616
pure_homeo,1,110592,-0.01747898943722248
pure_homeo,1,112640,-0.0034404699690639973
pure_homeo,1,114688,0.017478549852967262
pure_homeo,1,116736,-0.0012542200274765491
pure_homeo,1,118784,0.04491608962416649
pure_homeo,1,120832,0.043567899614572525
pure_homeo,1,122880,0.022127589210867882
pure_homeo,1,124928,0.02572621963918209
pure_homeo,1,126976,0.0351925790309906
pure_homeo,1,129024,0.039743270725011826
pure_homeo,1,131072,0.0238006804138422
pure_homeo,1,133120,0.0017302200431004167
pure_homeo,1,135168,-0.03114463947713375
pure_homeo,1,137216,-0.026622790843248367
pure_homeo,1,139264,-0.034587498754262924
pure_homeo,1,141312,-0.032941609621047974
pure_homeo,1,143360,-0.016909319907426834
pure_homeo,1,145408,0.01156590972095728
pure_homeo,1,147456,0.014361820183694363
pure_homeo,1,149504,0.028968650847673416
pure_homeo,1,151552,0.04023566097021103
pure_homeo,1,153600,0.05504560098052025
pure_homeo,1,155648,0.062419530004262924
pure_homeo,1,157696,0.06313765048980713
pure_homeo,1,159744,0.05894896015524864
pure_homeo,1,161792,0.07755807787179947
pure_homeo,1,163840,0.08995553851127625
pure_homeo,1,165888,0.08419852703809738
pure_homeo,1,167936,0.07815098762512207
pure_homeo,1,169984,0.08626072108745575
pure_homeo,1,172032,0.08178277313709259
pure_homeo,1,174080,0.0889129489660263
pure_homeo,1,176128,0.0908316820859909
pure_homeo,1,178176,0.09590557217597961
pure_homeo,1,180224,0.0818721130490303
pure_homeo,1,182272,0.06993071734905243
pure_homeo,1,184320,0.055495280772447586
pure_homeo,1,186368,0.0604039803147316
pure_homeo,1,188416,0.04338333010673523
pure_homeo,1,190464,0.0489286407828331
pure_homeo,1,192512,0.05676551163196564
pure_homeo,1,194560,0.020158719271421432
pure_homeo,1,196608,0.010169779881834984
pure_homeo,1,198656,0.0218044500797987
pure_homeo,1,200704,0.01240701973438263
pure_homeo,1,202752,0.01838693954050541
pure_homeo,1,204800,0.016710860654711723
pure_homeo,1,206848,0.020689180120825768
pure_homeo,1,208896,0.03982846066355705
pure_homeo,1,210944,0.03629098832607269
pure_homeo,1,212992,0.04844629019498825
pure_homeo,1,215040,0.08007627725601196
pure_homeo,1,217088,0.07393208891153336
pure_homeo,1,219136,0.0932743176817894
pure_homeo,1,221184,0.09971883893013
pure_homeo,1,223232,0.09245850145816803
pure_homeo,1,225280,0.08319661766290665
pure_homeo,1,227328,0.07521667331457138
pure_homeo,1,229376,0.06867668032646179
pure_homeo,1,231424,0.060578230768442154
pure_homeo,1,233472,0.055734239518642426
pure_homeo,1,235520,0.03698806092143059
pure_homeo,1,237568,0.03782283142209053
pure_homeo,1,239616,0.04359433054924011
pure_homeo,1,241664,0.03808806091547012
pure_homeo,1,243712,0.06491941213607788
pure_homeo,1,245760,0.07238979637622833
pure_homeo,1,247808,0.08727601170539856
pure_homeo,1,249856,0.09932708740234375
pure_homeo,1,251904,0.1064627394080162
pure_homeo,1,253952,0.12372487038373947
pure_homeo,1,256000,0.14246457815170288
pure_homeo,1,258048,0.151075541973114
pure_homeo,1,260096,0.15714773535728455
pure_homeo,1,262144,0.166055828332901
pure_homeo,1,264192,0.16502365469932556
pure_homeo,1,266240,0.16495312750339508
pure_homeo,1,268288,0.17729227244853973
pure_homeo,1,270336,0.1695231944322586
pure_homeo,1,272384,0.17298752069473267
pure_homeo,1,274432,0.16554784774780273
pure_homeo,1,276480,0.1687394678592682
pure_homeo,1,278528,0.18496176600456238
pure_homeo,1,280576,0.19591660797595978
pure_homeo,1,282624,0.19167086482048035
pure_homeo,1,284672,0.20881851017475128
pure_homeo,1,286720,0.2197009027004242
pure_homeo,1,288768,0.22940124571323395
pure_homeo,1,290816,0.24376600980758667
pure_homeo,1,292864,0.25445324182510376
pure_homeo,1,294912,0.2729663550853729
pure_homeo,1,296960,0.27734094858169556
pure_homeo,1,299008,0.2645476460456848
pure_homeo,1,301056,0.2799893021583557
pure_homeo,1,303104,0.29258549213409424
pure_homeo,1,305152,0.31116870045661926
pure_homeo,1,307200,0.3254634439945221
pure_homeo,1,309248,0.3376201391220093
pure_homeo,1,311296,0.3557078540325165
pure_homeo,1,313344,0.36779654026031494
pure_homeo,1,315392,0.3711409866809845
pure_homeo,1,317440,0.38107651472091675
pure_homeo,1,319488,0.38925912976264954
pure_homeo,1,321536,0.3896028399467468
pure_homeo,1,323584,0.39406347274780273
pure_homeo,1,325632,0.38656604290008545
pure_homeo,1,327680,0.37924978137016296
pure_homeo,1,329728,0.3652705252170563
pure_homeo,1,331776,0.3631678819656372
pure_homeo,1,333824,0.3585478961467743
pure_homeo,1,335872,0.360126793384552
pure_homeo,1,337920,0.36278247833251953
pure_homeo,1,339968,0.37608781456947327
pure_homeo,1,342016,0.38077858090400696
pure_homeo,1,344064,0.38203394412994385
pure_homeo,1,346112,0.388639897108078
pure_homeo,1,348160,0.3982362747192383
pure_homeo,1,350208,0.4071067273616791
pure_homeo,1,352256,0.41398072242736816
pure_homeo,1,354304,0.4220660924911499
pure_homeo,1,356352,0.4206382632255554
pure_homeo,1,358400,0.40803050994873047
pure_homeo,1,360448,0.39983847737312317
pure_homeo,1,362496,0.4062630534172058
pure_homeo,1,364544,0.4096358120441437
pure_homeo,1,366592,0.4000782072544098
pure_homeo,1,368640,0.39734533429145813
pure_homeo,1,370688,0.3928757607936859
pure_homeo,1,372736,0.3870967626571655
pure_homeo,1,374784,0.388714462518692
pure_homeo,1,376832,0.3867226243019104
pure_homeo,1,378880,0.4059450030326843
pure_homeo,1,380928,0.4122322201728821
pure_homeo,1,382976,0.4151821732521057
pure_homeo,1,385024,0.418292373418808
pure_homeo,1,387072,0.42565813660621643
pure_homeo,1,389120,0.43555042147636414
pure_homeo,1,391168,0.43865838646888733
pure_homeo,1,393216,0.45302438735961914
pure_homeo,1,395264,0.4686468839645386
pure_homeo,1,397312,0.4835459291934967
pure_homeo,1,399360,0.4908839762210846
pure_homeo,1,401408,0.49554774165153503
pure_homeo,1,403456,0.44215086102485657
pure_homeo,1,405504,0.39146846532821655
pure_homeo,1,407552,0.34365683794021606
pure_homeo,1,409600,0.296892911195755
pure_homeo,1,411648,0.23958633840084076
pure_homeo,1,413696,0.18055103719234467
pure_homeo,1,415744,0.1286689192056656
pure_homeo,1,417792,0.06899800151586533
pure_homeo,1,419840,0.009228839538991451
pure_homeo,1,421888,-0.04137236997485161
pure_homeo,1,423936,-0.038910869508981705
pure_homeo,1,425984,-0.03675663843750954
pure_homeo,1,428032,-0.03942357003688812
pure_homeo,1,430080,-0.03274216130375862
pure_homeo,1,432128,-0.037602830678224564
pure_homeo,1,434176,-0.03585712984204292
pure_homeo,1,436224,-0.04044707119464874
pure_homeo,1,438272,-0.03922681137919426
pure_homeo,1,440320,-0.039526358246803284
pure_homeo,1,442368,-0.03621891885995865
pure_homeo,1,444416,-0.032371241599321365
pure_homeo,1,446464,-0.02774330973625183
pure_homeo,1,448512,-0.024604149162769318
pure_homeo,1,450560,-0.02800936996936798
pure_homeo,1,452608,-0.016090359538793564
pure_homeo,1,454656,-0.014942970126867294
pure_homeo,1,456704,-0.007493270095437765
pure_homeo,1,458752,-0.00258881994523108
pure_homeo,1,460800,0.0004889100091531873
pure_homeo,1,462848,0.002076100092381239
pure_homeo,1,464896,0.0052956100553274155
pure_homeo,1,466944,0.004843110218644142
pure_homeo,1,468992,0.009065790101885796
pure_homeo,1,471040,0.011681940406560898
pure_homeo,1,473088,0.006242610048502684
pure_homeo,1,475136,0.004915849771350622
pure_homeo,1,477184,0.005817919969558716
pure_homeo,1,479232,0.0016919500194489956
pure_homeo,1,481280,0.002688300097361207
pure_homeo,1,483328,0.007377869915217161
pure_homeo,1,485376,0.008404009975492954
pure_homeo,1,487424,0.01189608033746481
pure_homeo,1,489472,0.01604481041431427
pure_homeo,1,491520,0.021092960610985756
pure_homeo,1,493568,0.029284939169883728
pure_homeo,1,495616,0.040252361446619034
pure_homeo,1,497664,0.04810101166367531
pure_homeo,1,499712,0.05799093097448349
pure_homeo,1,501760,0.06306669861078262
pure_homeo,1,503808,0.07247716188430786
pure_homeo,1,505856,0.0798429623246193
pure_homeo,1,507904,0.08420225232839584
pure_homeo,1,509952,0.0897606685757637
pure_homeo,1,512000,0.0970047265291214
pure_homeo,1,514048,0.09858447313308716
pure_homeo,1,516096,0.09778382629156113
pure_homeo,1,518144,0.0994182676076889
pure_homeo,1,520192,0.09989993274211884
pure_homeo,1,522240,0.10035926103591919
pure_homeo,1,524288,0.09851240366697311
pure_homeo,1,526336,0.10260012000799179
pure_homeo,1,528384,0.1040976494550705
pure_homeo,1,530432,0.10364130884408951
pure_homeo,1,532480,0.10159605741500854
pure_homeo,1,534528,0.10457213968038559
pure_homeo,1,536576,0.1105334535241127
pure_homeo,1,538624,0.11193837970495224
pure_homeo,1,540672,0.11662912368774414
pure_homeo,1,542720,0.11793769896030426
pure_homeo,1,544768,0.11830353736877441
pure_homeo,1,546816,0.12171027809381485
pure_homeo,1,548864,0.1200777068734169
pure_homeo,1,550912,0.1224810928106308
pure_homeo,1,552960,0.11904644221067429
pure_homeo,1,555008,0.12143897265195847
pure_homeo,1,557056,0.11787600070238113
pure_homeo,1,559104,0.1185908392071724
pure_homeo,1,561152,0.11795108765363693
pure_homeo,1,563200,0.11953990906476974
pure_homeo,1,565248,0.1204381212592125
pure_homeo,1,567296,0.11775031685829163
pure_homeo,1,569344,0.11780323833227158
pure_homeo,1,571392,0.11859022825956345
pure_homeo,1,573440,0.11960715800523758
pure_homeo,1,575488,0.11976072937250137
pure_homeo,1,577536,0.12274608016014099
pure_homeo,1,579584,0.12401100248098373
pure_homeo,1,581632,0.12606458365917206
pure_homeo,1,583680,0.13056784868240356
pure_homeo,1,585728,0.13347026705741882
pure_homeo,1,587776,0.14001639187335968
pure_homeo,1,589824,0.14462144672870636
pure_homeo,1,591872,0.153795525431633
pure_homeo,1,593920,0.15971213579177856
pure_homeo,1,595968,0.16159407794475555
pure_homeo,1,598016,0.16756680607795715
pure_homeo,1,600064,0.1700458526611328
pure_homeo,1,602112,0.17190022766590118
pure_homeo,1,604160,0.1568865329027176
pure_homeo,1,606208,0.13913515210151672
pure_homeo,1,608256,0.12090733647346497
pure_homeo,1,610304,0.10424523055553436
pure_homeo,1,612352,0.08502095192670822
pure_homeo,1,614400,0.0674656331539154
pure_homeo,1,616448,0.05227245017886162
pure_homeo,1,618496,0.03459249064326286
pure_homeo,1,620544,0.01715056039392948
pure_homeo,1,622592,0.005823350045830011
pure_homeo,1,624640,0.008402340114116669
pure_homeo,1,626688,0.010562390089035034
pure_homeo,1,628736,0.01174273993819952
pure_homeo,1,630784,0.010891750454902649
pure_homeo,1,632832,0.011462329886853695
pure_homeo,1,634880,0.0102354995906353
pure_homeo,1,636928,0.009557330049574375
pure_homeo,1,638976,0.010729770176112652
pure_homeo,1,641024,0.010830909945070744
pure_homeo,1,643072,0.009520510211586952
pure_homeo,1,645120,0.008198450319468975
pure_homeo,1,647168,0.007350279949605465
pure_homeo,1,649216,0.00606631999835372
pure_homeo,1,651264,0.00957805011421442
pure_homeo,1,653312,0.009097279980778694
pure_homeo,1,655360,0.012614250183105469
pure_homeo,1,657408,0.015767879784107208
pure_homeo,1,659456,0.015448329970240593
pure_homeo,1,661504,0.015953989699482918
pure_homeo,1,663552,0.0193115696310997
pure_homeo,1,665600,0.02328626997768879
pure_homeo,1,667648,0.027172930538654327
pure_homeo,1,669696,0.02909347042441368
pure_homeo,1,671744,0.031056789681315422
pure_homeo,1,673792,0.03266191855072975
pure_homeo,1,675840,0.034053049981594086
pure_homeo,1,677888,0.035886250436306
pure_homeo,1,679936,0.03857247158885002
pure_homeo,1,681984,0.03957793116569519
pure_homeo,1,684032,0.04300709068775177
pure_homeo,1,686080,0.04274908825755119
pure_homeo,1,688128,0.04452294111251831
pure_homeo,1,690176,0.04709191992878914
pure_homeo,1,692224,0.04696089029312134
pure_homeo,1,694272,0.04969263821840286
pure_homeo,1,696320,0.053192488849163055
pure_homeo,1,698368,0.055554479360580444
pure_homeo,1,700416,0.057990141212940216
pure_homeo,1,702464,0.05971787869930267
pure_homeo,1,704512,0.05409688130021095
pure_homeo,1,706560,0.050815731287002563
pure_homeo,1,708608,0.04782940074801445
pure_homeo,1,710656,0.04574801027774811
pure_homeo,1,712704,0.04520881921052933
pure_homeo,1,714752,0.043013278394937515
pure_homeo,1,716800,0.041486479341983795
pure_homeo,1,718848,0.03809472173452377
pure_homeo,1,720896,0.036127280443906784
pure_homeo,1,722944,0.03677884116768837
pure_homeo,1,724992,0.04470444098114967
pure_homeo,1,727040,0.05114758014678955
pure_homeo,1,729088,0.0541260689496994
pure_homeo,1,731136,0.05880960822105408
pure_homeo,1,733184,0.058939069509506226
pure_homeo,1,735232,0.059946801513433456
pure_homeo,1,737280,0.06064105033874512
pure_homeo,1,739328,0.06427191197872162
pure_homeo,1,741376,0.06617186963558197
pure_homeo,1,743424,0.06725768744945526
pure_homeo,1,745472,0.06708285212516785
pure_homeo,1,747520,0.06554940342903137
pure_homeo,1,749568,0.06790059059858322
pure_homeo,1,751616,0.06717628240585327
pure_homeo,1,753664,0.06774693727493286
pure_homeo,1,755712,0.06950575113296509
pure_homeo,1,757760,0.07018336653709412
pure_homeo,1,759808,0.07204733788967133
pure_homeo,1,761856,0.07409168034791946
pure_homeo,1,763904,0.07419463992118835
pure_homeo,1,765952,0.07554180920124054
pure_homeo,1,768000,0.07550673931837082
pure_homeo,1,770048,0.07717075198888779
pure_homeo,1,772096,0.08016326278448105
pure_homeo,1,774144,0.08356235176324844
pure_homeo,1,776192,0.08679910004138947
pure_homeo,1,778240,0.08725497871637344
pure_homeo,1,780288,0.08912011235952377
pure_homeo,1,782336,0.09254536032676697
pure_homeo,1,784384,0.09562736749649048
pure_homeo,1,786432,0.09880583733320236
pure_homeo,1,788480,0.10298039019107819
pure_homeo,1,790528,0.10491450875997543
pure_homeo,1,792576,0.10590515285730362
pure_homeo,1,794624,0.10657405853271484
pure_homeo,1,796672,0.10777738690376282
pure_homeo,1,798720,0.10937619209289551
pure_homeo,1,800768,0.11235412210226059
pure_homeo,1,802816,0.11470823734998703
pure_homeo,1,804864,0.12379363924264908
pure_homeo,1,806912,0.13278323411941528
pure_homeo,1,808960,0.13922521471977234
pure_homeo,1,811008,0.14802761375904083
pure_homeo,1,813056,0.15696783363819122
pure_homeo,1,815104,0.1654123067855835
pure_homeo,1,817152,0.17358942329883575
pure_homeo,1,819200,0.18149465322494507
pure_homeo,1,821248,0.18821820616722107
pure_homeo,1,823296,0.19367465376853943
pure_homeo,1,825344,0.1935388445854187
pure_homeo,1,827392,0.1936836987733841
pure_homeo,1,829440,0.1959654539823532
pure_homeo,1,831488,0.1986631453037262
pure_homeo,1,833536,0.20198751986026764
pure_homeo,1,835584,0.20556087791919708
pure_homeo,1,837632,0.20881187915802002
pure_homeo,1,839680,0.21314866840839386
pure_homeo,1,841728,0.21594594419002533
pure_homeo,1,843776,0.21962647140026093
pure_homeo,1,845824,0.22462482750415802
pure_homeo,1,847872,0.22927646338939667
pure_homeo,1,849920,0.23287034034729004
pure_homeo,1,851968,0.23563610017299652
pure_homeo,1,854016,0.2382800132036209
pure_homeo,1,856064,0.23859010636806488
pure_homeo,1,858112,0.2413737028837204
pure_homeo,1,860160,0.24541820585727692
pure_homeo,1,862208,0.24973143637180328
pure_homeo,1,864256,0.25109803676605225
pure_homeo,1,866304,0.25335434079170227
pure_homeo,1,868352,0.25887688994407654
pure_homeo,1,870400,0.2637210190296173
pure_homeo,1,872448,0.2686036229133606
pure_homeo,1,874496,0.2726748585700989
pure_homeo,1,876544,0.27606865763664246
pure_homeo,1,878592,0.2782424986362457
pure_homeo,1,880640,0.2795713543891907
pure_homeo,1,882688,0.28006038069725037
pure_homeo,1,884736,0.28260862827301025
pure_homeo,1,886784,0.28355473279953003
pure_homeo,1,888832,0.2833422124385834
pure_homeo,1,890880,0.28426653146743774
pure_homeo,1,892928,0.28614288568496704
pure_homeo,1,894976,0.28756430745124817
pure_homeo,1,897024,0.2904055714607239
pure_homeo,1,899072,0.29409605264663696
pure_homeo,1,901120,0.2983196973800659
pure_homeo,1,903168,0.3011777400970459
pure_homeo,1,905216,0.2874143719673157
pure_homeo,1,907264,0.27259570360183716
pure_homeo,1,909312,0.25820884108543396
pure_homeo,1,911360,0.24036858975887299
pure_homeo,1,913408,0.2209145873785019
pure_homeo,1,915456,0.20594064891338348
pure_homeo,1,917504,0.1894896924495697
pure_homeo,1,919552,0.1710355430841446
pure_homeo,1,921600,0.15327878296375275
pure_homeo,1,923648,0.14030487835407257
pure_homeo,1,925696,0.1413264125585556
pure_homeo,1,927744,0.1414663940668106
pure_homeo,1,929792,0.14233343303203583
pure_homeo,1,931840,0.14603495597839355
pure_homeo,1,933888,0.14843639731407166
pure_homeo,1,935936,0.15027016401290894
pure_homeo,1,937984,0.15312260389328003
pure_homeo,1,940032,0.1575104296207428
pure_homeo,1,942080,0.15996237099170685
pure_homeo,1,944128,0.1631997972726822
pure_homeo,1,946176,0.1669234037399292
pure_homeo,1,948224,0.1719323843717575
pure_homeo,1,950272,0.17498895525932312
pure_homeo,1,952320,0.1800471544265747
pure_homeo,1,954368,0.18266445398330688
pure_homeo,1,956416,0.18625515699386597
pure_homeo,1,958464,0.18675824999809265
pure_homeo,1,960512,0.1891683042049408
pure_homeo,1,962560,0.19194325804710388
pure_homeo,1,964608,0.1942596435546875
pure_homeo,1,966656,0.1973782181739807
pure_homeo,1,968704,0.1995258629322052
pure_homeo,1,970752,0.202860489487648
pure_homeo,1,972800,0.20588147640228271
pure_homeo,1,974848,0.21216647326946259
pure_homeo,1,976896,0.21827581524848938
pure_homeo,1,978944,0.2260417640209198
pure_homeo,1,980992,0.2301415055990219
pure_homeo,1,983040,0.2341393530368805
pure_homeo,1,985088,0.23803532123565674
pure_homeo,1,987136,0.24028196930885315
pure_homeo,1,989184,0.24276389181613922
pure_homeo,1,991232,0.24245589971542358
pure_homeo,1,993280,0.24222184717655182
pure_homeo,1,995328,0.24065278470516205
pure_homeo,1,997376,0.23869779706001282
pure_homeo,1,999424,0.23869241774082184
pure_homeo,1,1001472,0.23929399251937866
pure_homeo,1,1003520,0.23900505900382996
pure_homeo,2,2048,0.147005096077919
pure_homeo,2,4096,0.10514284670352936
pure_homeo,2,6144,-0.011527333408594131
pure_homeo,2,8192,-0.02341189980506897
pure_homeo,2,10240,-0.05379572510719299
pure_homeo,2,12288,-0.03180944174528122
pure_homeo,2,14336,-0.047689635306596756
pure_homeo,2,16384,-0.03972044587135315
pure_homeo,2,18432,-0.02710053324699402
pure_homeo,2,20480,-0.037481971085071564
pure_homeo,2,22528,-0.043677471578121185
pure_homeo,2,24576,-0.05195311829447746
pure_homeo,2,26624,-0.03716741129755974
pure_homeo,2,28672,-0.027075650170445442
pure_homeo,2,30720,-0.004719720222055912
pure_homeo,2,32768,-0.021485500037670135
pure_homeo,2,34816,-0.0018337599467486143
pure_homeo,2,36864,-0.0010775199625641108
pure_homeo,2,38912,-0.003263789927586913
pure_homeo,2,40960,-0.03938807174563408
pure_homeo,2,43008,-0.046562060713768005
pure_homeo,2,45056,-0.021130409091711044
pure_homeo,2,47104,-0.055772848427295685
pure_homeo,2,49152,-0.045270081609487534
pure_homeo,2,51200,-0.0362556092441082
pure_homeo,2,53248,-0.04381119832396507
pure_homeo,2,55296,-0.047830089926719666
pure_homeo,2,57344,-0.048204511404037476
pure_homeo,2,59392,-0.02866501919925213
pure_homeo,2,61440,-0.006362199783325195
pure_homeo,2,63488,0.00733126001432538
pure_homeo,2,65536,0.024840369820594788
pure_homeo,2,67584,0.01961175911128521
pure_homeo,2,69632,0.008539140224456787
pure_homeo,2,71680,-0.019483190029859543
pure_homeo,2,73728,0.00721408985555172
pure_homeo,2,75776,0.027116380631923676
pure_homeo,2,77824,0.0015961199533194304
pure_homeo,2,79872,0.01849655993282795
pure_homeo,2,81920,-0.01907063089311123
pure_homeo,2,83968,-0.04338559880852699
pure_homeo,2,86016,-0.025184540078043938
pure_homeo,2,88064,0.016071639955043793
pure_homeo,2,90112,0.026354679837822914
pure_homeo,2,92160,0.05902453884482384
pure_homeo,2,94208,0.03608547896146774
pure_homeo,2,96256,0.03292391821742058
pure_homeo,2,98304,0.04562116041779518
pure_homeo,2,100352,0.011044619604945183
pure_homeo,2,102400,0.017318090423941612
pure_homeo,2,104448,0.03108797036111355
pure_homeo,2,106496,0.010957719758152962
pure_homeo,2,108544,-0.01393663976341486
pure_homeo,2,110592,-8.433000039076433e-05
pure_homeo,2,112640,-0.024057110771536827
pure_homeo,2,114688,0.004111700225621462
pure_homeo,2,116736,-0.001973950071260333
pure_homeo,2,118784,0.010585159994661808
pure_homeo,2,120832,0.022886309772729874
pure_homeo,2,122880,0.0007948200218379498
pure_homeo,2,124928,0.002437740098685026
pure_homeo,2,126976,0.017657659947872162
pure_homeo,2,129024,0.014364889822900295
pure_homeo,2,131072,-0.018141569569706917
pure_homeo,2,133120,-0.019209690392017365
pure_homeo,2,135168,-0.0452595017850399
pure_homeo,2,137216,-0.06764666736125946
pure_homeo,2,139264,-0.06298907846212387
pure_homeo,2,141312,-0.06514860689640045
pure_homeo,2,143360,-0.018008429557085037
pure_homeo,2,145408,0.004165720194578171
pure_homeo,2,147456,-0.03301167115569115
pure_homeo,2,149504,-0.014300219714641571
pure_homeo,2,151552,0.003521610051393509
pure_homeo,2,153600,0.0009333799825981259
pure_homeo,2,155648,0.001047350000590086
pure_homeo,2,157696,0.002894910052418709
pure_homeo,2,159744,0.013808379881083965
pure_homeo,2,161792,0.0037280400283634663
pure_homeo,2,163840,-0.007503500208258629
pure_homeo,2,165888,-0.010087580420076847
pure_homeo,2,167936,0.03417183831334114
pure_homeo,2,169984,0.003690880024805665
pure_homeo,2,172032,-0.0004325699992477894
pure_homeo,2,174080,-0.006491439882665873
pure_homeo,2,176128,-0.025190269574522972
pure_homeo,2,178176,-0.023322489112615585
pure_homeo,2,180224,-0.01960369013249874
pure_homeo,2,182272,-0.032729849219322205
pure_homeo,2,184320,-0.04702131822705269
pure_homeo,2,186368,-0.038938261568546295
pure_homeo,2,188416,-0.06344790011644363
pure_homeo,2,190464,-0.05568118020892143
pure_homeo,2,192512,-0.05716690048575401
pure_homeo,2,194560,-0.03516519069671631
pure_homeo,2,196608,-0.0017303300555795431
pure_homeo,2,198656,-0.008557260036468506
pure_homeo,2,200704,0.0077363899908959866
pure_homeo,2,202752,0.03234080970287323
pure_homeo,2,204800,0.05427391082048416
pure_homeo,2,206848,0.03659617900848389
pure_homeo,2,208896,0.03181254118680954
pure_homeo,2,210944,0.0353514701128006
pure_homeo,2,212992,0.06273049861192703
pure_homeo,2,215040,0.06948083639144897
pure_homeo,2,217088,0.060627859085798264
pure_homeo,2,219136,0.062331609427928925
pure_homeo,2,221184,0.0535590797662735
pure_homeo,2,223232,0.04582460969686508
pure_homeo,2,225280,0.04871032014489174
pure_homeo,2,227328,0.06786099821329117
pure_homeo,2,229376,0.09620895236730576
pure_homeo,2,231424,0.10270488262176514
pure_homeo,2,233472,0.08915813267230988
pure_homeo,2,235520,0.08241959661245346
pure_homeo,2,237568,0.08166723698377609
pure_homeo,2,239616,0.08577807247638702
pure_homeo,2,241664,0.09184736013412476
pure_homeo,2,243712,0.08462353050708771
pure_homeo,2,245760,0.08251079171895981
pure_homeo,2,247808,0.07506237179040909
pure_homeo,2,249856,0.06368403136730194
pure_homeo,2,251904,0.059794921427965164
pure_homeo,2,253952,0.0846538171172142
pure_homeo,2,256000,0.09217020124197006
pure_homeo,2,258048,0.09856391698122025
pure_homeo,2,260096,0.11811652779579163
pure_homeo,2,262144,0.12948936223983765
pure_homeo,2,264192,0.1414676308631897
pure_homeo,2,266240,0.1598331779241562
pure_homeo,2,268288,0.1785486936569214
pure_homeo,2,270336,0.1848302036523819
pure_homeo,2,272384,0.19284625351428986
pure_homeo,2,274432,0.20643524825572968
pure_homeo,2,276480,0.2218143790960312
pure_homeo,2,278528,0.22850798070430756
pure_homeo,2,280576,0.22792324423789978
pure_homeo,2,282624,0.24190357327461243
pure_homeo,2,284672,0.2577937841415405
pure_homeo,2,286720,0.2719626724720001
pure_homeo,2,288768,0.28225502371788025
pure_homeo,2,290816,0.29014402627944946
pure_homeo,2,292864,0.289795458316803
pure_homeo,2,294912,0.29955968260765076
pure_homeo,2,296960,0.29851433634757996
pure_homeo,2,299008,0.30423852801322937
pure_homeo,2,301056,0.3078850209712982
pure_homeo,2,303104,0.325327605009079
pure_homeo,2,305152,0.3421684205532074
pure_homeo,2,307200,0.3685097098350525
pure_homeo,2,309248,0.3892475962638855
pure_homeo,2,311296,0.4241182506084442
pure_homeo,2,313344,0.443992555141449
pure_homeo,2,315392,0.4626248776912689
pure_homeo,2,317440,0.4892251193523407
pure_homeo,2,319488,0.5231069922447205
pure_homeo,2,321536,0.552114725112915
pure_homeo,2,323584,0.5600408315658569
pure_homeo,2,325632,0.5623202919960022
pure_homeo,2,327680,0.5671478509902954
pure_homeo,2,329728,0.5804955363273621
pure_homeo,2,331776,0.5908203125
pure_homeo,2,333824,0.6081804037094116
pure_homeo,2,335872,0.6190786957740784
pure_homeo,2,337920,0.6274513006210327
pure_homeo,2,339968,0.624369204044342
pure_homeo,2,342016,0.6374374628067017
pure_homeo,2,344064,0.6407168507575989
pure_homeo,2,346112,0.6540500521659851
pure_homeo,2,348160,0.6662992835044861
pure_homeo,2,350208,0.6731000542640686
pure_homeo,2,352256,0.6681966781616211
pure_homeo,2,354304,0.67938631772995
pure_homeo,2,356352,0.6819451451301575
pure_homeo,2,358400,0.6981133818626404
pure_homeo,2,360448,0.71005779504776
pure_homeo,2,362496,0.7225260734558105
pure_homeo,2,364544,0.7425704002380371
pure_homeo,2,366592,0.7533509731292725
pure_homeo,2,368640,0.7655148506164551
pure_homeo,2,370688,0.7780042886734009
pure_homeo,2,372736,0.791265606880188
pure_homeo,2,374784,0.7965712547302246
pure_homeo,2,376832,0.8089397549629211
pure_homeo,2,378880,0.8104314208030701
pure_homeo,2,380928,0.8122009038925171
pure_homeo,2,382976,0.8172017931938171
pure_homeo,2,385024,0.8147207498550415
pure_homeo,2,387072,0.8020822405815125
pure_homeo,2,389120,0.7937538027763367
pure_homeo,2,391168,0.7770878076553345
pure_homeo,2,393216,0.7814453840255737
pure_homeo,2,395264,0.7753887176513672
pure_homeo,2,397312,0.7775316834449768
pure_homeo,2,399360,0.7738643288612366
pure_homeo,2,401408,0.7706750631332397
pure_homeo,2,403456,0.6986796855926514
pure_homeo,2,405504,0.6308796405792236
pure_homeo,2,407552,0.5651400089263916
pure_homeo,2,409600,0.4982345700263977
pure_homeo,2,411648,0.4293578863143921
pure_homeo,2,413696,0.35685160756111145
pure_homeo,2,415744,0.28937828540802
pure_homeo,2,417792,0.21777038276195526
pure_homeo,2,419840,0.1417156457901001
pure_homeo,2,421888,0.08406800776720047
pure_homeo,2,423936,0.08149690181016922
pure_homeo,2,425984,0.08002454042434692
pure_homeo,2,428032,0.08603216707706451
pure_homeo,2,430080,0.08928283303976059
pure_homeo,2,432128,0.08822789788246155
pure_homeo,2,434176,0.08932337909936905
pure_homeo,2,436224,0.09093888103961945
pure_homeo,2,438272,0.09419754892587662
pure_homeo,2,440320,0.09257456660270691
pure_homeo,2,442368,0.10017994791269302
pure_homeo,2,444416,0.09762339293956757
pure_homeo,2,446464,0.09737955033779144
pure_homeo,2,448512,0.09263429045677185
pure_homeo,2,450560,0.08909159898757935
pure_homeo,2,452608,0.08814951032400131
pure_homeo,2,454656,0.09215103089809418
pure_homeo,2,456704,0.09369125962257385
pure_homeo,2,458752,0.08747956156730652
pure_homeo,2,460800,0.08559545874595642
pure_homeo,2,462848,0.08083032071590424
pure_homeo,2,464896,0.08463311195373535
pure_homeo,2,466944,0.0892379879951477
pure_homeo,2,468992,0.09516095370054245
pure_homeo,2,471040,0.09805013239383698
pure_homeo,2,473088,0.1012214720249176
pure_homeo,2,475136,0.10213609784841537
pure_homeo,2,477184,0.10503987967967987
pure_homeo,2,479232,0.11735542118549347
pure_homeo,2,481280,0.1279374361038208
pure_homeo,2,483328,0.13701008260250092
pure_homeo,2,485376,0.14415858685970306
pure_homeo,2,487424,0.15366023778915405
pure_homeo,2,489472,0.16161105036735535
pure_homeo,2,491520,0.17354466021060944
pure_homeo,2,493568,0.18189196288585663
pure_homeo,2,495616,0.1899634450674057
pure_homeo,2,497664,0.1940346360206604
pure_homeo,2,499712,0.19684180617332458
pure_homeo,2,501760,0.1965750753879547
pure_homeo,2,503808,0.21886645257472992
pure_homeo,2,505856,0.23525619506835938
pure_homeo,2,507904,0.2527112662792206
pure_homeo,2,509952,0.2737172842025757
pure_homeo,2,512000,0.29420024156570435
pure_homeo,2,514048,0.312916100025177
pure_homeo,2,516096,0.3313276767730713
pure_homeo,2,518144,0.3544709384441376
pure_homeo,2,520192,0.37953880429267883
pure_homeo,2,522240,0.39851585030555725
pure_homeo,2,524288,0.4037075936794281
pure_homeo,2,526336,0.41131266951560974
pure_homeo,2,528384,0.41138142347335815
pure_homeo,2,530432,0.4109261631965637
pure_homeo,2,532480,0.41180694103240967
pure_homeo,2,534528,0.4116712212562561
pure_homeo,2,536576,0.41166314482688904
pure_homeo,2,538624,0.40606069564819336
pure_homeo,2,540672,0.4031422734260559
pure_homeo,2,542720,0.39814895391464233
pure_homeo,2,544768,0.3891683518886566
pure_homeo,2,546816,0.3817411959171295
pure_homeo,2,548864,0.37890195846557617
pure_homeo,2,550912,0.37205299735069275
pure_homeo,2,552960,0.37009480595588684
pure_homeo,2,555008,0.3704981505870819
pure_homeo,2,557056,0.3739018738269806
pure_homeo,2,559104,0.3767620921134949
pure_homeo,2,561152,0.37549498677253723
pure_homeo,2,563200,0.37808018922805786
pure_homeo,2,565248,0.381274551153183
pure_homeo,2,567296,0.38466522097587585
pure_homeo,2,569344,0.3876909017562866
pure_homeo,2,571392,0.39326784014701843
pure_homeo,2,573440,0.39518460631370544
pure_homeo,2,575488,0.39361771941185
pure_homeo,2,577536,0.3943897783756256
pure_homeo,2,579584,0.3981544077396393
pure_homeo,2,581632,0.3981609344482422
pure_homeo,2,583680,0.39892643690109253
pure_homeo,2,585728,0.4053407609462738
pure_homeo,2,587776,0.409869521856308
pure_homeo,2,589824,0.41348394751548767
pure_homeo,2,591872,0.4166190028190613
pure_homeo,2,593920,0.4243103563785553
pure_homeo,2,595968,0.428438276052475
pure_homeo,2,598016,0.43402740359306335
pure_homeo,2,600064,0.4409010410308838
pure_homeo,2,602112,0.44254210591316223
pure_homeo,2,604160,0.42148780822753906
pure_homeo,2,606208,0.39659953117370605
pure_homeo,2,608256,0.37357863783836365
pure_homeo,2,610304,0.3499491810798645
pure_homeo,2,612352,0.32810455560684204
pure_homeo,2,614400,0.3069508373737335
pure_homeo,2,616448,0.28516605496406555
pure_homeo,2,618496,0.25914937257766724
pure_homeo,2,620544,0.23516738414764404
pure_homeo,2,622592,0.2179630696773529
pure_homeo,2,624640,0.22233504056930542
pure_homeo,2,626688,0.22754861414432526
pure_homeo,2,628736,0.23236581683158875
pure_homeo,2,630784,0.2374044805765152
pure_homeo,2,632832,0.23693792521953583
pure_homeo,2,634880,0.23999759554862976
pure_homeo,2,636928,0.24271008372306824
pure_homeo,2,638976,0.24508965015411377
pure_homeo,2,641024,0.24674628674983978
pure_homeo,2,643072,0.24959012866020203
pure_homeo,2,645120,0.24971093237400055
pure_homeo,2,647168,0.24995261430740356
pure_homeo,2,649216,0.2492639273405075
pure_homeo,2,651264,0.2509446442127228
pure_homeo,2,653312,0.2545742392539978
pure_homeo,2,655360,0.25780248641967773
pure_homeo,2,657408,0.25835639238357544
pure_homeo,2,659456,0.262408971786499
pure_homeo,2,661504,0.2649780213832855
pure_homeo,2,663552,0.2670975625514984
pure_homeo,2,665600,0.2690128684043884
pure_homeo,2,667648,0.26979029178619385
pure_homeo,2,669696,0.2714708149433136
pure_homeo,2,671744,0.2707849442958832
pure_homeo,2,673792,0.26785042881965637
pure_homeo,2,675840,0.26586925983428955
pure_homeo,2,677888,0.26500630378723145
pure_homeo,2,679936,0.261789470911026
pure_homeo,2,681984,0.2613091766834259
pure_homeo,2,684032,0.2615089416503906
pure_homeo,2,686080,0.26005691289901733
pure_homeo,2,688128,0.25939324498176575
pure_homeo,2,690176,0.25846484303474426
pure_homeo,2,692224,0.25977692008018494
pure_homeo,2,694272,0.26148784160614014
pure_homeo,2,696320,0.26461872458457947
pure_homeo,2,698368,0.2657117247581482
pure_homeo,2,700416,0.269155353307724
pure_homeo,2,702464,0.26771336793899536
pure_homeo,2,704512,0.2573101818561554
pure_homeo,2,706560,0.24601486325263977
pure_homeo,2,708608,0.2359105795621872
pure_homeo,2,710656,0.22471153736114502
pure_homeo,2,712704,0.21151931583881378
pure_homeo,2,714752,0.1994909942150116
pure_homeo,2,716800,0.18571338057518005
pure_homeo,2,718848,0.17316597700119019
pure_homeo,2,720896,0.15975357592105865
pure_homeo,2,722944,0.15045391023159027
pure_homeo,2,724992,0.15159377455711365
pure_homeo,2,727040,0.15240810811519623
pure_homeo,2,729088,0.15158066153526306
pure_homeo,2,731136,0.15151415765285492
pure_homeo,2,733184,0.152939572930336
pure_homeo,2,735232,0.1561570167541504
pure_homeo,2,737280,0.16070036590099335
pure_homeo,2,739328,0.16462983191013336
pure_homeo,2,741376,0.16607636213302612
pure_homeo,2,743424,0.1658685952425003
pure_homeo,2,745472,0.1668626070022583
pure_homeo,2,747520,0.16868549585342407
pure_homeo,2,749568,0.17022086679935455
pure_homeo,2,751616,0.1756742149591446
pure_homeo,2,753664,0.17556576430797577
pure_homeo,2,755712,0.17216457426548004
pure_homeo,2,757760,0.17261740565299988
pure_homeo,2,759808,0.17265960574150085
pure_homeo,2,761856,0.17358757555484772
pure_homeo,2,763904,0.17747896909713745
pure_homeo,2,765952,0.1787683069705963
pure_homeo,2,768000,0.18024776875972748
pure_homeo,2,770048,0.18138554692268372
pure_homeo,2,772096,0.18035611510276794
pure_homeo,2,774144,0.18346861004829407
pure_homeo,2,776192,0.1857503056526184
pure_homeo,2,778240,0.18579858541488647
pure_homeo,2,780288,0.18779025971889496
pure_homeo,2,782336,0.1870221048593521
pure_homeo,2,784384,0.18649442493915558
pure_homeo,2,786432,0.18745233118534088
pure_homeo,2,788480,0.1875341534614563
pure_homeo,2,790528,0.1871442198753357
pure_homeo,2,792576,0.1857766956090927
pure_homeo,2,794624,0.18365129828453064
pure_homeo,2,796672,0.18298852443695068
pure_homeo,2,798720,0.18139375746250153
pure_homeo,2,800768,0.18032480776309967
pure_homeo,2,802816,0.18124139308929443
pure_homeo,2,804864,0.2644115686416626
pure_homeo,2,806912,0.34698182344436646
pure_homeo,2,808960,0.4284382164478302
pure_homeo,2,811008,0.5099727511405945
pure_homeo,2,813056,0.5998537540435791
pure_homeo,2,815104,0.6813969016075134
pure_homeo,2,817152,0.7632681131362915
pure_homeo,2,819200,0.8471952080726624
pure_homeo,2,821248,0.9382487535476685
pure_homeo,2,823296,1.0036860704421997
pure_homeo,2,825344,1.0012418031692505
pure_homeo,2,827392,0.9999423027038574
pure_homeo,2,829440,1.000555396080017
pure_homeo,2,831488,1.0030577182769775
pure_homeo,2,833536,1.002991795539856
pure_homeo,2,835584,1.0052495002746582
pure_homeo,2,837632,1.0060296058654785
pure_homeo,2,839680,1.0053273439407349
pure_homeo,2,841728,1.0050240755081177
pure_homeo,2,843776,1.0047311782836914
pure_homeo,2,845824,1.004366159439087
pure_homeo,2,847872,1.0045267343521118
pure_homeo,2,849920,1.0038319826126099
pure_homeo,2,851968,1.002860188484192
pure_homeo,2,854016,1.0052673816680908
pure_homeo,2,856064,1.0056560039520264
pure_homeo,2,858112,1.0081632137298584
pure_homeo,2,860160,1.0131758451461792
pure_homeo,2,862208,1.0174589157104492
pure_homeo,2,864256,1.020493984222412
pure_homeo,2,866304,1.0233736038208008
pure_homeo,2,868352,1.0266485214233398
pure_homeo,2,870400,1.027902603149414
pure_homeo,2,872448,1.0323079824447632
pure_homeo,2,874496,1.0345298051834106
pure_homeo,2,876544,1.0362019538879395
pure_homeo,2,878592,1.0367642641067505
pure_homeo,2,880640,1.0351645946502686
pure_homeo,2,882688,1.0333034992218018
pure_homeo,2,884736,1.03372061252594
pure_homeo,2,886784,1.0339038372039795
pure_homeo,2,888832,1.0368307828903198
pure_homeo,2,890880,1.036666989326477
pure_homeo,2,892928,1.0363755226135254
pure_homeo,2,894976,1.0383950471878052
pure_homeo,2,897024,1.041064977645874
pure_homeo,2,899072,1.0425678491592407
pure_homeo,2,901120,1.045266032218933
pure_homeo,2,903168,1.049667477607727
pure_homeo,2,905216,1.0096734762191772
pure_homeo,2,907264,0.9692348837852478
pure_homeo,2,909312,0.9261031150817871
pure_homeo,2,911360,0.8844978213310242
pure_homeo,2,913408,0.8352819681167603
pure_homeo,2,915456,0.7901647090911865
pure_homeo,2,917504,0.743975818157196
pure_homeo,2,919552,0.6989468932151794
pure_homeo,2,921600,0.6478398442268372
pure_homeo,2,923648,0.6107889413833618
pure_homeo,2,925696,0.6082384586334229
pure_homeo,2,927744,0.6087071895599365
pure_homeo,2,929792,0.6098024845123291
pure_homeo,2,931840,0.6107400059700012
pure_homeo,2,933888,0.6122282147407532
pure_homeo,2,935936,0.6124697923660278
pure_homeo,2,937984,0.612127423286438
pure_homeo,2,940032,0.6118203997612
pure_homeo,2,942080,0.6123596429824829
pure_homeo,2,944128,0.6115017533302307
pure_homeo,2,946176,0.6134210824966431
pure_homeo,2,948224,0.6122856140136719
pure_homeo,2,950272,0.6110901832580566
pure_homeo,2,952320,0.6099404096603394
pure_homeo,2,954368,0.6088868379592896
pure_homeo,2,956416,0.6085233092308044
pure_homeo,2,958464,0.6093665361404419
pure_homeo,2,960512,0.6105836629867554
pure_homeo,2,962560,0.6112560033798218
pure_homeo,2,964608,0.6106374263763428
pure_homeo,2,966656,0.6091859936714172
pure_homeo,2,968704,0.6099455952644348
pure_homeo,2,970752,0.611509382724762
pure_homeo,2,972800,0.6137672066688538
pure_homeo,2,974848,0.6168593764305115
pure_homeo,2,976896,0.6191478371620178
pure_homeo,2,978944,0.6214762926101685
pure_homeo,2,980992,0.6243366003036499
pure_homeo,2,983040,0.6255878210067749
pure_homeo,2,985088,0.6284350752830505
pure_homeo,2,987136,0.6314476728439331
pure_homeo,2,989184,0.6320129036903381
pure_homeo,2,991232,0.6334174871444702
pure_homeo,2,993280,0.6337646842002869
pure_homeo,2,995328,0.6360556483268738
pure_homeo,2,997376,0.6394230723381042
pure_homeo,2,999424,0.6407679319381714
pure_homeo,2,1001472,0.6419191956520081
pure_homeo,2,1003520,0.6430589556694031
vanilla,0,2048,-40.82533645629883
vanilla,0,4096,-35.104515075683594
vanilla,0,6144,-29.412311553955078
vanilla,0,8192,-26.321107864379883
vanilla,0,10240,-24.2559871673584
vanilla,0,12288,-21.871112823486328
vanilla,0,14336,-20.482824325561523
vanilla,0,16384,-20.248531341552734
vanilla,0,18432,-19.137834548950195
vanilla,0,20480,-18.866376876831055
vanilla,0,22528,-13.496610641479492
vanilla,0,24576,-11.664990425109863
vanilla,0,26624,-10.906692504882812
vanilla,0,28672,-10.63362979888916
vanilla,0,30720,-10.11413288116455
vanilla,0,32768,-13.150229454040527
vanilla,0,34816,-15.281800270080566
vanilla,0,36864,-15.944536209106445
vanilla,0,38912,-15.41965389251709
vanilla,0,40960,77.99559020996094
vanilla,0,43008,156.29287719726562
vanilla,0,45056,178.4083251953125
vanilla,0,47104,186.34384155273438
vanilla,0,49152,235.15298461914062
vanilla,0,51200,366.23577880859375
vanilla,0,53248,414.99847412109375
vanilla,0,55296,458.25958251953125
vanilla,0,57344,766.030517578125
vanilla,0,59392,861.6336059570312
vanilla,0,61440,936.8092651367188
vanilla,0,63488,856.0813598632812
vanilla,0,65536,830.1203002929688
vanilla,0,67584,773.2833251953125
vanilla,0,69632,770.8431396484375
vanilla,0,71680,637.8475952148438
vanilla,0,73728,575.7815551757812
vanilla,0,75776,464.4665222167969
vanilla,0,77824,238.71897888183594
vanilla,0,79872,97.36136627197266
vanilla,0,81920,-30.917442321777344
vanilla,0,83968,-29.78631019592285
vanilla,0,86016,-28.536964416503906
vanilla,0,88064,-27.8571720123291
vanilla,0,90112,-25.72689437866211
vanilla,0,92160,-16.432279586791992
vanilla,0,94208,-14.205205917358398
vanilla,0,96256,-18.38055992126465
vanilla,0,98304,-13.940256118774414
vanilla,0,100352,-9.02353572845459
vanilla,0,102400,6.442615032196045
vanilla,0,104448,33.62693786621094
vanilla,0,106496,61.29396057128906
vanilla,0,108544,99.85538482666016
vanilla,0,110592,132.4712677001953
vanilla,0,112640,157.6322784423828
vanilla,0,114688,177.006591796875
vanilla,0,116736,199.5361785888672
vanilla,0,118784,223.6479034423828
vanilla,0,120832,233.42703247070312
vanilla,0,122880,231.3603973388672
vanilla,0,124928,199.12399291992188
vanilla,0,126976,175.38961791992188
vanilla,0,129024,130.6111297607422
vanilla,0,131072,99.65912628173828
vanilla,0,133120,65.15253448486328
vanilla,0,135168,38.45891189575195
vanilla,0,137216,15.039380073547363
vanilla,0,139264,-10.489425659179688
vanilla,0,141312,-33.102691650390625
vanilla,0,143360,-44.28312301635742
vanilla,0,145408,-42.67888259887695
vanilla,0,147456,-41.935001373291016
vanilla,0,149504,-41.47368621826172
vanilla,0,151552,-41.36409378051758
vanilla,0,153600,-41.141780853271484
vanilla,0,155648,-40.433265686035156
vanilla,0,157696,-39.36753845214844
vanilla,0,159744,-39.01327896118164
vanilla,0,161792,-38.862552642822266
vanilla,0,163840,-38.811256408691406
vanilla,0,165888,-39.573272705078125
vanilla,0,167936,-24.41800880432129
vanilla,0,169984,14.231711387634277
vanilla,0,172032,15.049845695495605
vanilla,0,174080,63.48029708862305
vanilla,0,176128,1444.3333740234375
vanilla,0,178176,1444.81396484375
vanilla,0,180224,1450.4588623046875
vanilla,0,182272,2616.673583984375
vanilla,0,184320,2652.296630859375
vanilla,0,186368,2649.6669921875
vanilla,0,188416,2632.73681640625
vanilla,0,190464,2593.4716796875
vanilla,0,192512,2592.59228515625
vanilla,0,194560,2544.429443359375
vanilla,0,196608,1162.867431640625
vanilla,0,198656,1161.92431640625
vanilla,0,200704,1155.8857421875
vanilla,0,202752,-10.980504989624023
vanilla,0,204800,-45.1669807434082
vanilla,0,206848,-41.01036834716797
vanilla,0,208896,-31.628416061401367
vanilla,0,210944,-29.793102264404297
vanilla,0,212992,-21.76322364807129
vanilla,0,215040,-14.981246948242188
vanilla,0,217088,-22.57491683959961
vanilla,0,219136,-29.92314338684082
vanilla,0,221184,-36.832340240478516
vanilla,0,223232,-39.012603759765625
vanilla,0,225280,-39.72759246826172
vanilla,0,227328,-44.624664306640625
vanilla,0,229376,-55.36580276489258
vanilla,0,231424,-61.122764587402344
vanilla,0,233472,-75.19419860839844
vanilla,0,235520,-83.87696075439453
vanilla,0,237568,-80.99761199951172
vanilla,0,239616,-76.79647827148438
vanilla,0,241664,-74.049072265625
vanilla,0,243712,-76.21520233154297
vanilla,0,245760,-82.7286605834961
vanilla,0,247808,-82.87899017333984
vanilla,0,249856,-84.16484832763672
vanilla,0,251904,-83.56916809082031
vanilla,0,253952,-82.51052856445312
vanilla,0,256000,-80.44514465332031
vanilla,0,258048,-79.54664611816406
vanilla,0,260096,-78.8491439819336
vanilla,0,262144,-76.61246490478516
vanilla,0,264192,-74.01912689208984
vanilla,0,266240,-68.77061462402344
vanilla,0,268288,-63.27366256713867
vanilla,0,270336,-57.19655227661133
vanilla,0,272384,-48.42900848388672
vanilla,0,274432,-43.676753997802734
vanilla,0,276480,-37.366729736328125
vanilla,0,278528,-39.055641174316406
vanilla,0,280576,-39.511959075927734
vanilla,0,282624,-39.53025817871094
vanilla,0,284672,-39.597434997558594
vanilla,0,286720,-41.41461181640625
vanilla,0,288768,-43.384090423583984
vanilla,0,290816,-46.53456115722656
vanilla,0,292864,-47.91437911987305
vanilla,0,294912,-50.30890655517578
vanilla,0,296960,-49.681312561035156
vanilla,0,299008,-43.854915618896484
vanilla,0,301056,-40.18973159790039
vanilla,0,303104,-37.66176223754883
vanilla,0,305152,-34.91804885864258
vanilla,0,307200,-31.649995803833008
vanilla,0,2048,-40.82533645629883
vanilla,0,4096,-35.104515075683594
vanilla,0,6144,-29.412311553955078
vanilla,0,8192,-26.321107864379883
vanilla,0,10240,-24.2559871673584
vanilla,0,12288,-21.871112823486328
vanilla,0,14336,-20.482824325561523
vanilla,0,16384,-20.248531341552734
vanilla,0,18432,-19.137834548950195
vanilla,0,20480,-18.866376876831055
vanilla,0,22528,-13.496610641479492
vanilla,0,24576,-11.664990425109863
vanilla,0,26624,-10.906692504882812
vanilla,0,28672,-10.63362979888916
vanilla,0,30720,-10.11413288116455
vanilla,0,32768,-10.755414962768555
vanilla,0,34816,-10.340328216552734
vanilla,0,36864,-10.751727104187012
vanilla,0,38912,-9.598322868347168
vanilla,0,40960,-7.331010818481445
vanilla,0,43008,-9.009208679199219
vanilla,0,45056,-8.044572830200195
vanilla,0,47104,-6.70897102355957
vanilla,0,49152,-6.490493297576904
vanilla,0,51200,-6.007043361663818
vanilla,0,53248,-6.272243976593018
vanilla,0,55296,-7.295390605926514
vanilla,0,57344,-7.659646511077881
vanilla,0,59392,-11.847956657409668
vanilla,0,61440,-16.37676239013672
vanilla,0,63488,-18.535480499267578
vanilla,0,65536,-22.85802459716797
vanilla,0,67584,-23.508148193359375
vanilla,0,69632,-23.293222427368164
vanilla,0,71680,-22.046546936035156
vanilla,0,73728,-21.52224349975586
vanilla,0,75776,-20.34123420715332
vanilla,0,77824,-14.657106399536133
vanilla,0,79872,-9.364066123962402
vanilla,0,81920,-6.708960056304932
vanilla,0,83968,-5.692456245422363
vanilla,0,86016,-0.4310465455055237
vanilla,0,88064,7.083765983581543
vanilla,0,90112,6.950587749481201
vanilla,0,92160,4.653536319732666
vanilla,0,94208,4.788694858551025
vanilla,0,96256,7.442513465881348
vanilla,0,98304,2.080690622329712
vanilla,0,100352,1.6077221632003784
vanilla,0,102400,-0.6112378239631653
vanilla,0,104448,-2.86350679397583
vanilla,0,106496,-16.299699783325195
vanilla,0,108544,-22.757043838500977
vanilla,0,110592,-27.671663284301758
vanilla,0,112640,-33.08183670043945
vanilla,0,114688,-38.09455108642578
vanilla,0,116736,-44.381465911865234
vanilla,0,118784,-46.19615936279297
vanilla,0,120832,-37.43050765991211
vanilla,0,122880,-8.182052612304688
vanilla,0,124928,-6.424337387084961
vanilla,0,126976,47.75257110595703
vanilla,0,129024,138.79434204101562
vanilla,0,131072,143.400634765625
vanilla,0,133120,157.99388122558594
vanilla,0,135168,186.36318969726562
vanilla,0,137216,195.73219299316406
vanilla,0,139264,201.63148498535156
vanilla,0,141312,197.42958068847656
vanilla,0,143360,196.88113403320312
vanilla,0,145408,199.2460479736328
vanilla,0,147456,94.8134994506836
vanilla,0,149504,216.65269470214844
vanilla,0,151552,234.42996215820312
vanilla,0,153600,255.2352294921875
vanilla,0,155648,276.603271484375
vanilla,0,157696,290.0466003417969
vanilla,0,159744,289.06134033203125
vanilla,0,161792,295.5558776855469
vanilla,0,163840,286.3038024902344
vanilla,0,165888,335.99749755859375
vanilla,0,167936,385.113525390625
vanilla,0,169984,403.7085266113281
vanilla,0,172032,384.1423645019531
vanilla,0,174080,381.5390930175781
vanilla,0,176128,404.3191833496094
vanilla,0,178176,412.2204895019531
vanilla,0,180224,408.656982421875
vanilla,0,182272,408.4071350097656
vanilla,0,184320,392.14495849609375
vanilla,0,186368,211.5450439453125
vanilla,0,188416,166.0206756591797
vanilla,0,190464,143.8042755126953
vanilla,0,192512,136.7596435546875
vanilla,0,194560,185.04371643066406
vanilla,0,196608,206.2545166015625
vanilla,0,198656,194.89730834960938
vanilla,0,200704,208.50405883789062
vanilla,0,202752,191.80653381347656
vanilla,0,204800,184.4500732421875
vanilla,0,206848,177.04830932617188
vanilla,0,208896,189.5779266357422
vanilla,0,210944,170.27383422851562
vanilla,0,212992,297.9606018066406
vanilla,0,215040,233.56248474121094
vanilla,0,217088,178.1143341064453
vanilla,0,219136,178.89120483398438
vanilla,0,221184,233.46499633789062
vanilla,0,223232,239.31910705566406
vanilla,0,225280,256.61431884765625
vanilla,0,227328,304.31793212890625
vanilla,0,229376,379.23406982421875
vanilla,0,231424,531.1539916992188
vanilla,0,233472,540.5078125
vanilla,0,235520,615.636962890625
vanilla,0,237568,796.7808227539062
vanilla,0,239616,1132.638427734375
vanilla,0,241664,1418.66015625
vanilla,0,243712,1595.2713623046875
vanilla,0,245760,1825.8990478515625
vanilla,0,247808,1943.798583984375
vanilla,0,249856,2066.384033203125
vanilla,0,251904,2385.482666015625
vanilla,0,253952,2689.4619140625
vanilla,0,256000,2839.0419921875
vanilla,0,258048,3057.756591796875
vanilla,0,260096,2958.81884765625
vanilla,0,262144,2911.38525390625
vanilla,0,264192,2993.7353515625
vanilla,0,266240,3216.310546875
vanilla,0,268288,3406.330322265625
vanilla,0,270336,3519.449951171875
vanilla,0,272384,3377.435791015625
vanilla,0,274432,3435.55908203125
vanilla,0,276480,3884.5126953125
vanilla,0,278528,3784.452392578125
vanilla,0,280576,4444.833984375
vanilla,0,282624,4570.1611328125
vanilla,0,284672,4585.673828125
vanilla,0,286720,4759.97607421875
vanilla,0,288768,4785.7822265625
vanilla,0,290816,5159.08349609375
vanilla,0,292864,5315.20458984375
vanilla,0,294912,5275.12109375
vanilla,0,296960,5271.2236328125
vanilla,0,299008,4979.056640625
vanilla,0,301056,4937.35595703125
vanilla,0,303104,4561.1513671875
vanilla,0,305152,4090.46142578125
vanilla,0,307200,3502.84228515625
vanilla,0,309248,3095.113525390625
vanilla,0,311296,2197.22509765625
vanilla,0,313344,1818.232421875
vanilla,0,315392,1181.3922119140625
vanilla,0,317440,832.6492309570312
vanilla,0,319488,399.787109375
vanilla,0,321536,-90.30009460449219
vanilla,0,323584,-93.37397766113281
vanilla,0,325632,-96.7025146484375
vanilla,0,327680,-100.3865737915039
vanilla,0,329728,-104.51759338378906
vanilla,0,331776,-108.66870880126953
vanilla,0,333824,-114.22228240966797
vanilla,0,335872,-122.65391540527344
vanilla,0,337920,-129.3684844970703
vanilla,0,339968,-134.84930419921875
vanilla,0,342016,-137.64588928222656
vanilla,0,344064,-138.89259338378906
vanilla,0,346112,-140.18405151367188
vanilla,0,348160,-141.04689025878906
vanilla,0,350208,-140.3357391357422
vanilla,0,352256,-139.61758422851562
vanilla,0,354304,-138.2554473876953
vanilla,0,356352,-133.8173370361328
vanilla,0,358400,-128.5520782470703
vanilla,0,360448,-123.32769775390625
vanilla,0,362496,-117.25202178955078
vanilla,0,364544,-111.18798828125
vanilla,0,366592,-105.24799346923828
vanilla,0,368640,-99.48453521728516
vanilla,0,370688,-92.38761138916016
vanilla,0,372736,-85.49847412109375
vanilla,0,374784,-78.36096954345703
vanilla,0,376832,-72.5287094116211
vanilla,0,378880,-67.1207504272461
vanilla,0,380928,-61.299522399902344
vanilla,0,382976,-56.678375244140625
vanilla,0,385024,-53.23760223388672
vanilla,0,387072,-48.69883346557617
vanilla,0,389120,-44.97590255737305
vanilla,0,391168,-41.64991760253906
vanilla,0,393216,-39.08696365356445
vanilla,0,395264,-37.26652526855469
vanilla,0,397312,-36.38533401489258
vanilla,0,399360,-35.99763107299805
vanilla,0,401408,-35.21908950805664
vanilla,0,403456,-36.01084518432617
vanilla,0,405504,-36.53175354003906
vanilla,0,407552,-37.34596633911133
vanilla,0,409600,-37.60831069946289
vanilla,0,411648,-37.28174591064453
vanilla,0,413696,-36.64421081542969
vanilla,0,415744,-36.06608200073242
vanilla,0,417792,-36.067203521728516
vanilla,0,419840,-35.44045639038086
vanilla,0,421888,-34.804046630859375
vanilla,0,423936,-32.235511779785156
vanilla,0,425984,-29.232954025268555
vanilla,0,428032,-26.07631492614746
vanilla,0,430080,-24.369029998779297
vanilla,0,432128,-23.215364456176758
vanilla,0,434176,-21.88585662841797
vanilla,0,436224,-20.067626953125
vanilla,0,438272,-18.0147762298584
vanilla,0,440320,-16.265079498291016
vanilla,0,442368,-14.57551097869873
vanilla,0,444416,-13.077449798583984
vanilla,0,446464,-11.792901992797852
vanilla,0,448512,34.068260192871094
vanilla,0,450560,35.26260757446289
vanilla,0,452608,117.32417297363281
vanilla,0,454656,121.14149475097656
vanilla,0,456704,121.906494140625
vanilla,0,458752,122.45550537109375
vanilla,0,460800,122.76292419433594
vanilla,0,462848,123.22875213623047
vanilla,0,464896,126.35944366455078
vanilla,0,466944,139.00057983398438
vanilla,0,468992,112.2551498413086
vanilla,0,471040,112.08363342285156
vanilla,0,473088,30.98004913330078
vanilla,0,475136,27.873825073242188
vanilla,0,477184,41.52277374267578
vanilla,0,479232,41.618385314941406
vanilla,0,481280,41.74504470825195
vanilla,0,483328,144.3605194091797
vanilla,0,485376,141.28932189941406
vanilla,0,487424,123.38848876953125
vanilla,0,489472,119.53962707519531
vanilla,0,491520,163.1854705810547
vanilla,0,493568,198.28848266601562
vanilla,0,495616,247.1252899169922
vanilla,0,497664,246.9488067626953
vanilla,0,499712,246.73037719726562
vanilla,0,501760,172.68724060058594
vanilla,0,503808,170.33078002929688
vanilla,0,505856,168.26226806640625
vanilla,0,507904,166.12124633789062
vanilla,0,509952,155.71009826660156
vanilla,0,512000,110.01034545898438
vanilla,0,514048,73.06312561035156
vanilla,0,516096,8.922675132751465
vanilla,0,518144,7.014693260192871
vanilla,0,520192,-23.42903709411621
vanilla,0,522240,-24.64043426513672
vanilla,0,524288,-23.983745574951172
vanilla,0,526336,-23.5177059173584
vanilla,0,528384,-22.8619384765625
vanilla,0,530432,60.67067337036133
vanilla,0,532480,97.94141387939453
vanilla,0,534528,478.95025634765625
vanilla,0,536576,1257.3004150390625
vanilla,0,538624,1921.09423828125
vanilla,0,540672,2428.799560546875
vanilla,0,542720,3377.494384765625
vanilla,0,544768,4482.14111328125
vanilla,0,546816,5925.53857421875
vanilla,0,548864,7288.38427734375
vanilla,0,550912,8238.640625
vanilla,0,552960,10094.080078125
vanilla,0,555008,11495.3505859375
vanilla,0,557056,13069.83203125
vanilla,0,559104,14975.974609375
vanilla,0,561152,17016.544921875
vanilla,0,563200,18933.75
vanilla,0,565248,20498.1171875
vanilla,0,567296,22554.76171875
vanilla,0,569344,24343.580078125
vanilla,0,571392,26693.28515625
vanilla,0,573440,28758.787109375
vanilla,0,575488,30005.189453125
vanilla,0,577536,31575.0703125
vanilla,0,579584,32415.017578125
vanilla,0,581632,33311.23046875
vanilla,0,583680,34264.828125
vanilla,0,585728,35287.03515625
vanilla,0,587776,35766.4609375
vanilla,0,589824,36807.30859375
vanilla,0,591872,37330.03125
vanilla,0,593920,37851.28515625
vanilla,0,595968,38819.62109375
vanilla,0,598016,39398.53515625
vanilla,0,600064,40070.28515625
vanilla,0,602112,40089.29296875
vanilla,0,604160,36416.00390625
vanilla,0,606208,32558.931640625
vanilla,0,608256,28611.8125
vanilla,0,610304,24635.66015625
vanilla,0,612352,20196.58984375
vanilla,0,614400,16239.7001953125
vanilla,0,616448,11589.3193359375
vanilla,0,618496,7321.505859375
vanilla,0,620544,2766.564453125
vanilla,0,622592,-45.58685302734375
vanilla,0,624640,-45.625057220458984
vanilla,0,626688,-45.90422439575195
vanilla,0,628736,-46.20531463623047
vanilla,0,630784,-46.65325164794922
vanilla,0,632832,-47.33945846557617
vanilla,0,634880,-48.052223205566406
vanilla,0,636928,-48.751434326171875
vanilla,0,638976,-49.370018005371094
vanilla,0,641024,-50.02354431152344
vanilla,0,643072,-49.971839904785156
vanilla,0,645120,-49.553306579589844
vanilla,0,647168,-48.839698791503906
vanilla,0,649216,-47.142311096191406
vanilla,0,651264,-45.222354888916016
vanilla,0,653312,-42.2017707824707
vanilla,0,655360,-38.7698860168457
vanilla,0,657408,-35.36446762084961
vanilla,0,659456,-31.747451782226562
vanilla,0,661504,-28.488378524780273
vanilla,0,663552,-25.45472526550293
vanilla,0,665600,-21.06043815612793
vanilla,0,667648,-2.2117931842803955
vanilla,0,669696,-0.3367466330528259
vanilla,0,671744,9.185321807861328
vanilla,0,673792,32.896156311035156
vanilla,0,675840,63.275516510009766
vanilla,0,677888,83.11258697509766
vanilla,0,679936,88.08963775634766
vanilla,0,681984,106.59891510009766
vanilla,0,684032,112.71155548095703
vanilla,0,686080,123.76652526855469
vanilla,0,688128,113.32051849365234
vanilla,0,690176,140.25357055664062
vanilla,0,692224,195.3603973388672
vanilla,0,694272,194.25872802734375
vanilla,0,696320,174.5797119140625
vanilla,0,698368,204.57456970214844
vanilla,0,700416,217.16851806640625
vanilla,0,702464,203.71401977539062
vanilla,0,704512,194.05271911621094
vanilla,0,706560,173.8478546142578
vanilla,0,708608,150.8318634033203
vanilla,0,710656,130.51779174804688
vanilla,0,712704,68.91995239257812
vanilla,0,714752,50.688262939453125
vanilla,0,716800,50.62895202636719
vanilla,0,718848,30.284502029418945
vanilla,0,720896,67.36424255371094
vanilla,0,722944,87.65481567382812
vanilla,0,724992,92.90589904785156
vanilla,0,727040,152.28334045410156
vanilla,0,729088,156.16015625
vanilla,0,731136,169.8913116455078
vanilla,0,733184,166.70828247070312
vanilla,0,735232,166.6466827392578
vanilla,0,737280,152.97377014160156
vanilla,0,739328,188.23489379882812
vanilla,0,741376,133.7193145751953
vanilla,0,743424,105.93180084228516
vanilla,0,745472,68.8254165649414
vanilla,0,747520,43.50135803222656
vanilla,0,749568,29.16337013244629
vanilla,0,751616,26.506807327270508
vanilla,0,753664,25.437564849853516
vanilla,0,755712,-2.8394088745117188
vanilla,0,757760,54.999267578125
vanilla,0,759808,14.830060005187988
vanilla,0,761856,15.7147216796875
vanilla,0,763904,21.33496856689453
vanilla,0,765952,49.95368576049805
vanilla,0,768000,87.14058685302734
vanilla,0,770048,208.3292694091797
vanilla,0,772096,210.96578979492188
vanilla,0,774144,216.20333862304688
vanilla,0,776192,215.4752197265625
vanilla,0,778240,290.72918701171875
vanilla,0,780288,305.8974609375
vanilla,0,782336,421.8409118652344
vanilla,0,784384,424.41668701171875
vanilla,0,786432,487.3396911621094
vanilla,0,788480,540.2168579101562
vanilla,0,790528,669.8330078125
vanilla,0,792576,669.7106323242188
vanilla,0,794624,670.21044921875
vanilla,0,796672,673.9219360351562
vanilla,0,798720,542.0601806640625
vanilla,0,800768,595.3490600585938
vanilla,0,802816,649.0254516601562
vanilla,0,804864,696.252197265625
vanilla,0,806912,566.1243286132812
vanilla,0,808960,590.4254760742188
vanilla,0,811008,371.267578125
vanilla,0,813056,390.01318359375
vanilla,0,815104,423.45709228515625
vanilla,0,817152,457.3035888671875
vanilla,0,819200,480.4973449707031
vanilla,0,821248,329.076416015625
vanilla,0,823296,260.5353088378906
vanilla,0,825344,252.83876037597656
vanilla,0,827392,266.2210693359375
vanilla,0,829440,267.4290771484375
vanilla,0,831488,322.4763488769531
vanilla,0,833536,366.0644836425781
vanilla,0,835584,405.4432678222656
vanilla,0,837632,475.32171630859375
vanilla,0,839680,635.6710205078125
vanilla,0,841728,807.2691650390625
vanilla,0,843776,961.8998413085938
vanilla,0,845824,1169.2557373046875
vanilla,0,847872,1313.262451171875
vanilla,0,849920,1433.2159423828125
vanilla,0,851968,1619.8367919921875
vanilla,0,854016,1795.79052734375
vanilla,0,856064,1964.351318359375
vanilla,0,858112,2099.49609375
vanilla,0,860160,2182.055908203125
vanilla,0,862208,2164.711181640625
vanilla,0,864256,2239.29296875
vanilla,0,866304,2325.59619140625
vanilla,0,868352,2383.671630859375
vanilla,0,870400,2442.39306640625
vanilla,0,872448,2395.8671875
vanilla,0,874496,2447.333740234375
vanilla,0,876544,2406.7080078125
vanilla,0,878592,2409.285400390625
vanilla,0,880640,2474.154296875
vanilla,0,882688,2510.69970703125
vanilla,0,884736,2568.095458984375
vanilla,0,886784,2551.103271484375
vanilla,0,888832,2594.67236328125
vanilla,0,890880,2595.7421875
vanilla,0,892928,2667.040771484375
vanilla,0,894976,2681.410400390625
vanilla,0,897024,2738.162109375
vanilla,0,899072,2671.977783203125
vanilla,0,901120,2650.200439453125
vanilla,0,903168,2623.326171875
vanilla,0,905216,2328.927734375
vanilla,0,907264,2055.49609375
vanilla,0,909312,1789.4346923828125
vanilla,0,911360,1489.1202392578125
vanilla,0,913408,1169.4097900390625
vanilla,0,915456,894.0838623046875
vanilla,0,917504,600.5870361328125
vanilla,0,919552,389.7536315917969
vanilla,0,921600,102.5555419921875
vanilla,0,923648,-78.07734680175781
vanilla,0,925696,-74.4411849975586
vanilla,0,927744,-70.50344848632812
vanilla,0,929792,-66.22602081298828
vanilla,0,931840,-62.438385009765625
vanilla,0,933888,-58.06868362426758
vanilla,0,935936,-54.12565231323242
vanilla,0,937984,-49.968360900878906
vanilla,0,940032,-46.53909683227539
vanilla,0,942080,-43.96949005126953
vanilla,0,944128,-41.7358283996582
vanilla,0,946176,-40.267242431640625
vanilla,0,948224,-39.07767868041992
vanilla,0,950272,-37.70022964477539
vanilla,0,952320,-36.20171356201172
vanilla,0,954368,-34.34783935546875
vanilla,0,956416,-32.6434326171875
vanilla,0,958464,-31.032394409179688
vanilla,0,960512,-29.30810546875
vanilla,0,962560,-27.749515533447266
vanilla,0,964608,-26.16693878173828
vanilla,0,966656,-24.67748260498047
vanilla,0,968704,-23.434490203857422
vanilla,0,970752,-22.43726348876953
vanilla,0,972800,-21.522891998291016
vanilla,0,974848,-20.99778175354004
vanilla,0,976896,-20.523794174194336
vanilla,0,978944,-20.281513214111328
vanilla,0,980992,-20.111003875732422
vanilla,0,983040,-19.74837875366211
vanilla,0,985088,-19.57733917236328
vanilla,0,987136,-19.434715270996094
vanilla,0,989184,-19.305274963378906
vanilla,0,991232,-19.103382110595703
vanilla,0,993280,-19.044954299926758
vanilla,0,995328,-19.050884246826172
vanilla,0,997376,-18.998424530029297
vanilla,0,999424,-18.83790397644043
vanilla,0,1001472,-18.681703567504883
vanilla,0,1003520,-18.571279525756836
vanilla,1,2048,-37.35234832763672
vanilla,1,4096,-32.90026092529297
vanilla,1,6144,-28.505746841430664
vanilla,1,8192,-23.77458381652832
vanilla,1,10240,-20.273818969726562
vanilla,1,12288,-20.763273239135742
vanilla,1,14336,-19.933839797973633
vanilla,1,16384,-17.290733337402344
vanilla,1,18432,-15.459035873413086
vanilla,1,20480,-14.082074165344238
vanilla,1,22528,-10.026437759399414
vanilla,1,24576,-7.770999431610107
vanilla,1,26624,-7.592256546020508
vanilla,1,28672,-9.084859848022461
vanilla,1,30720,-9.954802513122559
vanilla,1,32768,-10.352802276611328
vanilla,1,34816,-11.881474494934082
vanilla,1,36864,-12.412346839904785
vanilla,1,38912,-11.096197128295898
vanilla,1,40960,-10.285507202148438
vanilla,1,43008,-7.41667366027832
vanilla,1,45056,-10.044132232666016
vanilla,1,47104,-9.972862243652344
vanilla,1,49152,-10.548147201538086
vanilla,1,51200,-9.124555587768555
vanilla,1,53248,-9.87988567352295
vanilla,1,55296,-9.35634994506836
vanilla,1,57344,-6.03713321685791
vanilla,1,59392,-5.1015167236328125
vanilla,1,61440,-3.2951977252960205
vanilla,1,63488,-5.126237392425537
vanilla,1,65536,-5.861780166625977
vanilla,1,67584,-4.783532619476318
vanilla,1,69632,-6.520618915557861
vanilla,1,71680,-7.289071559906006
vanilla,1,73728,-4.609941005706787
vanilla,1,75776,-8.793730735778809
vanilla,1,77824,-9.046846389770508
vanilla,1,79872,-11.237692832946777
vanilla,1,81920,-14.031660079956055
vanilla,1,83968,-12.745028495788574
vanilla,1,86016,-8.625892639160156
vanilla,1,88064,-4.476085662841797
vanilla,1,90112,5.127613067626953
vanilla,1,92160,11.047966957092285
vanilla,1,94208,11.851495742797852
vanilla,1,96256,15.2092866897583
vanilla,1,98304,59.26351547241211
vanilla,1,100352,57.0849723815918
vanilla,1,102400,55.264076232910156
vanilla,1,104448,51.87791061401367
vanilla,1,106496,51.47003173828125
vanilla,1,108544,49.94110870361328
vanilla,1,110592,40.50876235961914
vanilla,1,112640,78.28575134277344
vanilla,1,114688,131.7594757080078
vanilla,1,116736,184.8484344482422
vanilla,1,118784,187.4645538330078
vanilla,1,120832,242.20750427246094
vanilla,1,122880,349.99114990234375
vanilla,1,124928,361.2777404785156
vanilla,1,126976,391.4901123046875
vanilla,1,129024,390.6011047363281
vanilla,1,131072,395.1434631347656
vanilla,1,133120,435.3854675292969
vanilla,1,135168,334.1105651855469
vanilla,1,137216,341.1293029785156
vanilla,1,139264,315.92974853515625
vanilla,1,141312,292.78131103515625
vanilla,1,143360,218.77633666992188
vanilla,1,145408,215.96246337890625
vanilla,1,147456,187.4518585205078
vanilla,1,149504,253.01129150390625
vanilla,1,151552,197.76524353027344
vanilla,1,153600,197.22491455078125
vanilla,1,155648,203.63270568847656
vanilla,1,157696,209.8644561767578
vanilla,1,159744,191.48065185546875
vanilla,1,161792,163.32272338867188
vanilla,1,163840,155.32275390625
vanilla,1,165888,185.30604553222656
vanilla,1,167936,172.88157653808594
vanilla,1,169984,550.6497802734375
vanilla,1,172032,629.0877075195312
vanilla,1,174080,682.2315673828125
vanilla,1,176128,691.4586791992188
vanilla,1,178176,738.3594360351562
vanilla,1,180224,842.6131591796875
vanilla,1,182272,836.0350952148438
vanilla,1,184320,834.9583129882812
vanilla,1,186368,914.0123291015625
vanilla,1,188416,933.2178955078125
vanilla,1,190464,543.4171142578125
vanilla,1,192512,601.2132568359375
vanilla,1,194560,638.0145874023438
vanilla,1,196608,658.6327514648438
vanilla,1,198656,752.7576904296875
vanilla,1,200704,683.2289428710938
vanilla,1,202752,678.1251220703125
vanilla,1,204800,626.5000610351562
vanilla,1,206848,553.10546875
vanilla,1,208896,541.5139770507812
vanilla,1,210944,468.7789611816406
vanilla,1,212992,298.1679992675781
vanilla,1,215040,215.02772521972656
vanilla,1,217088,156.5212860107422
vanilla,1,219136,15.336554527282715
vanilla,1,221184,-30.574405670166016
vanilla,1,223232,-30.52144432067871
vanilla,1,225280,-31.287588119506836
vanilla,1,227328,-32.481292724609375
vanilla,1,229376,-32.59238052368164
vanilla,1,231424,-33.03071594238281
vanilla,1,233472,-33.67937088012695
vanilla,1,235520,-34.213130950927734
vanilla,1,237568,-34.837303161621094
vanilla,1,239616,-35.178131103515625
vanilla,1,241664,-35.46542739868164
vanilla,1,243712,-35.80105972290039
vanilla,1,245760,-35.28361892700195
vanilla,1,247808,-34.84306716918945
vanilla,1,249856,-34.312522888183594
vanilla,1,251904,-33.74824905395508
vanilla,1,253952,-33.015830993652344
vanilla,1,256000,19.252458572387695
vanilla,1,258048,68.03445434570312
vanilla,1,260096,128.98460388183594
vanilla,1,262144,255.2586212158203
vanilla,1,264192,260.192626953125
vanilla,1,266240,308.51019287109375
vanilla,1,268288,364.47021484375
vanilla,1,270336,371.5776672363281
vanilla,1,272384,418.59161376953125
vanilla,1,274432,394.93963623046875
vanilla,1,276480,482.970947265625
vanilla,1,278528,454.4920959472656
vanilla,1,280576,442.54486083984375
vanilla,1,282624,431.06988525390625
vanilla,1,284672,524.3114013671875
vanilla,1,286720,666.490966796875
vanilla,1,288768,729.3777465820312
vanilla,1,290816,956.9660034179688
vanilla,1,292864,1162.8236083984375
vanilla,1,294912,1390.4168701171875
vanilla,1,296960,1494.2138671875
vanilla,1,299008,1718.7193603515625
vanilla,1,301056,2031.238525390625
vanilla,1,303104,2014.8570556640625
vanilla,1,305152,1932.6461181640625
vanilla,1,307200,1743.398193359375
vanilla,1,309248,1646.57666015625
vanilla,1,311296,1394.081787109375
vanilla,1,313344,1116.6649169921875
vanilla,1,315392,835.2802124023438
vanilla,1,317440,694.6017456054688
vanilla,1,319488,334.6201171875
vanilla,1,321536,2.24367094039917
vanilla,1,323584,-9.68950080871582
vanilla,1,325632,-22.283214569091797
vanilla,1,327680,-32.15643310546875
vanilla,1,329728,-30.354978561401367
vanilla,1,331776,-20.826255798339844
vanilla,1,333824,6.0430006980896
vanilla,1,335872,15.023674964904785
vanilla,1,337920,17.82392692565918
vanilla,1,339968,17.763683319091797
vanilla,1,342016,31.549213409423828
vanilla,1,344064,44.94654846191406
vanilla,1,346112,51.17610168457031
vanilla,1,348160,56.97834014892578
vanilla,1,350208,54.692440032958984
vanilla,1,352256,40.84278106689453
vanilla,1,354304,40.64182662963867
vanilla,1,356352,50.27885818481445
vanilla,1,358400,52.750831604003906
vanilla,1,360448,59.53390884399414
vanilla,1,362496,54.87694549560547
vanilla,1,364544,50.2049446105957
vanilla,1,366592,54.06051254272461
vanilla,1,368640,49.50518798828125
vanilla,1,370688,49.62224578857422
vanilla,1,372736,62.54875946044922
vanilla,1,374784,62.51172637939453
vanilla,1,376832,55.21247863769531
vanilla,1,378880,63.67430877685547
vanilla,1,380928,66.36146545410156
vanilla,1,382976,72.21583557128906
vanilla,1,385024,88.65660095214844
vanilla,1,387072,103.73670959472656
vanilla,1,389120,136.79937744140625
vanilla,1,391168,138.35824584960938
vanilla,1,393216,172.97662353515625
vanilla,1,395264,199.5709228515625
vanilla,1,397312,194.74124145507812
vanilla,1,399360,181.85977172851562
vanilla,1,401408,172.0196990966797
vanilla,1,403456,162.9297637939453
vanilla,1,405504,147.35208129882812
vanilla,1,407552,122.18348693847656
vanilla,1,409600,86.0883560180664
vanilla,1,411648,72.42643737792969
vanilla,1,413696,25.792041778564453
vanilla,1,415744,-9.598089218139648
vanilla,1,417792,-9.178817749023438
vanilla,1,419840,4.407120227813721
vanilla,1,421888,-4.2672600746154785
vanilla,1,423936,-3.013033866882324
vanilla,1,425984,-2.5385563373565674
vanilla,1,428032,-1.246203064918518
vanilla,1,430080,-1.0090693235397339
vanilla,1,432128,-1.2333470582962036
vanilla,1,434176,-1.2526880502700806
vanilla,1,436224,1.3588953018188477
vanilla,1,438272,-10.287999153137207
vanilla,1,440320,-10.65457534790039
vanilla,1,442368,-8.695611953735352
vanilla,1,444416,-7.253314018249512
vanilla,1,446464,-1.982698917388916
vanilla,1,448512,-1.6154649257659912
vanilla,1,450560,10.015219688415527
vanilla,1,452608,18.73402214050293
vanilla,1,454656,19.397855758666992
vanilla,1,456704,16.339174270629883
vanilla,1,458752,15.822325706481934
vanilla,1,460800,16.347875595092773
vanilla,1,462848,12.909174919128418
vanilla,1,464896,12.954806327819824
vanilla,1,466944,6.997890472412109
vanilla,1,468992,7.066014766693115
vanilla,1,471040,-4.896745681762695
vanilla,1,473088,-13.213869094848633
vanilla,1,475136,-12.983444213867188
vanilla,1,477184,-12.178221702575684
vanilla,1,479232,-9.541536331176758
vanilla,1,481280,-2.4770865440368652
vanilla,1,483328,11.25800609588623
vanilla,1,485376,27.82213020324707
vanilla,1,487424,37.482940673828125
vanilla,1,489472,37.50033187866211
vanilla,1,491520,56.666316986083984
vanilla,1,493568,62.579288482666016
vanilla,1,495616,66.13294982910156
vanilla,1,497664,64.59852600097656
vanilla,1,499712,62.184085845947266
vanilla,1,501760,55.075016021728516
vanilla,1,503808,30.891983032226562
vanilla,1,505856,15.63132095336914
vanilla,1,507904,1.842566967010498
vanilla,1,509952,-3.2681195735931396
vanilla,1,512000,-27.03369903564453
vanilla,1,514048,-38.0400276184082
vanilla,1,516096,-46.272884368896484
vanilla,1,518144,-50.30351257324219
vanilla,1,520192,-55.04777145385742
vanilla,1,522240,-57.497676849365234
vanilla,1,524288,-56.502994537353516
vanilla,1,526336,-55.56346893310547
vanilla,1,528384,-54.21646499633789
vanilla,1,530432,-52.593841552734375
vanilla,1,532480,-44.89338684082031
vanilla,1,534528,22.175830841064453
vanilla,1,536576,67.26184844970703
vanilla,1,538624,146.4506378173828
vanilla,1,540672,324.61431884765625
vanilla,1,542720,327.13983154296875
vanilla,1,544768,613.3754272460938
vanilla,1,546816,1106.3172607421875
vanilla,1,548864,1272.873291015625
vanilla,1,550912,2210.272216796875
vanilla,1,552960,2543.8525390625
vanilla,1,555008,3056.94482421875
vanilla,1,557056,3554.00830078125
vanilla,1,559104,4117.369140625
vanilla,1,561152,4735.84033203125
vanilla,1,563200,5858.8271484375
vanilla,1,565248,5961.99365234375
vanilla,1,567296,6844.10205078125
vanilla,1,569344,7621.30859375
vanilla,1,571392,7800.7060546875
vanilla,1,573440,9034.1923828125
vanilla,1,575488,9395.84765625
vanilla,1,577536,10107.6728515625
vanilla,1,579584,11085.2294921875
vanilla,1,581632,11731.66015625
vanilla,1,583680,12727.6943359375
vanilla,1,585728,13999.271484375
vanilla,1,587776,14068.8466796875
vanilla,1,589824,15167.9912109375
vanilla,1,591872,15857.9873046875
vanilla,1,593920,16400.55859375
vanilla,1,595968,16407.939453125
vanilla,1,598016,17185.24609375
vanilla,1,600064,18287.21875
vanilla,1,602112,18273.71484375
vanilla,1,604160,16845.607421875
vanilla,1,606208,14802.3798828125
vanilla,1,608256,13153.224609375
vanilla,1,610304,11648.1123046875
vanilla,1,612352,9666.5478515625
vanilla,1,614400,7477.5087890625
vanilla,1,616448,5962.3427734375
vanilla,1,618496,4093.63037109375
vanilla,1,620544,1538.1796875
vanilla,1,622592,-19.691129684448242
vanilla,1,624640,-18.324289321899414
vanilla,1,626688,-16.386564254760742
vanilla,1,628736,-15.043172836303711
vanilla,1,630784,-14.425929069519043
vanilla,1,632832,-14.56563663482666
vanilla,1,634880,-14.695013999938965
vanilla,1,636928,-16.155590057373047
vanilla,1,638976,-14.43459415435791
vanilla,1,641024,-12.493477821350098
vanilla,1,643072,-9.150344848632812
vanilla,1,645120,-4.60371208190918
vanilla,1,647168,9.018701553344727
vanilla,1,649216,14.605690956115723
vanilla,1,651264,24.49144172668457
vanilla,1,653312,42.85025405883789
vanilla,1,655360,89.27893829345703
vanilla,1,657408,116.49334716796875
vanilla,1,659456,204.1666259765625
vanilla,1,661504,306.91546630859375
vanilla,1,663552,387.82415771484375
vanilla,1,665600,496.64813232421875
vanilla,1,667648,611.1721801757812
vanilla,1,669696,732.4553833007812
vanilla,1,671744,1147.498779296875
vanilla,1,673792,1376.179443359375
vanilla,1,675840,1592.5548095703125
vanilla,1,677888,1808.0921630859375
vanilla,1,679936,2258.353515625
vanilla,1,681984,2364.859130859375
vanilla,1,684032,3074.544189453125
vanilla,1,686080,3381.950439453125
vanilla,1,688128,3235.37890625
vanilla,1,690176,3548.670654296875
vanilla,1,692224,3396.18115234375
vanilla,1,694272,3788.29052734375
vanilla,1,696320,4048.314453125
vanilla,1,698368,3600.24072265625
vanilla,1,700416,3467.012451171875
vanilla,1,702464,3551.0302734375
vanilla,1,704512,2755.23779296875
vanilla,1,706560,2464.22802734375
vanilla,1,708608,2360.1494140625
vanilla,1,710656,2009.859375
vanilla,1,712704,1719.1654052734375
vanilla,1,714752,962.8603515625
vanilla,1,716800,503.8665771484375
vanilla,1,718848,490.7078857421875
vanilla,1,720896,261.2445068359375
vanilla,1,722944,-101.57952117919922
vanilla,1,724992,-101.68798065185547
vanilla,1,727040,-101.8049545288086
vanilla,1,729088,-101.89514923095703
vanilla,1,731136,-102.0494384765625
vanilla,1,733184,-102.07701110839844
vanilla,1,735232,-101.5643081665039
vanilla,1,737280,-100.77145385742188
vanilla,1,739328,-99.79763793945312
vanilla,1,741376,-97.63282012939453
vanilla,1,743424,-94.51889038085938
vanilla,1,745472,-89.7454605102539
vanilla,1,747520,-84.87120819091797
vanilla,1,749568,-80.02519226074219
vanilla,1,751616,-74.74176025390625
vanilla,1,753664,-69.59196472167969
vanilla,1,755712,-66.45123291015625
vanilla,1,757760,-63.72030258178711
vanilla,1,759808,-61.78947830200195
vanilla,1,761856,-60.27315902709961
vanilla,1,763904,-58.969764709472656
vanilla,1,765952,-57.78277587890625
vanilla,1,768000,-56.753875732421875
vanilla,1,770048,-55.433311462402344
vanilla,1,772096,-53.32798767089844
vanilla,1,774144,-50.72018051147461
vanilla,1,776192,-47.52137756347656
vanilla,1,778240,-43.70549392700195
vanilla,1,780288,-38.428401947021484
vanilla,1,782336,-34.89915084838867
vanilla,1,784384,-31.88645362854004
vanilla,1,786432,-29.5469970703125
vanilla,1,788480,-27.24099349975586
vanilla,1,790528,-25.447261810302734
vanilla,1,792576,-24.256412506103516
vanilla,1,794624,-23.219268798828125
vanilla,1,796672,-22.304500579833984
vanilla,1,798720,-21.50301742553711
vanilla,1,800768,-21.06218719482422
vanilla,1,802816,-20.378931045532227
vanilla,1,804864,-21.05744171142578
vanilla,1,806912,-21.87898826599121
vanilla,1,808960,-22.757993698120117
vanilla,1,811008,-23.65633773803711
vanilla,1,813056,-24.713661193847656
vanilla,1,815104,-25.6236515045166
vanilla,1,817152,-26.507070541381836
vanilla,1,819200,-27.318265914916992
vanilla,1,821248,-28.19553565979004
vanilla,1,823296,-28.770654678344727
vanilla,1,825344,-28.352338790893555
vanilla,1,827392,-27.85243797302246
vanilla,1,829440,-27.19748878479004
vanilla,1,831488,-26.426542282104492
vanilla,1,833536,-25.682537078857422
vanilla,1,835584,-24.99925994873047
vanilla,1,837632,-24.269458770751953
vanilla,1,839680,-23.661231994628906
vanilla,1,841728,-23.06069564819336
vanilla,1,843776,-22.426664352416992
vanilla,1,845824,-21.656105041503906
vanilla,1,847872,-20.961811065673828
vanilla,1,849920,-20.36524200439453
vanilla,1,851968,-19.791418075561523
vanilla,1,854016,-19.127368927001953
vanilla,1,856064,-18.495512008666992
vanilla,1,858112,-16.40683364868164
vanilla,1,860160,-6.821351528167725
vanilla,1,862208,12.472006797790527
vanilla,1,864256,41.23850631713867
vanilla,1,866304,84.96099853515625
vanilla,1,868352,135.48812866210938
vanilla,1,870400,226.93809509277344
vanilla,1,872448,387.8270568847656
vanilla,1,874496,515.1412963867188
vanilla,1,876544,687.6803588867188
vanilla,1,878592,873.1851806640625
vanilla,1,880640,1073.300048828125
vanilla,1,882688,1283.759033203125
vanilla,1,884736,1472.372314453125
vanilla,1,886784,1700.8470458984375
vanilla,1,888832,1957.4000244140625
vanilla,1,890880,2148.814208984375
vanilla,1,892928,2321.357421875
vanilla,1,894976,2488.148681640625
vanilla,1,897024,2657.415283203125
vanilla,1,899072,2778.508544921875
vanilla,1,901120,2902.0341796875
vanilla,1,903168,2975.691650390625
vanilla,1,905216,2749.0712890625
vanilla,1,907264,2487.132080078125
vanilla,1,909312,2194.54736328125
vanilla,1,911360,1884.80224609375
vanilla,1,913408,1536.5699462890625
vanilla,1,915456,1222.6734619140625
vanilla,1,917504,893.0840454101562
vanilla,1,919552,561.3707885742188
vanilla,1,921600,205.0263214111328
vanilla,1,923648,-55.26980972290039
vanilla,1,925696,-55.13036346435547
vanilla,1,927744,-54.790531158447266
vanilla,1,929792,-54.44816589355469
vanilla,1,931840,-53.861915588378906
vanilla,1,933888,-53.202205657958984
vanilla,1,935936,-52.39200973510742
vanilla,1,937984,-51.383724212646484
vanilla,1,940032,-50.293460845947266
vanilla,1,942080,-49.038604736328125
vanilla,1,944128,-47.6210823059082
vanilla,1,946176,-45.995216369628906
vanilla,1,948224,-44.212467193603516
vanilla,1,950272,-42.20372772216797
vanilla,1,952320,-40.07754135131836
vanilla,1,954368,-37.63656997680664
vanilla,1,956416,-35.4047737121582
vanilla,1,958464,-33.348018646240234
vanilla,1,960512,-31.271167755126953
vanilla,1,962560,-29.43024253845215
vanilla,1,964608,-27.53104591369629
vanilla,1,966656,-25.918678283691406
vanilla,1,968704,-24.571022033691406
vanilla,1,970752,-23.292531967163086
vanilla,1,972800,-22.068635940551758
vanilla,1,974848,-21.10458755493164
vanilla,1,976896,-20.326250076293945
vanilla,1,978944,-19.568187713623047
vanilla,1,980992,-18.807544708251953
vanilla,1,983040,-18.304594039916992
vanilla,1,985088,-17.812641143798828
vanilla,1,987136,-17.293704986572266
vanilla,1,989184,-16.82337760925293
vanilla,1,991232,-16.573627471923828
vanilla,1,993280,-16.34025001525879
vanilla,1,995328,-16.117765426635742
vanilla,1,997376,-15.896804809570312
vanilla,1,999424,-15.758697509765625
vanilla,1,1001472,-15.62338638305664
vanilla,1,1003520,-15.464553833007812
vanilla,2,2048,-40.20209503173828
vanilla,2,4096,-35.17900848388672
vanilla,2,6144,-32.64680862426758
vanilla,2,8192,-27.054603576660156
vanilla,2,10240,-24.07941246032715
vanilla,2,12288,-24.491901397705078
vanilla,2,14336,-21.068744659423828
vanilla,2,16384,-19.38331413269043
vanilla,2,18432,-19.389617919921875
vanilla,2,20480,-17.750768661499023
vanilla,2,22528,-15.245800971984863
vanilla,2,24576,-13.387581825256348
vanilla,2,26624,-10.987703323364258
vanilla,2,28672,-8.820889472961426
vanilla,2,30720,-6.32716178894043
vanilla,2,32768,-4.93812894821167
vanilla,2,34816,1.5265405178070068
vanilla,2,36864,1.4916880130767822
vanilla,2,38912,2.0235583782196045
vanilla,2,40960,3.3051719665527344
vanilla,2,43008,5.72746467590332
vanilla,2,45056,4.870093822479248
vanilla,2,47104,5.21029806137085
vanilla,2,49152,6.851099491119385
vanilla,2,51200,6.164978504180908
vanilla,2,53248,3.833808422088623
vanilla,2,55296,-0.28275227546691895
vanilla,2,57344,-0.9399405717849731
vanilla,2,59392,1.6674035787582397
vanilla,2,61440,0.1919795572757721
vanilla,2,63488,1.7358653545379639
vanilla,2,65536,2.1083362102508545
vanilla,2,67584,3.339637279510498
vanilla,2,69632,-0.2783015966415405
vanilla,2,71680,0.010025889612734318
vanilla,2,73728,4.81053352355957
vanilla,2,75776,3.097156286239624
vanilla,2,77824,0.7474515438079834
vanilla,2,79872,4.336763858795166
vanilla,2,81920,3.1700844764709473
vanilla,2,83968,5.037727355957031
vanilla,2,86016,6.3712334632873535
vanilla,2,88064,3.571655035018921
vanilla,2,90112,8.108424186706543
vanilla,2,92160,6.983776569366455
vanilla,2,94208,4.941184043884277
vanilla,2,96256,5.075457572937012
vanilla,2,98304,1.645652174949646
vanilla,2,100352,-0.5357106924057007
vanilla,2,102400,-1.0688685178756714
vanilla,2,104448,98.01004028320312
vanilla,2,106496,132.7711639404297
vanilla,2,108544,270.796630859375
vanilla,2,110592,276.90069580078125
vanilla,2,112640,336.96575927734375
vanilla,2,114688,399.9111022949219
vanilla,2,116736,402.052001953125
vanilla,2,118784,488.99725341796875
vanilla,2,120832,638.9866943359375
vanilla,2,122880,642.0877075195312
vanilla,2,124928,660.9562377929688
vanilla,2,126976,930.5905151367188
vanilla,2,129024,966.5775146484375
vanilla,2,131072,990.0797729492188
vanilla,2,133120,1031.6981201171875
vanilla,2,135168,1022.144775390625
vanilla,2,137216,1063.1815185546875
vanilla,2,139264,988.1163940429688
vanilla,2,141312,1973.2962646484375
vanilla,2,143360,2001.32373046875
vanilla,2,145408,1864.95947265625
vanilla,2,147456,1526.611328125
vanilla,2,149504,1687.7764892578125
vanilla,2,151552,2778.61279296875
vanilla,2,153600,3133.70947265625
vanilla,2,155648,3262.39453125
vanilla,2,157696,3246.85400390625
vanilla,2,159744,3286.565185546875
vanilla,2,161792,2691.561767578125
vanilla,2,163840,2728.26806640625
vanilla,2,165888,2891.72705078125
vanilla,2,167936,3300.34716796875
vanilla,2,169984,3196.572998046875
vanilla,2,172032,1748.6781005859375
vanilla,2,174080,2827.890380859375
vanilla,2,176128,2698.58447265625
vanilla,2,178176,2853.5498046875
vanilla,2,180224,3037.631103515625
vanilla,2,182272,2501.640869140625
vanilla,2,184320,2541.322509765625
vanilla,2,186368,2190.731201171875
vanilla,2,188416,2232.930419921875
vanilla,2,190464,2631.484375
vanilla,2,192512,2722.98681640625
vanilla,2,194560,1715.73583984375
vanilla,2,196608,1784.98681640625
vanilla,2,198656,1712.3282470703125
vanilla,2,200704,2619.232421875
vanilla,2,202752,2567.124755859375
vanilla,2,204800,2477.10107421875
vanilla,2,206848,2269.7890625
vanilla,2,208896,2120.47705078125
vanilla,2,210944,1567.0272216796875
vanilla,2,212992,1396.741455078125
vanilla,2,215040,1357.3778076171875
vanilla,2,217088,1237.25732421875
vanilla,2,219136,-1.633918285369873
vanilla,2,221184,-27.150304794311523
vanilla,2,223232,-27.230594635009766
vanilla,2,225280,-27.280733108520508
vanilla,2,227328,-27.168588638305664
vanilla,2,229376,-27.187976837158203
vanilla,2,231424,-27.209888458251953
vanilla,2,233472,-27.09743881225586
vanilla,2,235520,-27.2269287109375
vanilla,2,237568,-27.235258102416992
vanilla,2,239616,-27.21221923828125
vanilla,2,241664,-26.868452072143555
vanilla,2,243712,-26.974809646606445
vanilla,2,245760,-26.829444885253906
vanilla,2,247808,-26.61713981628418
vanilla,2,249856,-26.869142532348633
vanilla,2,251904,-26.66383171081543
vanilla,2,253952,-24.225893020629883
vanilla,2,256000,-20.694250106811523
vanilla,2,258048,-20.240514755249023
vanilla,2,260096,-9.089507102966309
vanilla,2,262144,-8.711709022521973
vanilla,2,264192,2.22003436088562
vanilla,2,266240,17.347562789916992
vanilla,2,268288,27.185821533203125
vanilla,2,270336,33.151519775390625
vanilla,2,272384,41.97963333129883
vanilla,2,274432,70.14568328857422
vanilla,2,276480,77.55821990966797
vanilla,2,278528,88.03463745117188
vanilla,2,280576,170.9767303466797
vanilla,2,282624,303.2382507324219
vanilla,2,284672,400.9419250488281
vanilla,2,286720,719.7160034179688
vanilla,2,288768,776.3143920898438
vanilla,2,290816,929.3405151367188
vanilla,2,292864,1081.9578857421875
vanilla,2,294912,1344.6485595703125
vanilla,2,296960,1760.9208984375
vanilla,2,299008,1998.6934814453125
vanilla,2,301056,2108.079345703125
vanilla,2,303104,1941.1912841796875
vanilla,2,305152,1785.83642578125
vanilla,2,307200,1498.1475830078125
vanilla,2,309248,1437.7286376953125
vanilla,2,311296,1274.7003173828125
vanilla,2,313344,1096.29638671875
vanilla,2,315392,821.7526245117188
vanilla,2,317440,328.04150390625
vanilla,2,319488,137.03419494628906
vanilla,2,321536,-50.305301666259766
vanilla,2,323584,-45.29957962036133
vanilla,2,325632,-39.14341735839844
vanilla,2,327680,-33.31732177734375
vanilla,2,329728,-30.30476951599121
vanilla,2,331776,-26.351736068725586
vanilla,2,333824,-23.25668716430664
vanilla,2,335872,-22.89490509033203
vanilla,2,337920,-21.94957160949707
vanilla,2,339968,-21.63599967956543
vanilla,2,342016,-18.630102157592773
vanilla,2,344064,-17.563695907592773
vanilla,2,346112,-18.451398849487305
vanilla,2,348160,-18.074851989746094
vanilla,2,350208,-18.677703857421875
vanilla,2,352256,-20.173229217529297
vanilla,2,354304,-20.886978149414062
vanilla,2,356352,-19.260208129882812
vanilla,2,358400,-15.2327880859375
vanilla,2,360448,-13.920166969299316
vanilla,2,362496,-13.603913307189941
vanilla,2,364544,-10.069501876831055
vanilla,2,366592,-3.264418840408325
vanilla,2,368640,0.7995794415473938
vanilla,2,370688,15.298429489135742
vanilla,2,372736,27.61532974243164
vanilla,2,374784,41.20936965942383
vanilla,2,376832,43.712554931640625
vanilla,2,378880,53.08080291748047
vanilla,2,380928,56.38792037963867
vanilla,2,382976,144.7409210205078
vanilla,2,385024,154.1239013671875
vanilla,2,387072,199.34439086914062
vanilla,2,389120,200.16481018066406
vanilla,2,391168,362.7594299316406
vanilla,2,393216,896.2117919921875
vanilla,2,395264,1346.86767578125
vanilla,2,397312,1391.4923095703125
vanilla,2,399360,1407.0743408203125
vanilla,2,401408,2221.34423828125
vanilla,2,403456,2132.87109375
vanilla,2,405504,2118.009521484375
vanilla,2,407552,2066.755859375
vanilla,2,409600,2059.37158203125
vanilla,2,411648,1888.1600341796875
vanilla,2,413696,971.6205444335938
vanilla,2,415744,881.2418823242188
vanilla,2,417792,835.2196044921875
vanilla,2,419840,258.9269714355469
vanilla,2,421888,-14.832145690917969
vanilla,2,423936,-16.77767562866211
vanilla,2,425984,-19.288787841796875
vanilla,2,428032,-21.70083999633789
vanilla,2,430080,-23.7471981048584
vanilla,2,432128,-25.65764617919922
vanilla,2,434176,-26.669902801513672
vanilla,2,436224,-26.806015014648438
vanilla,2,438272,-25.92361068725586
vanilla,2,440320,-23.90863609313965
vanilla,2,442368,-21.69738006591797
vanilla,2,444416,-19.009164810180664
vanilla,2,446464,-16.288169860839844
vanilla,2,448512,-13.743090629577637
vanilla,2,450560,-12.059077262878418
vanilla,2,452608,-9.749286651611328
vanilla,2,454656,-8.618697166442871
vanilla,2,456704,-7.900313377380371
vanilla,2,458752,-7.628726482391357
vanilla,2,460800,-7.5769124031066895
vanilla,2,462848,-7.3915300369262695
vanilla,2,464896,-6.983217716217041
vanilla,2,466944,-6.35250997543335
vanilla,2,468992,-6.33080530166626
vanilla,2,471040,-5.78989839553833
vanilla,2,473088,-5.225810527801514
vanilla,2,475136,-5.705212116241455
vanilla,2,477184,-5.6923441886901855
vanilla,2,479232,-5.332449436187744
vanilla,2,481280,-4.916059970855713
vanilla,2,483328,-4.541845798492432
vanilla,2,485376,-5.0893025398254395
vanilla,2,487424,-4.849414348602295
vanilla,2,489472,-4.096696853637695
vanilla,2,491520,-4.3932623863220215
vanilla,2,493568,-4.6910834312438965
vanilla,2,495616,-4.118962287902832
vanilla,2,497664,-3.3076820373535156
vanilla,2,499712,-2.9533140659332275
vanilla,2,501760,-2.9773776531219482
vanilla,2,503808,-6.60852575302124
vanilla,2,505856,-9.524909019470215
vanilla,2,507904,-12.64855670928955
vanilla,2,509952,-15.996321678161621
vanilla,2,512000,-19.20625114440918
vanilla,2,514048,-21.97335433959961
vanilla,2,516096,-24.80123519897461
vanilla,2,518144,-28.234642028808594
vanilla,2,520192,-31.80113410949707
vanilla,2,522240,-34.14862823486328
vanilla,2,524288,-33.821807861328125
vanilla,2,526336,-33.5426139831543
vanilla,2,528384,-33.22237777709961
vanilla,2,530432,-32.987091064453125
vanilla,2,532480,-32.746238708496094
vanilla,2,534528,-32.56748580932617
vanilla,2,536576,-32.42055892944336
vanilla,2,538624,-32.309814453125
vanilla,2,540672,-32.11435317993164
vanilla,2,542720,-31.94083595275879
vanilla,2,544768,-31.736913681030273
vanilla,2,546816,-31.465456008911133
vanilla,2,548864,-31.112674713134766
vanilla,2,550912,-30.773235321044922
vanilla,2,552960,-30.473485946655273
vanilla,2,555008,-30.04755973815918
vanilla,2,557056,-29.649864196777344
vanilla,2,559104,-29.246692657470703
vanilla,2,561152,-28.766368865966797
vanilla,2,563200,-28.34977149963379
vanilla,2,565248,-28.094036102294922
vanilla,2,567296,-27.845746994018555
vanilla,2,569344,-27.7178897857666
vanilla,2,571392,-27.49386215209961
vanilla,2,573440,-27.35963249206543
vanilla,2,575488,-27.22274398803711
vanilla,2,577536,-27.032915115356445
vanilla,2,579584,-26.91252899169922
vanilla,2,581632,-26.82973861694336
vanilla,2,583680,-26.737031936645508
vanilla,2,585728,-26.56118392944336
vanilla,2,587776,-26.48155975341797
vanilla,2,589824,-26.547937393188477
vanilla,2,591872,-26.505489349365234
vanilla,2,593920,-26.384613037109375
vanilla,2,595968,-26.341079711914062
vanilla,2,598016,-26.309505462646484
vanilla,2,600064,-26.269311904907227
vanilla,2,602112,-26.274206161499023
vanilla,2,604160,-25.3686580657959
vanilla,2,606208,-24.327184677124023
vanilla,2,608256,-23.224788665771484
vanilla,2,610304,-19.675966262817383
vanilla,2,612352,-11.942441940307617
vanilla,2,614400,-8.572196960449219
vanilla,2,616448,-4.407527446746826
vanilla,2,618496,2.2145097255706787
vanilla,2,620544,5.689925670623779
vanilla,2,622592,9.952736854553223
vanilla,2,624640,11.832415580749512
vanilla,2,626688,13.141457557678223
vanilla,2,628736,15.281562805175781
vanilla,2,630784,9.500862121582031
vanilla,2,632832,9.170876502990723
vanilla,2,634880,9.19350528717041
vanilla,2,636928,3.3570711612701416
vanilla,2,638976,3.7721033096313477
vanilla,2,641024,6.652635097503662
vanilla,2,643072,4.295965194702148
vanilla,2,645120,6.460042476654053
vanilla,2,647168,6.127458572387695
vanilla,2,649216,5.8266496658325195
vanilla,2,651264,11.584895133972168
vanilla,2,653312,17.38115692138672
vanilla,2,655360,16.063343048095703
vanilla,2,657408,23.29794692993164
vanilla,2,659456,26.125520706176758
vanilla,2,661504,34.62165832519531
vanilla,2,663552,38.65935516357422
vanilla,2,665600,50.88896560668945
vanilla,2,667648,61.545372009277344
vanilla,2,669696,87.96197509765625
vanilla,2,671744,95.36951446533203
vanilla,2,673792,96.27570343017578
vanilla,2,675840,135.3659210205078
vanilla,2,677888,162.76461791992188
vanilla,2,679936,241.05064392089844
vanilla,2,681984,274.6280822753906
vanilla,2,684032,309.08038330078125
vanilla,2,686080,324.2077331542969
vanilla,2,688128,348.4823913574219
vanilla,2,690176,341.8668212890625
vanilla,2,692224,340.82611083984375
vanilla,2,694272,352.2313537597656
vanilla,2,696320,334.7008361816406
vanilla,2,698368,316.40399169921875
vanilla,2,700416,277.1231384277344
vanilla,2,702464,277.907958984375
vanilla,2,704512,205.7584686279297
vanilla,2,706560,191.0217742919922
vanilla,2,708608,138.57301330566406
vanilla,2,710656,116.79109191894531
vanilla,2,712704,85.88544464111328
vanilla,2,714752,59.75399398803711
vanilla,2,716800,16.962417602539062
vanilla,2,718848,-23.876298904418945
vanilla,2,720896,-54.82088088989258
vanilla,2,722944,-94.43500518798828
vanilla,2,724992,-94.58491516113281
vanilla,2,727040,-94.54931640625
vanilla,2,729088,-94.39615631103516
vanilla,2,731136,-94.28550720214844
vanilla,2,733184,-94.14895629882812
vanilla,2,735232,-93.92121124267578
vanilla,2,737280,-93.40116119384766
vanilla,2,739328,-92.56405639648438
vanilla,2,741376,-91.62657165527344
vanilla,2,743424,-90.42710876464844
vanilla,2,745472,-87.94599914550781
vanilla,2,747520,-85.44058227539062
vanilla,2,749568,-81.93379211425781
vanilla,2,751616,-78.63107299804688
vanilla,2,753664,-74.440673828125
vanilla,2,755712,-70.3216781616211
vanilla,2,757760,-66.7881851196289
vanilla,2,759808,-63.17799377441406
vanilla,2,761856,-59.302772521972656
vanilla,2,763904,-54.338687896728516
vanilla,2,765952,-49.66314697265625
vanilla,2,768000,-46.567569732666016
vanilla,2,770048,-44.31623458862305
vanilla,2,772096,-42.13508605957031
vanilla,2,774144,-40.56321334838867
vanilla,2,776192,-37.82728576660156
vanilla,2,778240,-35.623809814453125
vanilla,2,780288,-33.127986907958984
vanilla,2,782336,-30.736913681030273
vanilla,2,784384,-29.300508499145508
vanilla,2,786432,-28.9010009765625
vanilla,2,788480,-26.827783584594727
vanilla,2,790528,-24.103242874145508
vanilla,2,792576,-21.8750057220459
vanilla,2,794624,-19.854106903076172
vanilla,2,796672,-18.338821411132812
vanilla,2,798720,-16.790254592895508
vanilla,2,800768,-15.213912963867188
vanilla,2,802816,-14.498903274536133
vanilla,2,804864,-15.689806938171387
vanilla,2,806912,-17.2701416015625
vanilla,2,808960,-19.167755126953125
vanilla,2,811008,-21.24388885498047
vanilla,2,813056,-23.484451293945312
vanilla,2,815104,-25.30513572692871
vanilla,2,817152,-27.371091842651367
vanilla,2,819200,-29.669654846191406
vanilla,2,821248,-32.0806770324707
vanilla,2,823296,-33.84720993041992
vanilla,2,825344,-33.77208709716797
vanilla,2,827392,-33.66535186767578
vanilla,2,829440,-33.570213317871094
vanilla,2,831488,-33.50110626220703
vanilla,2,833536,-33.45369338989258
vanilla,2,835584,-33.37371063232422
vanilla,2,837632,-33.28595733642578
vanilla,2,839680,-33.159446716308594
vanilla,2,841728,-32.99259948730469
vanilla,2,843776,-32.890411376953125
vanilla,2,845824,-32.796390533447266
vanilla,2,847872,-32.71916961669922
vanilla,2,849920,-32.65375900268555
vanilla,2,851968,-32.58437728881836
vanilla,2,854016,-32.46670913696289
vanilla,2,856064,-32.38292694091797
vanilla,2,858112,-32.30137252807617
vanilla,2,860160,-32.23075866699219
vanilla,2,862208,-32.20661163330078
vanilla,2,864256,-32.132843017578125
vanilla,2,866304,-32.06644821166992
vanilla,2,868352,-32.003875732421875
vanilla,2,870400,-31.950971603393555
vanilla,2,872448,-31.888999938964844
vanilla,2,874496,-31.839078903198242
vanilla,2,876544,-31.76436424255371
vanilla,2,878592,-31.705472946166992
vanilla,2,880640,-31.665130615234375
vanilla,2,882688,-31.599105834960938
vanilla,2,884736,-31.578189849853516
vanilla,2,886784,-31.517671585083008
vanilla,2,888832,-31.38787269592285
vanilla,2,890880,-31.303333282470703
vanilla,2,892928,-31.223560333251953
vanilla,2,894976,-31.160491943359375
vanilla,2,897024,-31.03586196899414
vanilla,2,899072,-30.95563507080078
vanilla,2,901120,-30.8087100982666
vanilla,2,903168,-30.71815299987793
vanilla,2,905216,1191.5545654296875
vanilla,2,907264,2474.583984375
vanilla,2,909312,3831.8212890625
vanilla,2,911360,4953.5908203125
vanilla,2,913408,6332.41748046875
vanilla,2,915456,7741.890625
vanilla,2,917504,8878.4951171875
vanilla,2,919552,10032.458984375
vanilla,2,921600,11547.8203125
vanilla,2,923648,12836.4814453125
vanilla,2,925696,12786.88671875
vanilla,2,927744,12832.9462890625
vanilla,2,929792,12581.330078125
vanilla,2,931840,12769.9208984375
vanilla,2,933888,12618.1328125
vanilla,2,935936,12353.4873046875
vanilla,2,937984,12358.2646484375
vanilla,2,940032,12236.3974609375
vanilla,2,942080,12261.4921875
vanilla,2,944128,11819.302734375
vanilla,2,946176,12093.2578125
vanilla,2,948224,12128.798828125
vanilla,2,950272,11984.8310546875
vanilla,2,952320,12031.3701171875
vanilla,2,954368,12175.6669921875
vanilla,2,956416,12526.642578125
vanilla,2,958464,12827.5615234375
vanilla,2,960512,13260.453125
vanilla,2,962560,13653.7421875
vanilla,2,964608,14307.9638671875
vanilla,2,966656,14618.0849609375
vanilla,2,968704,15138.40234375
vanilla,2,970752,15953.1865234375
vanilla,2,972800,16408.88671875
vanilla,2,974848,16770.68359375
vanilla,2,976896,17243.82421875
vanilla,2,978944,17230.02734375
vanilla,2,980992,17487.349609375
vanilla,2,983040,17557.974609375
vanilla,2,985088,17681.634765625
vanilla,2,987136,17841.07421875
vanilla,2,989184,17762.005859375
vanilla,2,991232,17989.2734375
vanilla,2,993280,18245.22265625
vanilla,2,995328,18537.7421875
vanilla,2,997376,18925.802734375
vanilla,2,999424,19305.830078125
vanilla,2,1001472,19519.953125
vanilla,2,1003520,19794.6484375
