agent,seed,step,value
hace_001,0,800,-33.070796966552734
hace_001,0,1600,-29.876338958740234
hace_001,0,2400,-27.939523696899414
hace_001,0,3200,-28.32184600830078
hace_001,0,4000,-28.658294677734375
hace_001,0,4800,-29.37193489074707
hace_001,0,5600,-28.625858306884766
hace_001,0,6400,3.0989744663238525
hace_001,0,7200,0.952075719833374
hace_001,0,8000,-2.0586793422698975
hace_001,0,8800,5.285949230194092
hace_001,0,9600,2.5603322982788086
hace_001,0,10400,-4.494905471801758
hace_001,0,11200,-9.286957740783691
hace_001,0,12000,-12.588666915893555
hace_001,0,12800,-13.313124656677246
hace_001,0,13600,-13.94297981262207
hace_001,0,14400,-14.338357925415039
hace_001,0,15200,-14.621058464050293
hace_001,0,16000,-14.921515464782715
hace_001,0,16800,27.354873657226562
hace_001,0,17600,22.255266189575195
hace_001,0,18400,17.364727020263672
hace_001,0,19200,12.871413230895996
hace_001,0,20000,9.624491691589355
hace_001,0,20800,9.039884567260742
hace_001,0,21600,8.446582794189453
hace_001,0,22400,35.92095947265625
hace_001,0,23200,325.2303771972656
hace_001,0,24000,473.6666259765625
hace_001,0,24800,657.719970703125
hace_001,0,25600,879.1184692382812
hace_001,0,26400,1043.651123046875
hace_001,0,27200,1259.6202392578125
hace_001,0,28000,1426.4404296875
hace_001,0,28800,1582.2706298828125
hace_001,0,29600,1720.562744140625
hace_001,0,30400,1777.4925537109375
hace_001,0,31200,1876.80615234375
hace_001,0,32000,2058.94140625
hace_001,0,32800,2358.3671875
hace_001,0,33600,2484.407958984375
hace_001,0,34400,2658.068603515625
hace_001,0,35200,2808.928466796875
hace_001,0,36000,2963.256591796875
hace_001,0,36800,3097.888671875
hace_001,0,37600,3220.552001953125
hace_001,0,38400,3405.89013671875
hace_001,0,39200,3687.291015625
hace_001,0,40000,3727.318359375
hace_001,0,40800,3739.775634765625
hace_001,0,41600,3750.864501953125
hace_001,0,42400,3741.277099609375
hace_001,0,43200,3546.59912109375
hace_001,0,44000,3562.18603515625
hace_001,0,44800,3709.652587890625
hace_001,0,45600,3573.85302734375
hace_001,0,46400,3504.64697265625
hace_001,0,47200,3396.21533203125
hace_001,0,48000,3301.532470703125
hace_001,0,48800,3159.104248046875
hace_001,0,49600,3096.1015625
hace_001,0,50400,3764.53662109375
hace_001,0,51200,4073.435546875
hace_001,0,52000,4214.18603515625
hace_001,0,52800,4558.6337890625
hace_001,0,53600,5307.7392578125
hace_001,0,54400,5776.8857421875
hace_001,0,55200,6235.341796875
hace_001,0,56000,6657.31787109375
hace_001,0,56800,6842.3076171875
hace_001,0,57600,7192.53515625
hace_001,0,58400,7608.19580078125
hace_001,0,59200,8125.78955078125
hace_001,0,60000,9163.810546875
hace_001,0,60800,10015.373046875
hace_001,0,61600,11197.2802734375
hace_001,0,62400,13170.2275390625
hace_001,0,63200,13567.8193359375
hace_001,0,64000,14074.673828125
hace_001,0,64800,13802.626953125
hace_001,0,65600,14905.517578125
hace_001,0,66400,15792.0400390625
hace_001,0,67200,17065.36328125
hace_001,0,68000,18832.744140625
hace_001,0,68800,19660.048828125
hace_001,0,69600,20885.21484375
hace_001,0,70400,20983.7265625
hace_001,0,71200,23537.798828125
hace_001,0,72000,26354.357421875
hace_001,0,72800,27716.4765625
hace_001,0,73600,29034.33984375
hace_001,0,74400,32086.9609375
hace_001,0,75200,33563.19140625
hace_001,0,76000,35372.88671875
hace_001,0,76800,38331.56640625
hace_001,0,77600,41228.66015625
hace_001,0,78400,43205.62109375
hace_001,0,79200,44007.328125
hace_001,0,80000,45175.875
hace_001,0,80800,47517.36328125
hace_001,0,81600,49849.5546875
hace_001,0,82400,53121.5390625
hace_001,0,83200,53567.828125
hace_001,0,84000,53871.69921875
hace_001,0,84800,54036.0
hace_001,0,85600,52846.91015625
hace_001,0,86400,51954.9296875
hace_001,0,87200,53657.23046875
hace_001,0,88000,55359.4375
hace_001,0,88800,58764.3125
hace_001,0,89600,63084.484375
hace_001,0,90400,67700.0234375
hace_001,0,91200,69913.484375
hace_001,0,92000,72038.8359375
hace_001,0,92800,75320.90625
hace_001,0,93600,77982.7578125
hace_001,0,94400,81137.796875
hace_001,0,95200,80635.6328125
hace_001,0,96000,79847.2578125
hace_001,0,96800,81112.75
hace_001,0,97600,82849.4765625
hace_001,0,98400,85333.015625
hace_001,0,99200,86966.984375
hace_001,0,100000,91344.546875
hace_001,0,100800,91942.5703125
hace_001,0,101600,90396.8671875
hace_001,0,102400,88009.484375
hace_001,0,103200,91066.34375
hace_001,0,104000,93741.296875
hace_001,0,104800,96838.921875
hace_001,0,105600,99381.6171875
hace_001,0,106400,101965.265625
hace_001,0,107200,101151.8515625
hace_001,0,108000,100500.890625
hace_001,0,108800,100690.4296875
hace_001,0,109600,98420.046875
hace_001,0,110400,98233.21875
hace_001,0,111200,97944.890625
hace_001,0,112000,98554.359375
hace_001,0,112800,98623.2421875
hace_001,0,113600,98948.453125
hace_001,0,114400,97490.375
hace_001,0,115200,100601.5703125
hace_001,0,116000,103589.6953125
hace_001,0,116800,103293.5234375
hace_001,0,117600,102704.5078125
hace_001,0,118400,101951.4296875
hace_001,0,119200,102867.3359375
hace_001,0,120000,100247.2578125
hace_001,0,120800,100511.0859375
hace_001,0,121600,102577.4296875
hace_001,0,122400,103643.4375
hace_001,0,123200,103611.515625
hace_001,0,124000,103810.296875
hace_001,0,124800,104932.2109375
hace_001,0,125600,106653.015625
hace_001,0,126400,108289.4921875
hace_001,0,127200,110697.484375
hace_001,0,128000,113021.7890625
hace_001,0,128800,113527.96875
hace_001,0,129600,115030.6015625
hace_001,0,130400,115040.5
hace_001,0,131200,115743.3046875
hace_001,0,132000,115205.4609375
hace_001,0,132800,115452.7109375
hace_001,0,133600,115560.765625
hace_001,0,134400,113364.3515625
hace_001,0,135200,111912.984375
hace_001,0,136000,113279.828125
hace_001,0,136800,112183.25
hace_001,0,137600,112179.25
hace_001,0,138400,112119.21875
hace_001,0,139200,111757.3984375
hace_001,0,140000,111558.2421875
hace_001,0,140800,112737.4140625
hace_001,0,141600,113590.234375
hace_001,0,142400,114729.9375
hace_001,0,143200,115326.3828125
hace_001,0,144000,115348.796875
hace_001,0,144800,115793.6328125
hace_001,0,145600,117077.234375
hace_001,0,146400,118260.9765625
hace_001,0,147200,119432.484375
hace_001,0,148000,118929.2890625
hace_001,0,148800,120239.671875
hace_001,0,149600,121061.5390625
hace_001,0,150400,121653.6328125
hace_001,0,151200,122479.7421875
hace_001,0,152000,121266.0859375
hace_001,0,152800,121346.0859375
hace_001,0,153600,121915.96875
hace_001,0,154400,124815.265625
hace_001,0,155200,127615.4921875
hace_001,0,156000,127476.1171875
hace_001,0,156800,129997.578125
hace_001,0,157600,130705.515625
hace_001,0,158400,130669.6015625
hace_001,0,159200,131652.140625
hace_001,0,160000,133074.078125
hace_001,0,160800,130077.859375
hace_001,0,161600,129810.2578125
hace_001,0,162400,127496.421875
hace_001,0,163200,127387.515625
hace_001,0,164000,128559.6171875
hace_001,0,164800,128647.8046875
hace_001,0,165600,127391.234375
hace_001,0,166400,126620.5859375
hace_001,0,167200,124458.703125
hace_001,0,168000,124494.4375
hace_001,0,168800,122741.078125
hace_001,0,169600,121165.5703125
hace_001,0,170400,119586.3046875
hace_001,0,171200,116953.765625
hace_001,0,172000,117402.3125
hace_001,0,172800,116493.859375
hace_001,0,173600,115463.640625
hace_001,0,174400,113767.4609375
hace_001,0,175200,112145.4375
hace_001,0,176000,110018.9140625
hace_001,0,176800,108707.5859375
hace_001,0,177600,107459.2578125
hace_001,0,178400,107902.515625
hace_001,0,179200,106759.6171875
hace_001,0,180000,106043.8671875
hace_001,0,180800,108289.4140625
hace_001,0,181600,108034.921875
hace_001,0,182400,109067.6640625
hace_001,0,183200,107865.9140625
hace_001,0,184000,105742.109375
hace_001,0,184800,104949.5859375
hace_001,0,185600,104888.046875
hace_001,0,186400,104519.8984375
hace_001,0,187200,103695.7578125
hace_001,0,188000,103032.28125
hace_001,0,188800,100302.078125
hace_001,0,189600,98410.421875
hace_001,0,190400,98148.3203125
hace_001,0,191200,98136.765625
hace_001,0,192000,95890.96875
hace_001,0,192800,94555.6484375
hace_001,0,193600,93311.8359375
hace_001,0,194400,92378.34375
hace_001,0,195200,92348.2578125
hace_001,0,196000,89704.9765625
hace_001,0,196800,87554.34375
hace_001,0,197600,85360.8125
hace_001,0,198400,82998.046875
hace_001,0,199200,80282.09375
hace_001,0,200000,78339.890625
hace_001,0,200800,73864.765625
hace_001,0,201600,70522.546875
hace_001,0,202400,67677.6953125
hace_001,0,203200,65732.4140625
hace_001,0,204000,65001.09765625
hace_001,0,204800,61731.85546875
hace_001,0,205600,57518.9140625
hace_001,0,206400,54098.4296875
hace_001,0,207200,51647.88671875
hace_001,0,208000,48431.5234375
hace_001,0,208800,46698.01171875
hace_001,0,209600,47075.68359375
hace_001,0,210400,43974.1484375
hace_001,0,211200,41787.2734375
hace_001,0,212000,40097.25
hace_001,0,212800,37224.0703125
hace_001,0,213600,33639.20703125
hace_001,0,214400,30172.34765625
hace_001,0,215200,26357.921875
hace_001,0,216000,26422.171875
hace_001,0,216800,26799.275390625
hace_001,0,217600,25964.3671875
hace_001,0,218400,24866.982421875
hace_001,0,219200,25712.3671875
hace_001,0,220000,24731.388671875
hace_001,0,220800,26889.2421875
hace_001,0,221600,27706.314453125
hace_001,0,222400,28923.62109375
hace_001,0,223200,29940.48828125
hace_001,0,224000,28818.779296875
hace_001,0,224800,28593.56640625
hace_001,0,225600,28577.95703125
hace_001,0,226400,29259.037109375
hace_001,0,227200,30110.35546875
hace_001,0,228000,30764.986328125
hace_001,0,228800,31541.41015625
hace_001,0,229600,29720.23828125
hace_001,0,230400,29679.6484375
hace_001,0,231200,28808.021484375
hace_001,0,232000,28173.427734375
hace_001,0,232800,27768.138671875
hace_001,0,233600,28936.380859375
hace_001,0,234400,29718.935546875
hace_001,0,235200,30787.119140625
hace_001,0,236000,30943.83203125
hace_001,0,236800,29400.390625
hace_001,0,237600,29699.146484375
hace_001,0,238400,32239.69140625
hace_001,0,239200,33422.76953125
hace_001,0,240000,35953.75390625
hace_001,0,240800,38664.7109375
hace_001,0,241600,40959.515625
hace_001,0,242400,42483.75390625
hace_001,0,243200,43054.671875
hace_001,0,244000,45198.1484375
hace_001,0,244800,48577.546875
hace_001,0,245600,54796.09765625
hace_001,0,246400,56128.44140625
hace_001,0,247200,58617.3671875
hace_001,0,248000,61273.3515625
hace_001,0,248800,64330.48828125
hace_001,0,249600,67875.03125
hace_001,0,250400,69830.4453125
hace_001,0,251200,74947.9765625
hace_001,0,252000,79837.1015625
hace_001,0,252800,85278.2578125
hace_001,0,253600,88551.671875
hace_001,0,254400,91964.90625
hace_001,0,255200,95670.25
hace_001,0,256000,97201.5625
hace_001,0,256800,100691.4765625
hace_001,0,257600,103008.984375
hace_001,0,258400,102750.796875
hace_001,0,259200,104128.6484375
hace_001,0,260000,103495.3515625
hace_001,0,260800,102255.9375
hace_001,0,261600,102409.6484375
hace_001,0,262400,103228.203125
hace_001,0,263200,105159.5078125
hace_001,0,264000,106862.3203125
hace_001,0,264800,107716.1484375
hace_001,0,265600,106719.265625
hace_001,0,266400,108707.5
hace_001,0,267200,108475.53125
hace_001,0,268000,108202.6640625
hace_001,0,268800,107785.25
hace_001,0,269600,108590.796875
hace_001,0,270400,110755.21875
hace_001,0,271200,107612.7265625
hace_001,0,272000,106193.75
hace_001,0,272800,105019.4609375
hace_001,0,273600,101768.484375
hace_001,0,274400,102148.3359375
hace_001,0,275200,100650.859375
hace_001,0,276000,101293.015625
hace_001,0,276800,100828.8828125
hace_001,0,277600,100255.8828125
hace_001,0,278400,101255.1953125
hace_001,0,279200,99587.6796875
hace_001,0,280000,100806.1953125
hace_001,0,280800,99545.953125
hace_001,0,281600,98892.7109375
hace_001,0,282400,99120.953125
hace_001,0,283200,97433.6953125
hace_001,0,284000,97344.15625
hace_001,0,284800,96571.0859375
hace_001,0,285600,95412.1796875
hace_001,0,286400,94387.9609375
hace_001,0,287200,95035.6171875
hace_001,0,288000,96060.5546875
hace_001,0,288800,96598.7890625
hace_001,0,289600,94869.1953125
hace_001,0,290400,91841.15625
hace_001,0,291200,93129.09375
hace_001,0,292000,93203.953125
hace_001,0,292800,93054.265625
hace_001,0,293600,93889.5625
hace_001,0,294400,91538.2265625
hace_001,0,295200,89411.203125
hace_001,0,296000,86909.5234375
hace_001,0,296800,86410.2890625
hace_001,0,297600,85473.4453125
hace_001,0,298400,81720.6796875
hace_001,0,299200,81351.6015625
hace_001,0,300000,78260.3125
hace_001,0,300800,79985.53125
hace_001,0,301600,81131.296875
hace_001,0,302400,78911.375
hace_001,0,303200,78867.109375
hace_001,0,304000,77202.8515625
hace_001,0,304800,75874.1640625
hace_001,0,305600,75262.78125
hace_001,0,306400,73718.2109375
hace_001,0,307200,71929.0078125
hace_001,0,308000,71242.546875
hace_001,0,308800,72423.7109375
hace_001,0,309600,74132.3203125
hace_001,0,310400,77069.375
hace_001,0,311200,76570.0
hace_001,0,312000,77793.0078125
hace_001,0,312800,78425.34375
hace_001,0,313600,80207.3828125
hace_001,0,314400,81490.046875
hace_001,0,315200,82480.515625
hace_001,0,316000,84674.484375
hace_001,0,316800,84474.109375
hace_001,0,317600,85694.6953125
hace_001,0,318400,88124.2578125
hace_001,0,319200,89053.34375
hace_001,0,320000,90641.8203125
hace_001,0,320800,89625.875
hace_001,0,321600,87459.546875
hace_001,0,322400,87288.7109375
hace_001,0,323200,87158.6171875
hace_001,0,324000,85877.6484375
hace_001,0,324800,85316.1796875
hace_001,0,325600,84835.1171875
hace_001,0,326400,85361.2890625
hace_001,0,327200,85018.203125
hace_001,0,328000,83702.28125
hace_001,0,328800,81558.5859375
hace_001,0,329600,79101.9296875
hace_001,0,330400,76501.90625
hace_001,0,331200,75894.5234375
hace_001,0,332000,73477.375
hace_001,0,332800,71346.9765625
hace_001,0,333600,70501.265625
hace_001,0,334400,70275.84375
hace_001,0,335200,70676.5546875
hace_001,0,336000,70127.125
hace_001,0,336800,69438.0390625
hace_001,0,337600,67547.2578125
hace_001,0,338400,66573.40625
hace_001,0,339200,65365.78515625
hace_001,0,340000,63979.79296875
hace_001,0,340800,63649.33984375
hace_001,0,341600,63889.53515625
hace_001,0,342400,64603.57421875
hace_001,0,343200,64862.34765625
hace_001,0,344000,65928.578125
hace_001,0,344800,66900.1171875
hace_001,0,345600,67063.4609375
hace_001,0,346400,66408.7109375
hace_001,0,347200,67820.765625
hace_001,0,348000,68281.296875
hace_001,0,348800,68962.2421875
hace_001,0,349600,69969.0859375
hace_001,0,350400,71549.640625
hace_001,0,351200,72761.15625
hace_001,0,352000,73663.171875
hace_001,0,352800,73948.953125
hace_001,0,353600,74102.546875
hace_001,0,354400,74050.4140625
hace_001,0,355200,73945.8828125
hace_001,0,356000,74521.2265625
hace_001,0,356800,75017.3046875
hace_001,0,357600,75633.5390625
hace_001,0,358400,74241.359375
hace_001,0,359200,72804.5078125
hace_001,0,360000,70991.3125
hace_001,0,360800,68436.7421875
hace_001,0,361600,65571.4921875
hace_001,0,362400,62970.51171875
hace_001,0,363200,60534.98046875
hace_001,0,364000,58625.76171875
hace_001,0,364800,56550.34765625
hace_001,0,365600,55672.05078125
hace_001,0,366400,53423.44140625
hace_001,0,367200,53016.66015625
hace_001,0,368000,54181.21875
hace_001,0,368800,54620.7265625
hace_001,0,369600,55387.265625
hace_001,0,370400,56219.9765625
hace_001,0,371200,56913.04296875
hace_001,0,372000,58637.4609375
hace_001,0,372800,60237.1484375
hace_001,0,373600,61784.203125
hace_001,0,374400,63362.76171875
hace_001,0,375200,64996.984375
hace_001,0,376000,67404.5234375
hace_001,0,376800,69940.9765625
hace_001,0,377600,73234.3984375
hace_001,0,378400,78334.2265625
hace_001,0,379200,84105.6484375
hace_001,0,380000,89873.1875
hace_001,0,380800,95477.28125
hace_001,0,381600,101409.953125
hace_001,0,382400,106537.875
hace_001,0,383200,112177.859375
hace_001,0,384000,117872.9296875
hace_001,0,384800,122931.265625
hace_001,0,385600,124826.7109375
hace_001,0,386400,130831.953125
hace_001,0,387200,133682.6875
hace_001,0,388000,133675.046875
hace_001,0,388800,136166.46875
hace_001,0,389600,137924.65625
hace_001,0,390400,139369.84375
hace_001,0,391200,140815.140625
hace_001,0,392000,141450.15625
hace_001,0,392800,143170.828125
hace_001,0,393600,143455.015625
hace_001,0,394400,144816.625
hace_001,0,395200,146555.3125
hace_001,0,396000,145917.0625
hace_001,0,396800,143607.65625
hace_001,0,397600,144503.328125
hace_001,0,398400,145317.9375
hace_001,0,399200,145609.75
hace_001,0,400000,146599.875
hace_001,0,400800,147367.5
hace_001,0,401600,147193.828125
hace_001,0,402400,148033.125
hace_001,0,403200,147329.5625
hace_001,0,404000,147224.640625
hace_001,0,404800,145384.109375
hace_001,0,405600,147926.765625
hace_001,0,406400,147302.796875
hace_001,0,407200,146217.59375
hace_001,0,408000,146689.25
hace_001,0,408800,145546.90625
hace_001,0,409600,144133.359375
hace_001,0,410400,143533.9375
hace_001,0,411200,141549.578125
hace_001,0,412000,140451.34375
hace_001,0,412800,138150.828125
hace_001,0,413600,137667.8125
hace_001,0,414400,136240.265625
hace_001,0,415200,134270.9375
hace_001,0,416000,134232.34375
hace_001,0,416800,135473.75
hace_001,0,417600,134528.734375
hace_001,0,418400,133132.375
hace_001,0,419200,130720.5
hace_001,0,420000,127965.625
hace_001,0,420800,125529.3671875
hace_001,0,421600,124408.203125
hace_001,0,422400,122287.984375
hace_001,0,423200,121193.3046875
hace_001,0,424000,119085.46875
hace_001,0,424800,119210.0703125
hace_001,0,425600,117553.7109375
hace_001,0,426400,116483.2578125
hace_001,0,427200,116585.3359375
hace_001,0,428000,115943.0
hace_001,0,428800,114821.2734375
hace_001,0,429600,114385.9921875
hace_001,0,430400,112806.2421875
hace_001,0,431200,113452.15625
hace_001,0,432000,112945.5859375
hace_001,0,432800,112877.6640625
hace_001,0,433600,112838.640625
hace_001,0,434400,113038.5390625
hace_001,0,435200,113172.6484375
hace_001,0,436000,112762.8203125
hace_001,0,436800,112755.1875
hace_001,0,437600,112037.359375
hace_001,0,438400,111109.84375
hace_001,0,439200,110456.0078125
hace_001,0,440000,111054.8515625
hace_001,0,440800,110842.453125
hace_001,0,441600,107494.953125
hace_001,0,442400,103182.1953125
hace_001,0,443200,102906.78125
hace_001,0,444000,101060.8671875
hace_001,0,444800,99677.8984375
hace_001,0,445600,99009.7421875
hace_001,0,446400,98809.96875
hace_001,0,447200,97154.1015625
hace_001,0,448000,94898.53125
hace_001,0,448800,92381.8125
hace_001,0,449600,89399.9921875
hace_001,0,450400,86456.875
hace_001,0,451200,84053.96875
hace_001,0,452000,84125.8359375
hace_001,0,452800,83802.7890625
hace_001,0,453600,83919.2421875
hace_001,0,454400,83771.65625
hace_001,0,455200,84012.4375
hace_001,0,456000,82799.671875
hace_001,0,456800,84117.828125
hace_001,0,457600,83530.4921875
hace_001,0,458400,82483.0
hace_001,0,459200,82955.1484375
hace_001,0,460000,81345.4296875
hace_001,0,460800,79494.0546875
hace_001,0,461600,79805.2109375
hace_001,0,462400,81863.640625
hace_001,0,463200,80564.6328125
hace_001,0,464000,80368.703125
hace_001,0,464800,77678.3828125
hace_001,0,465600,74692.984375
hace_001,0,466400,72440.2109375
hace_001,0,467200,71723.2890625
hace_001,0,468000,72363.875
hace_001,0,468800,73033.09375
hace_001,0,469600,76599.125
hace_001,0,470400,78062.265625
hace_001,0,471200,78509.25
hace_001,0,472000,76478.2265625
hace_001,0,472800,75414.0234375
hace_001,0,473600,73643.453125
hace_001,0,474400,71616.765625
hace_001,0,475200,69806.7265625
hace_001,0,476000,70299.4609375
hace_001,0,476800,67180.3515625
hace_001,0,477600,66752.3515625
hace_001,0,478400,67486.6875
hace_001,0,479200,67115.5
hace_001,0,480000,67091.4453125
hace_001,0,480800,68141.0859375
hace_001,0,481600,70109.1015625
hace_001,0,482400,71324.5625
hace_001,0,483200,71575.1015625
hace_001,0,484000,71976.3515625
hace_001,0,484800,74608.3125
hace_001,0,485600,76183.5234375
hace_001,0,486400,77406.171875
hace_001,0,487200,78697.375
hace_001,0,488000,79052.734375
hace_001,0,488800,79573.2109375
hace_001,0,489600,78359.3671875
hace_001,0,490400,79079.7890625
hace_001,0,491200,79966.1484375
hace_001,0,492000,80783.328125
hace_001,0,492800,81523.0234375
hace_001,0,493600,81298.3828125
hace_001,0,494400,81453.1875
hace_001,0,495200,81342.15625
hace_001,0,496000,79897.5703125
hace_001,0,496800,80315.1171875
hace_001,0,497600,79582.1328125
hace_001,0,498400,78443.3671875
hace_001,0,499200,77153.9609375
hace_001,0,500000,77943.09375
hace_001,0,500800,74808.09375
hace_001,0,501600,71237.734375
hace_001,0,502400,67963.28125
hace_001,0,503200,64660.484375
hace_001,0,504000,61791.48046875
hace_001,0,504800,58737.58984375
hace_001,0,505600,55819.2265625
hace_001,0,506400,52849.921875
hace_001,0,507200,49157.4453125
hace_001,0,508000,46129.296875
hace_001,0,508800,43216.98046875
hace_001,0,509600,39761.7578125
hace_001,0,510400,36674.625
hace_001,0,511200,32967.8203125
hace_001,0,512000,30109.994140625
hace_001,0,512800,26774.978515625
hace_001,0,513600,24251.626953125
hace_001,0,514400,21330.21484375
hace_001,0,515200,18461.08203125
hace_001,0,516000,16182.9306640625
hace_001,0,516800,13058.224609375
hace_001,0,517600,10417.6982421875
hace_001,0,518400,7629.1572265625
hace_001,0,519200,5429.6279296875
hace_001,0,520000,1767.54052734375
hace_001,0,520800,2052.4228515625
hace_001,0,521600,2182.36328125
hace_001,0,522400,2589.577392578125
hace_001,0,523200,2771.982421875
hace_001,0,524000,2881.8876953125
hace_001,0,524800,3031.69580078125
hace_001,0,525600,3070.785400390625
hace_001,0,526400,3310.59521484375
hace_001,0,527200,3223.09521484375
hace_001,0,528000,3627.46044921875
hace_001,0,528800,3524.592041015625
hace_001,0,529600,3334.1787109375
hace_001,0,530400,3663.487060546875
hace_001,0,531200,3601.15966796875
hace_001,0,532000,3725.960205078125
hace_001,0,532800,3750.221923828125
hace_001,0,533600,4054.520263671875
hace_001,0,534400,4106.84033203125
hace_001,0,535200,4141.71826171875
hace_001,0,536000,4163.1572265625
hace_001,0,536800,4188.89501953125
hace_001,0,537600,4092.919189453125
hace_001,0,538400,4038.114990234375
hace_001,0,539200,3961.59326171875
hace_001,0,540000,3904.904541015625
hace_001,0,540800,3736.9228515625
hace_001,0,541600,3821.01318359375
hace_001,0,542400,3550.474609375
hace_001,0,543200,3518.0693359375
hace_001,0,544000,3613.239501953125
hace_001,0,544800,3640.1865234375
hace_001,0,545600,3766.8671875
hace_001,0,546400,3451.09814453125
hace_001,0,547200,3491.319580078125
hace_001,0,548000,3076.8603515625
hace_001,0,548800,3047.316162109375
hace_001,0,549600,3077.57666015625
hace_001,0,550400,2619.9833984375
hace_001,0,551200,2578.913330078125
hace_001,0,552000,2446.54345703125
hace_001,0,552800,2386.99609375
hace_001,0,553600,2060.8173828125
hace_001,0,554400,2013.5626220703125
hace_001,0,555200,1982.740478515625
hace_001,0,556000,1930.5150146484375
hace_001,0,556800,1750.0870361328125
hace_001,0,557600,1758.4530029296875
hace_001,0,558400,1787.9952392578125
hace_001,0,559200,1773.3671875
hace_001,0,560000,1826.439453125
hace_001,0,560800,1871.429443359375
hace_001,0,561600,1735.9267578125
hace_001,0,562400,1716.73828125
hace_001,0,563200,1910.9444580078125
hace_001,0,564000,1997.497314453125
hace_001,0,564800,1936.632080078125
hace_001,0,565600,1894.01025390625
hace_001,0,566400,2053.489990234375
hace_001,0,567200,2063.305419921875
hace_001,0,568000,2031.3992919921875
hace_001,0,568800,2024.141845703125
hace_001,0,569600,1949.3104248046875
hace_001,0,570400,1946.8094482421875
hace_001,0,571200,1946.1409912109375
hace_001,0,572000,1945.616943359375
hace_001,0,572800,1943.7965087890625
hace_001,0,573600,1942.6077880859375
hace_001,0,574400,1936.775390625
hace_001,0,575200,1930.9130859375
hace_001,0,576000,1926.6263427734375
hace_001,0,576800,1914.4947509765625
hace_001,0,577600,1885.1368408203125
hace_001,0,578400,1774.9527587890625
hace_001,0,579200,1754.4061279296875
hace_001,0,580000,1664.4168701171875
hace_001,0,580800,1514.4969482421875
hace_001,0,581600,1474.4493408203125
hace_001,0,582400,1371.8211669921875
hace_001,0,583200,1026.927978515625
hace_001,0,584000,727.2315063476562
hace_001,0,584800,607.6900634765625
hace_001,0,585600,442.8949890136719
hace_001,0,586400,246.73788452148438
hace_001,0,587200,217.76637268066406
hace_001,0,588000,338.0335693359375
hace_001,0,588800,1227.7332763671875
hace_001,0,589600,1614.6138916015625
hace_001,0,590400,3091.276611328125
hace_001,0,591200,3889.593505859375
hace_001,0,592000,5584.705078125
hace_001,0,592800,6434.95654296875
hace_001,0,593600,6435.53955078125
hace_001,0,594400,6473.53564453125
hace_001,0,595200,6487.38525390625
hace_001,0,596000,7252.44677734375
hace_001,0,596800,7578.10986328125
hace_001,0,597600,8218.974609375
hace_001,0,598400,8846.9814453125
hace_001,0,599200,9510.19140625
hace_001,0,600000,9897.45703125
hace_001,0,600800,10566.765625
hace_001,0,601600,10750.7880859375
hace_001,0,602400,10769.0830078125
hace_001,0,603200,11067.1669921875
hace_001,0,604000,11100.796875
hace_001,0,604800,11104.7646484375
hace_001,0,605600,11106.947265625
hace_001,0,606400,11106.705078125
hace_001,0,607200,11056.30078125
hace_001,0,608000,10895.0390625
hace_001,0,608800,10005.1240234375
hace_001,0,609600,9618.0107421875
hace_001,0,610400,8141.1630859375
hace_001,0,611200,7342.3251953125
hace_001,0,612000,5668.47607421875
hace_001,0,612800,4824.72705078125
hace_001,0,613600,4824.78369140625
hace_001,0,614400,4787.0771484375
hace_001,0,615200,4773.41552734375
hace_001,0,616000,4013.99755859375
hace_001,0,616800,3940.45263671875
hace_001,0,617600,3283.105712890625
hace_001,0,618400,2714.482177734375
hace_001,0,619200,2190.651123046875
hace_001,0,620000,1802.725341796875
hace_001,0,620800,1121.701416015625
hace_001,0,621600,1025.5235595703125
hace_001,0,622400,1123.72509765625
hace_001,0,623200,905.4771728515625
hace_001,0,624000,976.237060546875
hace_001,0,624800,973.385009765625
hace_001,0,625600,972.496826171875
hace_001,0,626400,973.5601806640625
hace_001,0,627200,954.8764038085938
hace_001,0,628000,950.9124755859375
hace_001,0,628800,951.6898193359375
hace_001,0,629600,952.4691772460938
hace_001,0,630400,954.3361206054688
hace_001,0,631200,959.7355346679688
hace_001,0,632000,945.7642822265625
hace_001,0,632800,946.9178466796875
hace_001,0,633600,950.53564453125
hace_001,0,634400,951.0299682617188
hace_001,0,635200,953.1475219726562
hace_001,0,636000,948.3394775390625
hace_001,0,636800,715.3171997070312
hace_001,0,637600,723.6093139648438
hace_001,0,638400,664.3169555664062
hace_001,0,639200,467.94281005859375
hace_001,0,640000,466.96136474609375
hace_001,0,640800,484.8785705566406
hace_001,0,641600,358.8414001464844
hace_001,0,642400,227.9676971435547
hace_001,0,643200,150.81668090820312
hace_001,0,644000,53.350013732910156
hace_001,0,644800,53.15504455566406
hace_001,0,645600,53.435951232910156
hace_001,0,646400,55.18984603881836
hace_001,0,647200,55.33293914794922
hace_001,0,648000,61.487003326416016
hace_001,0,648800,69.75092315673828
hace_001,0,649600,73.29646301269531
hace_001,0,650400,81.79466247558594
hace_001,0,651200,77.99263763427734
hace_001,0,652000,106.37808227539062
hace_001,0,652800,176.3892822265625
hace_001,0,653600,180.03524780273438
hace_001,0,654400,179.56027221679688
hace_001,0,655200,182.3853302001953
hace_001,0,656000,260.11749267578125
hace_001,0,656800,247.87171936035156
hace_001,0,657600,239.996826171875
hace_001,0,658400,399.6742858886719
hace_001,0,659200,394.16790771484375
hace_001,0,660000,434.79449462890625
hace_001,0,660800,460.8793640136719
hace_001,0,661600,711.0038452148438
hace_001,0,662400,1306.2255859375
hace_001,0,663200,1362.2705078125
hace_001,0,664000,1376.36669921875
hace_001,0,664800,1453.6728515625
hace_001,0,665600,2365.209716796875
hace_001,0,666400,2362.564208984375
hace_001,0,667200,2968.087890625
hace_001,0,668000,2960.994140625
hace_001,0,668800,3046.734375
hace_001,0,669600,3041.663330078125
hace_001,0,670400,3032.106689453125
hace_001,0,671200,3034.318115234375
hace_001,0,672000,2999.228759765625
hace_001,0,672800,2922.2041015625
hace_001,0,673600,2914.700927734375
hace_001,0,674400,2917.22314453125
hace_001,0,675200,2917.121826171875
hace_001,0,676000,2838.845458984375
hace_001,0,676800,2832.42626953125
hace_001,0,677600,2849.96826171875
hace_001,0,678400,2693.31640625
hace_001,0,679200,2792.78662109375
hace_001,0,680000,2751.921875
hace_001,0,680800,2719.18701171875
hace_001,0,681600,2473.783203125
hace_001,0,682400,1878.1063232421875
hace_001,0,683200,1821.642333984375
hace_001,0,684000,1801.2623291015625
hace_001,0,684800,1724.9674072265625
hace_001,0,685600,827.0365600585938
hace_001,0,686400,831.8165893554688
hace_001,0,687200,242.57261657714844
hace_001,0,688000,245.63819885253906
hace_001,0,688800,187.40106201171875
hace_001,0,689600,188.71575927734375
hace_001,0,690400,226.66432189941406
hace_001,0,691200,240.0341339111328
hace_001,0,692000,268.56988525390625
hace_001,0,692800,268.7705993652344
hace_001,0,693600,293.03497314453125
hace_001,0,694400,291.0533447265625
hace_001,0,695200,285.9236755371094
hace_001,0,696000,285.5746765136719
hace_001,0,696800,285.546142578125
hace_001,0,697600,268.2318115234375
hace_001,0,698400,264.4925537109375
hace_001,0,699200,164.80520629882812
hace_001,0,700000,164.6163330078125
hace_001,0,700800,152.53526306152344
hace_001,0,701600,147.4593048095703
hace_001,0,702400,147.96522521972656
hace_001,0,703200,146.4565887451172
hace_001,0,704000,146.47271728515625
hace_001,0,704800,145.33828735351562
hace_001,0,705600,130.82846069335938
hace_001,0,706400,126.3333740234375
hace_001,0,707200,109.56663513183594
hace_001,0,708000,106.86998748779297
hace_001,0,708800,70.9836654663086
hace_001,0,709600,71.01398468017578
hace_001,0,710400,32.726051330566406
hace_001,0,711200,15.333817481994629
hace_001,0,712000,-13.463716506958008
hace_001,0,712800,-13.38415241241455
hace_001,0,713600,-37.48388671875
hace_001,0,714400,-37.61091613769531
hace_001,0,715200,-37.05453109741211
hace_001,0,716000,-36.389366149902344
hace_001,0,716800,-36.27475357055664
hace_001,0,717600,-35.957855224609375
hace_001,0,718400,-35.507511138916016
hace_001,0,719200,-35.03783416748047
hace_001,0,720000,-34.622398376464844
hace_001,0,720800,-33.62181091308594
hace_001,0,721600,-31.969051361083984
hace_001,0,722400,-32.45042419433594
hace_001,0,723200,-32.6615104675293
hace_001,0,724000,-32.431392669677734
hace_001,0,724800,-30.438234329223633
hace_001,0,725600,-30.100099563598633
hace_001,0,726400,-29.878999710083008
hace_001,0,727200,-29.79749298095703
hace_001,0,728000,-29.53177261352539
hace_001,0,728800,-29.795595169067383
hace_001,0,729600,-30.083738327026367
hace_001,0,730400,-29.893312454223633
hace_001,0,731200,-28.556156158447266
hace_001,0,732000,-28.917211532592773
hace_001,0,732800,-23.391469955444336
hace_001,0,733600,-23.38871192932129
hace_001,0,734400,-23.625307083129883
hace_001,0,735200,-23.61408805847168
hace_001,0,736000,-23.70491600036621
hace_001,0,736800,-23.869943618774414
hace_001,0,737600,-16.86502456665039
hace_001,0,738400,-17.030384063720703
hace_001,0,739200,-17.449993133544922
hace_001,0,740000,-18.015945434570312
hace_001,0,740800,-18.458768844604492
hace_001,0,741600,-19.68865203857422
hace_001,0,742400,-17.968734741210938
hace_001,0,743200,-17.546737670898438
hace_001,0,744000,-17.77936363220215
hace_001,0,744800,-19.87332534790039
hace_001,0,745600,-18.873794555664062
hace_001,0,746400,-17.99603271484375
hace_001,0,747200,-17.90199089050293
hace_001,0,748000,-2.4919753074645996
hace_001,0,748800,5.517758369445801
hace_001,0,749600,6.034943580627441
hace_001,0,750400,5.924093246459961
hace_001,0,751200,12.688578605651855
hace_001,0,752000,15.296099662780762
hace_001,0,752800,9.530959129333496
hace_001,0,753600,9.294255256652832
hace_001,0,754400,9.10039234161377
hace_001,0,755200,9.272339820861816
hace_001,0,756000,8.792137145996094
hace_001,0,756800,8.444975852966309
hace_001,0,757600,79.83782958984375
hace_001,0,758400,98.91101837158203
hace_001,0,759200,128.2841339111328
hace_001,0,760000,128.8139190673828
hace_001,0,760800,131.3450164794922
hace_001,0,761600,162.4265594482422
hace_001,0,762400,160.79737854003906
hace_001,0,763200,160.0768585205078
hace_001,0,764000,159.64736938476562
hace_001,0,764800,190.9431915283203
hace_001,0,765600,195.74850463867188
hace_001,0,766400,194.9258270263672
hace_001,0,767200,194.9616241455078
hace_001,0,768000,185.49818420410156
hace_001,0,768800,177.3089599609375
hace_001,0,769600,176.5089569091797
hace_001,0,770400,176.3454132080078
hace_001,0,771200,169.2827911376953
hace_001,0,772000,167.0362091064453
hace_001,0,772800,166.51222229003906
hace_001,0,773600,166.4456787109375
hace_001,0,774400,168.32708740234375
hace_001,0,775200,167.78475952148438
hace_001,0,776000,179.38856506347656
hace_001,0,776800,179.89138793945312
hace_001,0,777600,101.28433990478516
hace_001,0,778400,82.47368621826172
hace_001,0,779200,53.154483795166016
hace_001,0,780000,53.364234924316406
hace_001,0,780800,50.629844665527344
hace_001,0,781600,50.27851867675781
hace_001,0,782400,60.34819030761719
hace_001,0,783200,66.58052062988281
hace_001,0,784000,71.32305908203125
hace_001,0,784800,40.68620300292969
hace_001,0,785600,35.23924255371094
hace_001,0,786400,35.669063568115234
hace_001,0,787200,83.91167449951172
hace_001,0,788000,78.85639953613281
hace_001,0,788800,79.45194244384766
hace_001,0,789600,80.59854888916016
hace_001,0,790400,100.6387710571289
hace_001,0,791200,123.24775695800781
hace_001,0,792000,204.53256225585938
hace_001,0,792800,243.209228515625
hace_001,0,793600,262.1512451171875
hace_001,0,794400,267.27471923828125
hace_001,0,795200,291.64752197265625
hace_001,0,796000,290.1236572265625
hace_001,0,796800,300.39886474609375
hace_001,0,797600,310.04901123046875
hace_001,0,798400,309.9788513183594
hace_001,0,799200,311.1838073730469
hace_001,0,800000,334.4507141113281
hace_001,0,800800,339.9465637207031
hace_001,0,801600,363.076171875
hace_001,0,802400,373.9388427734375
hace_001,0,803200,367.8816833496094
hace_001,0,804000,366.7832946777344
hace_001,0,804800,370.60430908203125
hace_001,0,805600,383.7400817871094
hace_001,0,806400,398.737060546875
hace_001,0,807200,398.8194274902344
hace_001,0,808000,442.519287109375
hace_001,0,808800,470.37640380859375
hace_001,0,809600,469.7170104980469
hace_001,0,810400,451.52197265625
hace_001,0,811200,438.2159729003906
hace_001,0,812000,359.0943908691406
hace_001,0,812800,320.73760986328125
hace_001,0,813600,309.8011169433594
hace_001,0,814400,303.2646484375
hace_001,0,815200,376.5972595214844
hace_001,0,816000,404.8278503417969
hace_001,0,816800,442.1193542480469
hace_001,0,817600,477.5237121582031
hace_001,0,818400,486.5862731933594
hace_001,0,819200,663.623046875
hace_001,0,820000,639.2184448242188
hace_001,0,820800,653.4019165039062
hace_001,0,821600,661.3919677734375
hace_001,0,822400,718.4437866210938
hace_001,0,823200,777.4522705078125
hace_001,0,824000,822.835693359375
hace_001,0,824800,1032.909912109375
hace_001,0,825600,1061.4627685546875
hace_001,0,826400,1320.3448486328125
hace_001,0,827200,1297.007568359375
hace_001,0,828000,1252.79345703125
hace_001,0,828800,1243.35107421875
hace_001,0,829600,1253.27685546875
hace_001,0,830400,1343.0831298828125
hace_001,0,831200,1356.993896484375
hace_001,0,832000,1386.545166015625
hace_001,0,832800,1421.6207275390625
hace_001,0,833600,1420.8709716796875
hace_001,0,834400,1433.108642578125
hace_001,0,835200,1352.582763671875
hace_001,0,836000,1336.8621826171875
hace_001,0,836800,1296.110595703125
hace_001,0,837600,1268.3643798828125
hace_001,0,838400,1264.9085693359375
hace_001,0,839200,1107.89990234375
hace_001,0,840000,1118.5235595703125
hace_001,0,840800,1119.046630859375
hace_001,0,841600,1078.966796875
hace_001,0,842400,1009.7089233398438
hace_001,0,843200,973.9150390625
hace_001,0,844000,938.3370361328125
hace_001,0,844800,749.2046508789062
hace_001,0,845600,751.1326904296875
hace_001,0,846400,512.7322387695312
hace_001,0,847200,501.08807373046875
hace_001,0,848000,582.1356201171875
hace_001,0,848800,619.9090576171875
hace_001,0,849600,642.9641723632812
hace_001,0,850400,582.69384765625
hace_001,0,851200,579.1844482421875
hace_001,0,852000,612.717041015625
hace_001,0,852800,618.276123046875
hace_001,0,853600,640.71728515625
hace_001,0,854400,652.4783935546875
hace_001,0,855200,659.7529907226562
hace_001,0,856000,661.1467895507812
hace_001,0,856800,696.931640625
hace_001,0,857600,704.9456176757812
hace_001,0,858400,717.5529174804688
hace_001,0,859200,735.0392456054688
hace_001,0,860000,742.6781005859375
hace_001,0,860800,731.296142578125
hace_001,0,861600,736.8470458984375
hace_001,0,862400,737.0654296875
hace_001,0,863200,735.4014892578125
hace_001,0,864000,761.6781005859375
hace_001,0,864800,745.4569091796875
hace_001,0,865600,722.9940185546875
hace_001,0,866400,704.0748291015625
hace_001,0,867200,691.3463745117188
hace_001,0,868000,612.2532958984375
hace_001,0,868800,556.6063842773438
hace_001,0,869600,525.3366088867188
hace_001,0,870400,496.12554931640625
hace_001,0,871200,489.415283203125
hace_001,0,872000,474.260498046875
hace_001,0,872800,437.3111572265625
hace_001,0,873600,436.8110046386719
hace_001,0,874400,421.6191711425781
hace_001,0,875200,401.6664733886719
hace_001,0,876000,380.3851013183594
hace_001,0,876800,339.59283447265625
hace_001,0,877600,337.4547119140625
hace_001,0,878400,320.1191101074219
hace_001,0,879200,307.2565612792969
hace_001,0,880000,297.1952819824219
hace_001,0,880800,296.6741027832031
hace_001,0,881600,292.0875244140625
hace_001,0,882400,305.7276611328125
hace_001,0,883200,286.6209411621094
hace_001,0,884000,259.2670593261719
hace_001,0,884800,300.8531799316406
hace_001,0,885600,312.425048828125
hace_001,0,886400,303.35888671875
hace_001,0,887200,309.86187744140625
hace_001,0,888000,333.1126708984375
hace_001,0,888800,340.24224853515625
hace_001,0,889600,364.99969482421875
hace_001,0,890400,378.1337890625
hace_001,0,891200,367.1234130859375
hace_001,0,892000,327.4281005859375
hace_001,0,892800,327.051513671875
hace_001,0,893600,297.56805419921875
hace_001,0,894400,299.6487731933594
hace_001,0,895200,318.3822021484375
hace_001,0,896000,318.7388000488281
hace_001,0,896800,351.9940490722656
hace_001,0,897600,335.3550109863281
hace_001,0,898400,340.955078125
hace_001,0,899200,317.6310729980469
hace_001,0,900000,315.1071472167969
hace_001,0,900800,316.2974853515625
hace_001,0,901600,306.32586669921875
hace_001,0,902400,293.59832763671875
hace_001,0,903200,298.6971130371094
hace_001,0,904000,294.7243347167969
hace_001,0,904800,249.744873046875
hace_001,0,905600,227.52464294433594
hace_001,0,906400,225.7947998046875
hace_001,0,907200,218.80868530273438
hace_001,0,908000,201.380859375
hace_001,0,908800,205.97329711914062
hace_001,0,909600,184.43499755859375
hace_001,0,910400,179.08082580566406
hace_001,0,911200,187.19590759277344
hace_001,0,912000,181.21348571777344
hace_001,0,912800,180.58419799804688
hace_001,0,913600,187.12977600097656
hace_001,0,914400,179.3329620361328
hace_001,0,915200,166.5588836669922
hace_001,0,916000,170.03421020507812
hace_001,0,916800,152.6787872314453
hace_001,0,917600,153.41757202148438
hace_001,0,918400,150.0979461669922
hace_001,0,919200,153.89230346679688
hace_001,0,920000,153.71453857421875
hace_001,0,920800,149.38812255859375
hace_001,0,921600,141.69635009765625
hace_001,0,922400,135.17507934570312
hace_001,0,923200,131.3831787109375
hace_001,0,924000,129.1353302001953
hace_001,0,924800,133.0754852294922
hace_001,0,925600,130.49969482421875
hace_001,0,926400,132.21978759765625
hace_001,0,927200,136.79042053222656
hace_001,0,928000,135.4853057861328
hace_001,0,928800,125.42828369140625
hace_001,0,929600,127.2547607421875
hace_001,0,930400,123.93181610107422
hace_001,0,931200,124.109375
hace_001,0,932000,125.2627182006836
hace_001,0,932800,128.0742950439453
hace_001,0,933600,127.82139587402344
hace_001,0,934400,140.41018676757812
hace_001,0,935200,140.36276245117188
hace_001,0,936000,155.6500701904297
hace_001,0,936800,163.4539337158203
hace_001,0,937600,166.4210205078125
hace_001,0,938400,194.89222717285156
hace_001,0,939200,231.98251342773438
hace_001,0,940000,230.2593231201172
hace_001,0,940800,243.4490203857422
hace_001,0,941600,241.41403198242188
hace_001,0,942400,241.0471649169922
hace_001,0,943200,241.30142211914062
hace_001,0,944000,239.40386962890625
hace_001,0,944800,238.19235229492188
hace_001,0,945600,243.3474884033203
hace_001,0,946400,274.4490966796875
hace_001,0,947200,312.95037841796875
hace_001,0,948000,331.8835754394531
hace_001,0,948800,343.34368896484375
hace_001,0,949600,364.451416015625
hace_001,0,950400,392.21490478515625
hace_001,0,951200,396.248291015625
hace_001,0,952000,469.3145446777344
hace_001,0,952800,484.5873718261719
hace_001,0,953600,505.0877380371094
hace_001,0,954400,504.1322937011719
hace_001,0,955200,505.9087219238281
hace_001,0,956000,504.6867370605469
hace_001,0,956800,490.79248046875
hace_001,0,957600,499.53875732421875
hace_001,0,958400,478.3832092285156
hace_001,0,959200,452.5906982421875
hace_001,0,960000,469.4898376464844
hace_001,0,960800,479.6458740234375
hace_001,0,961600,493.0701904296875
hace_001,0,962400,498.0977478027344
hace_001,0,963200,496.7577209472656
hace_001,0,964000,500.6786804199219
hace_001,0,964800,498.9684143066406
hace_001,0,965600,488.4181213378906
hace_001,0,966400,475.48638916015625
hace_001,0,967200,442.5916442871094
hace_001,0,968000,417.2283630371094
hace_001,0,968800,403.6662292480469
hace_001,0,969600,376.3551330566406
hace_001,0,970400,342.57366943359375
hace_001,0,971200,328.7698974609375
hace_001,0,972000,253.54840087890625
hace_001,0,972800,233.0524444580078
hace_001,0,973600,207.16473388671875
hace_001,0,974400,192.5006103515625
hace_001,0,975200,180.99481201171875
hace_001,0,976000,161.15638732910156
hace_001,0,976800,149.97816467285156
hace_001,0,977600,131.54818725585938
hace_001,0,978400,121.264404296875
hace_001,0,979200,104.34911346435547
hace_001,0,980000,87.89488220214844
hace_001,0,980800,60.09199523925781
hace_001,0,981600,119.94340515136719
hace_001,0,982400,148.69021606445312
hace_001,0,983200,183.21656799316406
hace_001,0,984000,175.90318298339844
hace_001,0,984800,183.88832092285156
hace_001,0,985600,181.00607299804688
hace_001,0,986400,156.5310821533203
hace_001,0,987200,152.65838623046875
hace_001,0,988000,155.0310516357422
hace_001,0,988800,174.31863403320312
hace_001,0,989600,175.294189453125
hace_001,0,990400,176.50772094726562
hace_001,0,991200,176.90318298339844
hace_001,0,992000,174.21429443359375
hace_001,0,992800,176.08770751953125
hace_001,0,993600,178.1378631591797
hace_001,0,994400,179.6035919189453
hace_001,0,995200,181.54437255859375
hace_001,0,996000,183.19821166992188
hace_001,0,996800,183.94189453125
hace_001,0,997600,192.9729461669922
hace_001,0,998400,201.86599731445312
hace_001,0,999200,203.4283905029297
hace_001,0,1000000,214.27496337890625
hace_003,0,800,-33.06786346435547
hace_003,0,1600,-29.868648529052734
hace_003,0,2400,-27.94174575805664
hace_003,0,3200,-28.3251953125
hace_003,0,4000,-28.66193199157715
hace_003,0,4800,-29.377405166625977
hace_003,0,5600,-28.633310317993164
hace_003,0,6400,2.633885145187378
hace_003,0,7200,0.036767277866601944
hace_003,0,8000,-2.732954263687134
hace_003,0,8800,10.244620323181152
hace_003,0,9600,6.264921188354492
hace_003,0,10400,1.1597541570663452
hace_003,0,11200,-4.0947265625
hace_003,0,12000,-7.5141215324401855
hace_003,0,12800,-8.766704559326172
hace_003,0,13600,-9.57180118560791
hace_003,0,14400,-10.406011581420898
hace_003,0,15200,-11.122665405273438
hace_003,0,16000,-11.608052253723145
hace_003,0,16800,85.82233428955078
hace_003,0,17600,78.92009735107422
hace_003,0,18400,73.66777801513672
hace_003,0,19200,68.72128295898438
hace_003,0,20000,109.34639739990234
hace_003,0,20800,227.68922424316406
hace_003,0,21600,382.8265686035156
hace_003,0,22400,517.3065185546875
hace_003,0,23200,664.2467041015625
hace_003,0,24000,890.3432006835938
hace_003,0,24800,1091.2581787109375
hace_003,0,25600,1235.3455810546875
hace_003,0,26400,1332.486572265625
hace_003,0,27200,1474.5458984375
hace_003,0,28000,1668.28515625
hace_003,0,28800,1765.1712646484375
hace_003,0,29600,1811.771240234375
hace_003,0,30400,1824.0860595703125
hace_003,0,31200,1856.4771728515625
hace_003,0,32000,1921.7918701171875
hace_003,0,32800,1938.0283203125
hace_003,0,33600,2077.3916015625
hace_003,0,34400,2080.344970703125
hace_003,0,35200,2082.410888671875
hace_003,0,36000,2088.89013671875
hace_003,0,36800,2075.96728515625
hace_003,0,37600,2140.68017578125
hace_003,0,38400,2228.57373046875
hace_003,0,39200,2410.322509765625
hace_003,0,40000,2707.99169921875
hace_003,0,40800,2810.9580078125
hace_003,0,41600,2892.7177734375
hace_003,0,42400,2918.51318359375
hace_003,0,43200,3093.475341796875
hace_003,0,44000,3126.860595703125
hace_003,0,44800,3443.250732421875
hace_003,0,45600,3636.086181640625
hace_003,0,46400,4125.31689453125
hace_003,0,47200,4432.2939453125
hace_003,0,48000,4617.39306640625
hace_003,0,48800,4954.2099609375
hace_003,0,49600,5124.22216796875
hace_003,0,50400,5678.4765625
hace_003,0,51200,6178.29833984375
hace_003,0,52000,6566.53564453125
hace_003,0,52800,6958.8291015625
hace_003,0,53600,7459.8173828125
hace_003,0,54400,7945.0986328125
hace_003,0,55200,8504.97265625
hace_003,0,56000,9195.021484375
hace_003,0,56800,9686.921875
hace_003,0,57600,9897.9287109375
hace_003,0,58400,10028.7177734375
hace_003,0,59200,10444.74609375
hace_003,0,60000,10655.9892578125
hace_003,0,60800,11204.4755859375
hace_003,0,61600,11811.4560546875
hace_003,0,62400,12773.3701171875
hace_003,0,63200,12954.95703125
hace_003,0,64000,13773.974609375
hace_003,0,64800,13615.900390625
hace_003,0,65600,14700.6240234375
hace_003,0,66400,14944.8583984375
hace_003,0,67200,15535.291015625
hace_003,0,68000,15166.9208984375
hace_003,0,68800,15132.4140625
hace_003,0,69600,16391.82421875
hace_003,0,70400,16791.7734375
hace_003,0,71200,17471.3046875
hace_003,0,72000,18980.748046875
hace_003,0,72800,19968.23828125
hace_003,0,73600,20584.263671875
hace_003,0,74400,21296.55078125
hace_003,0,75200,21587.314453125
hace_003,0,76000,20937.728515625
hace_003,0,76800,20386.970703125
hace_003,0,77600,20132.623046875
hace_003,0,78400,20164.283203125
hace_003,0,79200,20008.037109375
hace_003,0,80000,20214.744140625
hace_003,0,80800,21090.705078125
hace_003,0,81600,22879.572265625
hace_003,0,82400,23626.95703125
hace_003,0,83200,25706.60546875
hace_003,0,84000,25179.994140625
hace_003,0,84800,26065.529296875
hace_003,0,85600,26578.056640625
hace_003,0,86400,26705.884765625
hace_003,0,87200,25703.8359375
hace_003,0,88000,25693.634765625
hace_003,0,88800,26632.310546875
hace_003,0,89600,25725.11328125
hace_003,0,90400,26193.25
hace_003,0,91200,25084.130859375
hace_003,0,92000,26277.57421875
hace_003,0,92800,29806.5390625
hace_003,0,93600,33820.84765625
hace_003,0,94400,37738.15234375
hace_003,0,95200,42595.73828125
hace_003,0,96000,45597.8828125
hace_003,0,96800,51043.58203125
hace_003,0,97600,54455.5703125
hace_003,0,98400,57347.12109375
hace_003,0,99200,57228.35546875
hace_003,0,100000,56473.5859375
hace_003,0,100800,54827.2265625
hace_003,0,101600,52206.0
hace_003,0,102400,50335.93359375
hace_003,0,103200,47754.58984375
hace_003,0,104000,50565.6796875
hace_003,0,104800,50483.58984375
hace_003,0,105600,49076.69140625
hace_003,0,106400,51083.0390625
hace_003,0,107200,54440.65234375
hace_003,0,108000,59261.0234375
hace_003,0,108800,60916.2421875
hace_003,0,109600,63487.63671875
hace_003,0,110400,65831.328125
hace_003,0,111200,69500.296875
hace_003,0,112000,71491.1328125
hace_003,0,112800,71323.296875
hace_003,0,113600,71144.171875
hace_003,0,114400,69875.6484375
hace_003,0,115200,69695.125
hace_003,0,116000,72402.484375
hace_003,0,116800,71217.828125
hace_003,0,117600,71925.7109375
hace_003,0,118400,71445.7578125
hace_003,0,119200,73743.609375
hace_003,0,120000,79423.078125
hace_003,0,120800,83845.1640625
hace_003,0,121600,89419.8515625
hace_003,0,122400,95513.0546875
hace_003,0,123200,99473.6875
hace_003,0,124000,100061.921875
hace_003,0,124800,102768.953125
hace_003,0,125600,106997.7578125
hace_003,0,126400,108037.6640625
hace_003,0,127200,108691.109375
hace_003,0,128000,108231.078125
hace_003,0,128800,109464.6328125
hace_003,0,129600,111024.265625
hace_003,0,130400,111040.625
hace_003,0,131200,108329.4296875
hace_003,0,132000,106531.59375
hace_003,0,132800,104331.3515625
hace_003,0,133600,102125.921875
hace_003,0,134400,101342.484375
hace_003,0,135200,98913.5078125
hace_003,0,136000,96744.2734375
hace_003,0,136800,94681.21875
hace_003,0,137600,94846.8359375
hace_003,0,138400,96404.8203125
hace_003,0,139200,97139.3125
hace_003,0,140000,92614.84375
hace_003,0,140800,89613.890625
hace_003,0,141600,85506.890625
hace_003,0,142400,80180.96875
hace_003,0,143200,76921.40625
hace_003,0,144000,74416.578125
hace_003,0,144800,71879.703125
hace_003,0,145600,68889.84375
hace_003,0,146400,68389.5390625
hace_003,0,147200,65326.42578125
hace_003,0,148000,62366.48046875
hace_003,0,148800,58904.1796875
hace_003,0,149600,55916.0078125
hace_003,0,150400,53200.46484375
hace_003,0,151200,55190.6796875
hace_003,0,152000,53736.703125
hace_003,0,152800,54265.60546875
hace_003,0,153600,54603.625
hace_003,0,154400,54844.25390625
hace_003,0,155200,55767.8671875
hace_003,0,156000,54802.23828125
hace_003,0,156800,55670.921875
hace_003,0,157600,54164.4921875
hace_003,0,158400,53278.8984375
hace_003,0,159200,51205.015625
hace_003,0,160000,51997.2734375
hace_003,0,160800,50576.90234375
hace_003,0,161600,52351.55078125
hace_003,0,162400,54511.97265625
hace_003,0,163200,57119.51953125
hace_003,0,164000,58165.73046875
hace_003,0,164800,56833.05859375
hace_003,0,165600,55066.640625
hace_003,0,166400,51552.453125
hace_003,0,167200,55002.79296875
hace_003,0,168000,55387.1171875
hace_003,0,168800,57757.203125
hace_003,0,169600,58796.91796875
hace_003,0,170400,60562.6640625
hace_003,0,171200,57713.3359375
hace_003,0,172000,55856.08984375
hace_003,0,172800,52796.05078125
hace_003,0,173600,51111.69140625
hace_003,0,174400,49705.32421875
hace_003,0,175200,52184.66796875
hace_003,0,176000,54330.2265625
hace_003,0,176800,57647.73046875
hace_003,0,177600,60873.3515625
hace_003,0,178400,63299.515625
hace_003,0,179200,67614.03125
hace_003,0,180000,70672.9375
hace_003,0,180800,72997.3203125
hace_003,0,181600,71501.6640625
hace_003,0,182400,68950.3984375
hace_003,0,183200,69244.7265625
hace_003,0,184000,70936.671875
hace_003,0,184800,72501.8046875
hace_003,0,185600,72501.5078125
hace_003,0,186400,72500.21875
hace_003,0,187200,68063.265625
hace_003,0,188000,66277.609375
hace_003,0,188800,63136.296875
hace_003,0,189600,60385.0625
hace_003,0,190400,57541.265625
hace_003,0,191200,57903.83203125
hace_003,0,192000,58674.5546875
hace_003,0,192800,59875.8359375
hace_003,0,193600,59533.1328125
hace_003,0,194400,58651.53125
hace_003,0,195200,55081.1484375
hace_003,0,196000,51340.41015625
hace_003,0,196800,47301.18359375
hace_003,0,197600,44084.296875
hace_003,0,198400,40526.859375
hace_003,0,199200,37225.43359375
hace_003,0,200000,34859.14453125
hace_003,0,200800,33541.6484375
hace_003,0,201600,31781.88671875
hace_003,0,202400,31403.9296875
hace_003,0,203200,27797.458984375
hace_003,0,204000,23610.8828125
hace_003,0,204800,22043.6796875
hace_003,0,205600,22041.978515625
hace_003,0,206400,22041.115234375
hace_003,0,207200,22040.17578125
hace_003,0,208000,22038.9921875
hace_003,0,208800,22037.369140625
hace_003,0,209600,24965.009765625
hace_003,0,210400,30113.080078125
hace_003,0,211200,33031.359375
hace_003,0,212000,35379.58984375
hace_003,0,212800,35718.44140625
hace_003,0,213600,34521.03515625
hace_003,0,214400,34255.62890625
hace_003,0,215200,31935.244140625
hace_003,0,216000,30908.576171875
hace_003,0,216800,28553.13671875
hace_003,0,217600,25745.697265625
hace_003,0,218400,23543.486328125
hace_003,0,219200,21491.298828125
hace_003,0,220000,18846.06640625
hace_003,0,220800,17842.02734375
hace_003,0,221600,17872.9453125
hace_003,0,222400,17986.919921875
hace_003,0,223200,18004.310546875
hace_003,0,224000,18080.7421875
hace_003,0,224800,18206.005859375
hace_003,0,225600,18398.099609375
hace_003,0,226400,18472.57421875
hace_003,0,227200,18497.291015625
hace_003,0,228000,20062.814453125
hace_003,0,228800,20125.564453125
hace_003,0,229600,17199.01171875
hace_003,0,230400,13219.0126953125
hace_003,0,231200,9738.2314453125
hace_003,0,232000,10171.2294921875
hace_003,0,232800,10204.7421875
hace_003,0,233600,11282.5810546875
hace_003,0,234400,11322.1708984375
hace_003,0,235200,13870.8037109375
hace_003,0,236000,18454.546875
hace_003,0,236800,21947.484375
hace_003,0,237600,26566.19140625
hace_003,0,238400,30825.564453125
hace_003,0,239200,36581.21875
hace_003,0,240000,40509.078125
hace_003,0,240800,45681.94140625
hace_003,0,241600,50564.3671875
hace_003,0,242400,53892.91015625
hace_003,0,243200,58465.54296875
hace_003,0,244000,62653.03515625
hace_003,0,244800,66479.5
hace_003,0,245600,71297.484375
hace_003,0,246400,75145.3125
hace_003,0,247200,79124.5625
hace_003,0,248000,82206.734375
hace_003,0,248800,83379.375
hace_003,0,249600,88406.515625
hace_003,0,250400,87237.9453125
hace_003,0,251200,91124.8203125
hace_003,0,252000,89992.9453125
hace_003,0,252800,91333.765625
hace_003,0,253600,93421.8203125
hace_003,0,254400,97546.90625
hace_003,0,255200,99171.9453125
hace_003,0,256000,96454.0546875
hace_003,0,256800,96548.4140625
hace_003,0,257600,95126.59375
hace_003,0,258400,95135.9765625
hace_003,0,259200,94699.4375
hace_003,0,260000,95850.2734375
hace_003,0,260800,95669.171875
hace_003,0,261600,96466.7734375
hace_003,0,262400,99029.6015625
hace_003,0,263200,98395.3125
hace_003,0,264000,99165.3515625
hace_003,0,264800,99203.625
hace_003,0,265600,98703.6953125
hace_003,0,266400,99512.9921875
hace_003,0,267200,98054.828125
hace_003,0,268000,96914.4375
hace_003,0,268800,98016.859375
hace_003,0,269600,97482.234375
hace_003,0,270400,101536.1484375
hace_003,0,271200,103575.4375
hace_003,0,272000,104834.03125
hace_003,0,272800,107731.21875
hace_003,0,273600,107426.234375
hace_003,0,274400,106918.84375
hace_003,0,275200,105874.59375
hace_003,0,276000,109302.203125
hace_003,0,276800,112138.609375
hace_003,0,277600,114643.8828125
hace_003,0,278400,114967.3828125
hace_003,0,279200,115029.0390625
hace_003,0,280000,115828.765625
hace_003,0,280800,115984.78125
hace_003,0,281600,116610.8671875
hace_003,0,282400,117002.2109375
hace_003,0,283200,117619.8671875
hace_003,0,284000,115601.34375
hace_003,0,284800,117592.3828125
hace_003,0,285600,118254.59375
hace_003,0,286400,118835.25
hace_003,0,287200,120465.3203125
hace_003,0,288000,120057.6328125
hace_003,0,288800,120549.765625
hace_003,0,289600,116983.5859375
hace_003,0,290400,113939.0625
hace_003,0,291200,110692.5078125
hace_003,0,292000,108116.6875
hace_003,0,292800,104956.25
hace_003,0,293600,102139.921875
hace_003,0,294400,97728.3125
hace_003,0,295200,93985.28125
hace_003,0,296000,88691.7265625
hace_003,0,296800,82585.1796875
hace_003,0,297600,78232.3125
hace_003,0,298400,75202.3125
hace_003,0,299200,70525.0625
hace_003,0,300000,67351.265625
hace_003,0,300800,64329.68359375
hace_003,0,301600,60774.45703125
hace_003,0,302400,54380.828125
hace_003,0,303200,49811.6640625
hace_003,0,304000,47445.1484375
hace_003,0,304800,41465.54296875
hace_003,0,305600,37527.98828125
hace_003,0,306400,32572.05078125
hace_003,0,307200,31756.537109375
hace_003,0,308000,30535.47265625
hace_003,0,308800,33469.7421875
hace_003,0,309600,36452.5234375
hace_003,0,310400,40271.296875
hace_003,0,311200,43326.43359375
hace_003,0,312000,47795.8125
hace_003,0,312800,50569.046875
hace_003,0,313600,55797.625
hace_003,0,314400,60350.51171875
hace_003,0,315200,64659.296875
hace_003,0,316000,68385.03125
hace_003,0,316800,72954.1328125
hace_003,0,317600,76749.140625
hace_003,0,318400,81105.203125
hace_003,0,319200,85529.1328125
hace_003,0,320000,87913.1796875
hace_003,0,320800,88789.9375
hace_003,0,321600,92034.578125
hace_003,0,322400,97477.9140625
hace_003,0,323200,102150.6875
hace_003,0,324000,103897.875
hace_003,0,324800,103922.0546875
hace_003,0,325600,102946.203125
hace_003,0,326400,105011.0
hace_003,0,327200,103972.34375
hace_003,0,328000,106371.109375
hace_003,0,328800,105167.3359375
hace_003,0,329600,106632.921875
hace_003,0,330400,106522.890625
hace_003,0,331200,105980.3046875
hace_003,0,332000,105369.265625
hace_003,0,332800,105016.2265625
hace_003,0,333600,104867.15625
hace_003,0,334400,104954.046875
hace_003,0,335200,105294.8515625
hace_003,0,336000,105816.5859375
hace_003,0,336800,105799.6015625
hace_003,0,337600,104791.6875
hace_003,0,338400,101846.8125
hace_003,0,339200,98693.4140625
hace_003,0,340000,95039.0703125
hace_003,0,340800,93966.0078125
hace_003,0,341600,90806.0546875
hace_003,0,342400,86434.296875
hace_003,0,343200,83117.3046875
hace_003,0,344000,82886.71875
hace_003,0,344800,85884.4921875
hace_003,0,345600,87883.21875
hace_003,0,346400,88516.15625
hace_003,0,347200,88696.25
hace_003,0,348000,87784.8125
hace_003,0,348800,85678.2734375
hace_003,0,349600,82367.9296875
hace_003,0,350400,80213.2421875
hace_003,0,351200,77639.8984375
hace_003,0,352000,74941.7109375
hace_003,0,352800,73242.234375
hace_003,0,353600,70364.7578125
hace_003,0,354400,67807.5234375
hace_003,0,355200,64171.81640625
hace_003,0,356000,62784.33984375
hace_003,0,356800,61235.16015625
hace_003,0,357600,60316.97265625
hace_003,0,358400,59795.62890625
hace_003,0,359200,57864.51953125
hace_003,0,360000,59018.953125
hace_003,0,360800,60644.99609375
hace_003,0,361600,60487.421875
hace_003,0,362400,61992.06640625
hace_003,0,363200,60909.96875
hace_003,0,364000,58746.5390625
hace_003,0,364800,56522.859375
hace_003,0,365600,56811.67578125
hace_003,0,366400,53792.8515625
hace_003,0,367200,54277.83203125
hace_003,0,368000,53485.73046875
hace_003,0,368800,55415.66796875
hace_003,0,369600,56422.87890625
hace_003,0,370400,58418.12890625
hace_003,0,371200,59596.3359375
hace_003,0,372000,59159.390625
hace_003,0,372800,55980.9140625
hace_003,0,373600,54900.76171875
hace_003,0,374400,53559.56640625
hace_003,0,375200,54999.08984375
hace_003,0,376000,52139.26953125
hace_003,0,376800,49765.54296875
hace_003,0,377600,48769.12109375
hace_003,0,378400,47916.6640625
hace_003,0,379200,50750.0703125
hace_003,0,380000,48161.33984375
hace_003,0,380800,44602.6328125
hace_003,0,381600,45089.0546875
hace_003,0,382400,43323.1875
hace_003,0,383200,46247.5859375
hace_003,0,384000,47664.6171875
hace_003,0,384800,46867.078125
hace_003,0,385600,47725.59375
hace_003,0,386400,50929.64453125
hace_003,0,387200,52211.109375
hace_003,0,388000,52307.81640625
hace_003,0,388800,49600.3125
hace_003,0,389600,49202.1953125
hace_003,0,390400,46644.1640625
hace_003,0,391200,45795.765625
hace_003,0,392000,44599.0078125
hace_003,0,392800,47747.51171875
hace_003,0,393600,49248.73828125
hace_003,0,394400,49178.9140625
hace_003,0,395200,51053.65625
hace_003,0,396000,53833.33203125
hace_003,0,396800,54768.0546875
hace_003,0,397600,56495.90234375
hace_003,0,398400,57617.8359375
hace_003,0,399200,58493.08984375
hace_003,0,400000,63118.4921875
hace_003,0,400800,67521.328125
hace_003,0,401600,67874.609375
hace_003,0,402400,69283.5546875
hace_003,0,403200,70074.078125
hace_003,0,404000,72982.34375
hace_003,0,404800,78113.8828125
hace_003,0,405600,78432.7265625
hace_003,0,406400,78150.328125
hace_003,0,407200,77084.171875
hace_003,0,408000,77646.8203125
hace_003,0,408800,80247.6875
hace_003,0,409600,81124.265625
hace_003,0,410400,82301.234375
hace_003,0,411200,83371.46875
hace_003,0,412000,85610.2265625
hace_003,0,412800,85753.625
hace_003,0,413600,86921.5625
hace_003,0,414400,88926.484375
hace_003,0,415200,86629.078125
hace_003,0,416000,85144.53125
hace_003,0,416800,83262.9609375
hace_003,0,417600,79312.9921875
hace_003,0,418400,77487.6875
hace_003,0,419200,74289.171875
hace_003,0,420000,71784.859375
hace_003,0,420800,67489.109375
hace_003,0,421600,66214.4453125
hace_003,0,422400,64693.63671875
hace_003,0,423200,61511.71875
hace_003,0,424000,58149.08203125
hace_003,0,424800,53276.73046875
hace_003,0,425600,50520.48828125
hace_003,0,426400,50033.2578125
hace_003,0,427200,48685.6328125
hace_003,0,428000,48549.55859375
hace_003,0,428800,46441.953125
hace_003,0,429600,44675.38671875
hace_003,0,430400,43434.10546875
hace_003,0,431200,40956.45703125
hace_003,0,432000,40189.125
hace_003,0,432800,38446.40234375
hace_003,0,433600,36663.52734375
hace_003,0,434400,37624.60546875
hace_003,0,435200,39633.6640625
hace_003,0,436000,42716.10546875
hace_003,0,436800,46715.93359375
hace_003,0,437600,51286.65625
hace_003,0,438400,53769.24609375
hace_003,0,439200,57185.73828125
hace_003,0,440000,59122.015625
hace_003,0,440800,63371.4453125
hace_003,0,441600,66471.90625
hace_003,0,442400,70824.4296875
hace_003,0,443200,74582.5234375
hace_003,0,444000,77652.1796875
hace_003,0,444800,80896.765625
hace_003,0,445600,83934.953125
hace_003,0,446400,85936.2265625
hace_003,0,447200,88706.203125
hace_003,0,448000,89781.0703125
hace_003,0,448800,92110.3359375
hace_003,0,449600,95094.453125
hace_003,0,450400,97196.796875
hace_003,0,451200,100348.234375
hace_003,0,452000,101948.8125
hace_003,0,452800,104019.8984375
hace_003,0,453600,106679.484375
hace_003,0,454400,108142.28125
hace_003,0,455200,108881.5078125
hace_003,0,456000,107448.1953125
hace_003,0,456800,107572.6015625
hace_003,0,457600,106330.9140625
hace_003,0,458400,106933.9375
hace_003,0,459200,107312.5546875
hace_003,0,460000,108235.5546875
hace_003,0,460800,107736.828125
hace_003,0,461600,106443.15625
hace_003,0,462400,106073.484375
hace_003,0,463200,105989.3203125
hace_003,0,464000,107303.265625
hace_003,0,464800,108120.953125
hace_003,0,465600,106694.734375
hace_003,0,466400,105747.5703125
hace_003,0,467200,105632.5625
hace_003,0,468000,104910.65625
hace_003,0,468800,103740.09375
hace_003,0,469600,102367.1328125
hace_003,0,470400,100936.3671875
hace_003,0,471200,99701.34375
hace_003,0,472000,99270.0546875
hace_003,0,472800,99069.421875
hace_003,0,473600,96804.921875
hace_003,0,474400,94632.046875
hace_003,0,475200,91960.3359375
hace_003,0,476000,92573.40625
hace_003,0,476800,91458.3203125
hace_003,0,477600,89693.5625
hace_003,0,478400,88398.6796875
hace_003,0,479200,85172.5390625
hace_003,0,480000,82692.0390625
hace_003,0,480800,81971.171875
hace_003,0,481600,79432.5546875
hace_003,0,482400,76550.515625
hace_003,0,483200,73269.2578125
hace_003,0,484000,69141.1640625
hace_003,0,484800,66822.5234375
hace_003,0,485600,65585.3046875
hace_003,0,486400,63493.3125
hace_003,0,487200,60051.79296875
hace_003,0,488000,57671.81640625
hace_003,0,488800,55695.046875
hace_003,0,489600,53585.18359375
hace_003,0,490400,52181.17578125
hace_003,0,491200,49651.296875
hace_003,0,492000,47274.421875
hace_003,0,492800,44966.1328125
hace_003,0,493600,44116.76953125
hace_003,0,494400,43212.5
hace_003,0,495200,43615.20703125
hace_003,0,496000,43233.3984375
hace_003,0,496800,42453.06640625
hace_003,0,497600,43543.5859375
hace_003,0,498400,43827.78515625
hace_003,0,499200,45518.64453125
hace_003,0,500000,45767.90625
hace_003,0,500800,42629.9375
hace_003,0,501600,41088.34375
hace_003,0,502400,39287.19140625
hace_003,0,503200,38084.86328125
hace_003,0,504000,36866.05078125
hace_003,0,504800,34862.59765625
hace_003,0,505600,33521.68359375
hace_003,0,506400,32091.859375
hace_003,0,507200,31025.7578125
hace_003,0,508000,29957.748046875
hace_003,0,508800,28608.01171875
hace_003,0,509600,27322.677734375
hace_003,0,510400,26119.71484375
hace_003,0,511200,25192.70703125
hace_003,0,512000,24263.791015625
hace_003,0,512800,22937.71875
hace_003,0,513600,21344.9375
hace_003,0,514400,19332.765625
hace_003,0,515200,16839.8515625
hace_003,0,516000,13701.125
hace_003,0,516800,11583.6708984375
hace_003,0,517600,8961.4619140625
hace_003,0,518400,6010.55224609375
hace_003,0,519200,2979.2158203125
hace_003,0,520000,289.0565185546875
hace_003,0,520800,309.8837585449219
hace_003,0,521600,382.4563903808594
hace_003,0,522400,495.01171875
hace_003,0,523200,534.1024169921875
hace_003,0,524000,549.0896606445312
hace_003,0,524800,554.5579833984375
hace_003,0,525600,555.165283203125
hace_003,0,526400,554.9522705078125
hace_003,0,527200,554.9517211914062
hace_003,0,528000,554.4591674804688
hace_003,0,528800,553.909423828125
hace_003,0,529600,553.039794921875
hace_003,0,530400,552.0269775390625
hace_003,0,531200,550.78662109375
hace_003,0,532000,548.4814453125
hace_003,0,532800,543.0567016601562
hace_003,0,533600,536.890869140625
hace_003,0,534400,526.3455810546875
hace_003,0,535200,509.19732666015625
hace_003,0,536000,471.835693359375
hace_003,0,536800,360.0499267578125
hace_003,0,537600,326.7711181640625
hace_003,0,538400,305.2712097167969
hace_003,0,539200,281.3141174316406
hace_003,0,540000,221.4542694091797
hace_003,0,540800,200.72950744628906
hace_003,0,541600,128.1571807861328
hace_003,0,542400,15.248066902160645
hace_003,0,543200,-24.223350524902344
hace_003,0,544000,-39.31068801879883
hace_003,0,544800,-44.77021789550781
hace_003,0,545600,-45.35822296142578
hace_003,0,546400,-45.61933517456055
hace_003,0,547200,-46.02758026123047
hace_003,0,548000,-46.27800369262695
hace_003,0,548800,-46.283363342285156
hace_003,0,549600,-46.222232818603516
hace_003,0,550400,-45.913108825683594
hace_003,0,551200,-45.385955810546875
hace_003,0,552000,-44.75218963623047
hace_003,0,552800,-44.13373947143555
hace_003,0,553600,-43.7627067565918
hace_003,0,554400,-43.342472076416016
hace_003,0,555200,-42.982295989990234
hace_003,0,556000,-42.55449295043945
hace_003,0,556800,-41.85000228881836
hace_003,0,557600,-40.95484161376953
hace_003,0,558400,-40.13895797729492
hace_003,0,559200,-39.536312103271484
hace_003,0,560000,-37.720767974853516
hace_003,0,560800,-35.718162536621094
hace_003,0,561600,-33.45817184448242
hace_003,0,562400,-30.879772186279297
hace_003,0,563200,-27.969038009643555
hace_003,0,564000,-25.364458084106445
hace_003,0,564800,-23.9821834564209
hace_003,0,565600,-22.93158531188965
hace_003,0,566400,-20.205299377441406
hace_003,0,567200,-18.777482986450195
hace_003,0,568000,-16.004796981811523
hace_003,0,568800,-0.9614399075508118
hace_003,0,569600,3.5082948207855225
hace_003,0,570400,7.139375686645508
hace_003,0,571200,9.255463600158691
hace_003,0,572000,13.01772689819336
hace_003,0,572800,16.154462814331055
hace_003,0,573600,20.22634506225586
hace_003,0,574400,21.263212203979492
hace_003,0,575200,24.254274368286133
hace_003,0,576000,25.098041534423828
hace_003,0,576800,116.60789489746094
hace_003,0,577600,118.96385192871094
hace_003,0,578400,121.04318237304688
hace_003,0,579200,1204.250244140625
hace_003,0,580000,1220.584228515625
hace_003,0,580800,1304.9989013671875
hace_003,0,581600,1303.89453125
hace_003,0,582400,1312.0382080078125
hace_003,0,583200,1342.6414794921875
hace_003,0,584000,1421.5440673828125
hace_003,0,584800,1433.045654296875
hace_003,0,585600,1452.66650390625
hace_003,0,586400,1457.0635986328125
hace_003,0,587200,1570.1966552734375
hace_003,0,588000,1568.80517578125
hace_003,0,588800,1555.8441162109375
hace_003,0,589600,1574.0755615234375
hace_003,0,590400,1585.4454345703125
hace_003,0,591200,1585.2344970703125
hace_003,0,592000,1581.5650634765625
hace_003,0,592800,1583.59814453125
hace_003,0,593600,1584.8262939453125
hace_003,0,594400,1607.0521240234375
hace_003,0,595200,1618.594970703125
hace_003,0,596000,1621.1448974609375
hace_003,0,596800,1527.766357421875
hace_003,0,597600,1527.8428955078125
hace_003,0,598400,1575.2540283203125
hace_003,0,599200,499.1933288574219
hace_003,0,600000,481.0069580078125
hace_003,0,600800,393.6579895019531
hace_003,0,601600,391.9293518066406
hace_003,0,602400,381.0596618652344
hace_003,0,603200,347.80401611328125
hace_003,0,604000,266.30865478515625
hace_003,0,604800,253.22952270507812
hace_003,0,605600,232.7073516845703
hace_003,0,606400,225.74343872070312
hace_003,0,607200,111.67240142822266
hace_003,0,608000,110.91922760009766
hace_003,0,608800,109.48171997070312
hace_003,0,609600,87.43294525146484
hace_003,0,610400,72.98936462402344
hace_003,0,611200,71.61256408691406
hace_003,0,612000,71.66432189941406
hace_003,0,612800,66.05961608886719
hace_003,0,613600,61.548851013183594
hace_003,0,614400,37.73690414428711
hace_003,0,615200,22.678876876831055
hace_003,0,616000,17.90949058532715
hace_003,0,616800,19.62377166748047
hace_003,0,617600,17.029354095458984
hace_003,0,618400,-31.98430633544922
hace_003,0,619200,-38.40281677246094
hace_003,0,620000,-37.28551483154297
hace_003,0,620800,-35.15700912475586
hace_003,0,621600,-33.226783752441406
hace_003,0,622400,-30.391626358032227
hace_003,0,623200,-28.542404174804688
hace_003,0,624000,-27.591005325317383
hace_003,0,624800,-26.82647132873535
hace_003,0,625600,-26.87678337097168
hace_003,0,626400,-25.640478134155273
hace_003,0,627200,-25.99803924560547
hace_003,0,628000,-26.351707458496094
hace_003,0,628800,-26.385940551757812
hace_003,0,629600,-26.30360221862793
hace_003,0,630400,-26.36228370666504
hace_003,0,631200,-26.115373611450195
hace_003,0,632000,-25.89100456237793
hace_003,0,632800,-24.90792465209961
hace_003,0,633600,-25.138599395751953
hace_003,0,634400,-24.101947784423828
hace_003,0,635200,-23.07607078552246
hace_003,0,636000,-21.43233871459961
hace_003,0,636800,-21.032716751098633
hace_003,0,637600,-20.60216522216797
hace_003,0,638400,-20.667865753173828
hace_003,0,639200,-20.875648498535156
hace_003,0,640000,-20.793048858642578
hace_003,0,640800,-20.802322387695312
hace_003,0,641600,-20.874717712402344
hace_003,0,642400,-22.190189361572266
hace_003,0,643200,-20.668285369873047
hace_003,0,644000,-14.515807151794434
hace_003,0,644800,-7.1261725425720215
hace_003,0,645600,5.921497821807861
hace_003,0,646400,11.831791877746582
hace_003,0,647200,24.170482635498047
hace_003,0,648000,46.9793586730957
hace_003,0,648800,48.99481964111328
hace_003,0,649600,51.10856628417969
hace_003,0,650400,50.75634765625
hace_003,0,651200,50.31441879272461
hace_003,0,652000,60.73371505737305
hace_003,0,652800,67.68251037597656
hace_003,0,653600,66.8804702758789
hace_003,0,654400,65.80033111572266
hace_003,0,655200,64.4601058959961
hace_003,0,656000,63.3155517578125
hace_003,0,656800,62.660030364990234
hace_003,0,657600,64.27134704589844
hace_003,0,658400,67.76603698730469
hace_003,0,659200,67.3344955444336
hace_003,0,660000,72.1429672241211
hace_003,0,660800,73.07833099365234
hace_003,0,661600,74.29618835449219
hace_003,0,662400,77.43395233154297
hace_003,0,663200,74.15829467773438
hace_003,0,664000,69.08779907226562
hace_003,0,664800,61.37153625488281
hace_003,0,665600,146.1951446533203
hace_003,0,666400,145.9860382080078
hace_003,0,667200,134.31947326660156
hace_003,0,668000,114.85697937011719
hace_003,0,668800,114.01850891113281
hace_003,0,669600,120.67243957519531
hace_003,0,670400,124.2414321899414
hace_003,0,671200,143.85020446777344
hace_003,0,672000,155.99618530273438
hace_003,0,672800,175.08934020996094
hace_003,0,673600,223.23231506347656
hace_003,0,674400,261.72918701171875
hace_003,0,675200,313.20147705078125
hace_003,0,676000,369.2677001953125
hace_003,0,676800,502.9129943847656
hace_003,0,677600,528.5015869140625
hace_003,0,678400,675.73388671875
hace_003,0,679200,721.8192138671875
hace_003,0,680000,876.9908447265625
hace_003,0,680800,894.5343627929688
hace_003,0,681600,937.4608764648438
hace_003,0,682400,1026.50146484375
hace_003,0,683200,1176.828857421875
hace_003,0,684000,1307.2208251953125
hace_003,0,684800,1316.7672119140625
hace_003,0,685600,1337.6588134765625
hace_003,0,686400,1350.5155029296875
hace_003,0,687200,1379.364501953125
hace_003,0,688000,1376.2977294921875
hace_003,0,688800,1374.88037109375
hace_003,0,689600,1365.4505615234375
hace_003,0,690400,1361.785888671875
hace_003,0,691200,1341.8275146484375
hace_003,0,692000,1318.818603515625
hace_003,0,692800,1292.0927734375
hace_003,0,693600,1244.6495361328125
hace_003,0,694400,1206.4547119140625
hace_003,0,695200,1171.814208984375
hace_003,0,696000,1192.6396484375
hace_003,0,696800,1292.9063720703125
hace_003,0,697600,1265.8514404296875
hace_003,0,698400,1153.95751953125
hace_003,0,699200,1110.541015625
hace_003,0,700000,951.0801391601562
hace_003,0,700800,944.77587890625
hace_003,0,701600,905.865966796875
hace_003,0,702400,914.6591796875
hace_003,0,703200,802.2265625
hace_003,0,704000,695.26318359375
hace_003,0,704800,789.6192626953125
hace_003,0,705600,806.022216796875
hace_003,0,706400,800.82763671875
hace_003,0,707200,808.9359741210938
hace_003,0,708000,865.762451171875
hace_003,0,708800,973.0350952148438
hace_003,0,709600,1061.923583984375
hace_003,0,710400,1108.42529296875
hace_003,0,711200,1294.1104736328125
hace_003,0,712000,1339.0997314453125
hace_003,0,712800,1457.2978515625
hace_003,0,713600,1462.2021484375
hace_003,0,714400,1521.9949951171875
hace_003,0,715200,1577.1683349609375
hace_003,0,716000,1591.7218017578125
hace_003,0,716800,1470.6181640625
hace_003,0,717600,1740.944091796875
hace_003,0,718400,1868.20556640625
hace_003,0,719200,1994.908203125
hace_003,0,720000,2101.3974609375
hace_003,0,720800,2141.1923828125
hace_003,0,721600,2680.204345703125
hace_003,0,722400,2612.74658203125
hace_003,0,723200,3078.031005859375
hace_003,0,724000,3184.281494140625
hace_003,0,724800,3105.541015625
hace_003,0,725600,3067.801513671875
hace_003,0,726400,3119.68798828125
hace_003,0,727200,3119.55419921875
hace_003,0,728000,3151.686279296875
hace_003,0,728800,3262.133056640625
hace_003,0,729600,3269.749267578125
hace_003,0,730400,3854.851318359375
hace_003,0,731200,3724.397705078125
hace_003,0,732000,3786.415771484375
hace_003,0,732800,3744.1953125
hace_003,0,733600,3780.738525390625
hace_003,0,734400,3747.653564453125
hace_003,0,735200,3696.1337890625
hace_003,0,736000,3640.0390625
hace_003,0,736800,3543.23974609375
hace_003,0,737600,3310.203857421875
hace_003,0,738400,3152.948974609375
hace_003,0,739200,3064.9072265625
hace_003,0,740000,2973.55615234375
hace_003,0,740800,2957.315673828125
hace_003,0,741600,2434.823974609375
hace_003,0,742400,2411.698974609375
hace_003,0,743200,1932.2562255859375
hace_003,0,744000,2006.7977294921875
hace_003,0,744800,2033.985595703125
hace_003,0,745600,1938.6751708984375
hace_003,0,746400,1895.462890625
hace_003,0,747200,1857.961669921875
hace_003,0,748000,1768.7291259765625
hace_003,0,748800,1550.5792236328125
hace_003,0,749600,1454.298095703125
hace_003,0,750400,823.1471557617188
hace_003,0,751200,770.7615966796875
hace_003,0,752000,690.9710083007812
hace_003,0,752800,643.272216796875
hace_003,0,753600,650.8873291015625
hace_003,0,754400,680.4676513671875
hace_003,0,755200,718.0972290039062
hace_003,0,756000,774.183349609375
hace_003,0,756800,828.3470458984375
hace_003,0,757600,834.5010986328125
hace_003,0,758400,879.3895263671875
hace_003,0,759200,887.8310546875
hace_003,0,760000,917.1679077148438
hace_003,0,760800,911.2913208007812
hace_003,0,761600,914.8121337890625
hace_003,0,762400,947.3120727539062
hace_003,0,763200,954.0975341796875
hace_003,0,764000,772.6005249023438
hace_003,0,764800,761.1298828125
hace_003,0,765600,770.8790283203125
hace_003,0,766400,759.7560424804688
hace_003,0,767200,769.239013671875
hace_003,0,768000,772.3795776367188
hace_003,0,768800,779.8324584960938
hace_003,0,769600,783.0779418945312
hace_003,0,770400,788.0862426757812
hace_003,0,771200,789.89404296875
hace_003,0,772000,764.8180541992188
hace_003,0,772800,738.0220336914062
hace_003,0,773600,689.531494140625
hace_003,0,774400,634.373046875
hace_003,0,775200,576.9724731445312
hace_003,0,776000,486.373779296875
hace_003,0,776800,416.28106689453125
hace_003,0,777600,372.4505615234375
hace_003,0,778400,319.360107421875
hace_003,0,779200,269.3349304199219
hace_003,0,780000,223.60946655273438
hace_003,0,780800,192.98806762695312
hace_003,0,781600,167.28524780273438
hace_003,0,782400,124.96320343017578
hace_003,0,783200,94.77232360839844
hace_003,0,784000,74.11566162109375
hace_003,0,784800,33.37950897216797
hace_003,0,785600,24.10602569580078
hace_003,0,786400,14.272102355957031
hace_003,0,787200,8.792718887329102
hace_003,0,788000,7.583015441894531
hace_003,0,788800,2.425950765609741
hace_003,0,789600,1.206164836883545
hace_003,0,790400,-3.110153913497925
hace_003,0,791200,-5.544614791870117
hace_003,0,792000,-3.9476261138916016
hace_003,0,792800,40.905609130859375
hace_003,0,793600,40.997982025146484
hace_003,0,794400,40.463836669921875
hace_003,0,795200,41.941917419433594
hace_003,0,796000,42.098175048828125
hace_003,0,796800,44.70335006713867
hace_003,0,797600,50.572113037109375
hace_003,0,798400,64.59793853759766
hace_003,0,799200,68.60545349121094
hace_003,0,800000,70.69983673095703
hace_003,0,800800,107.94396209716797
hace_003,0,801600,120.0182876586914
hace_003,0,802400,123.18131256103516
hace_003,0,803200,130.51528930664062
hace_003,0,804000,133.4173583984375
hace_003,0,804800,165.0485076904297
hace_003,0,805600,166.4563751220703
hace_003,0,806400,167.7821044921875
hace_003,0,807200,165.5926971435547
hace_003,0,808000,167.70364379882812
hace_003,0,808800,168.24684143066406
hace_003,0,809600,174.11215209960938
hace_003,0,810400,177.2484588623047
hace_003,0,811200,182.3017120361328
hace_003,0,812000,179.4776611328125
hace_003,0,812800,137.16683959960938
hace_003,0,813600,142.5703582763672
hace_003,0,814400,143.89688110351562
hace_003,0,815200,146.48171997070312
hace_003,0,816000,151.7421112060547
hace_003,0,816800,241.3207244873047
hace_003,0,817600,245.97628784179688
hace_003,0,818400,236.50099182128906
hace_003,0,819200,275.0711364746094
hace_003,0,820000,280.8763732910156
hace_003,0,820800,250.7008056640625
hace_003,0,821600,245.72898864746094
hace_003,0,822400,282.9402770996094
hace_003,0,823200,292.1754150390625
hace_003,0,824000,318.1598205566406
hace_003,0,824800,307.07489013671875
hace_003,0,825600,311.1444396972656
hace_003,0,826400,319.98577880859375
hace_003,0,827200,324.01617431640625
hace_003,0,828000,327.6395263671875
hace_003,0,828800,327.804931640625
hace_003,0,829600,323.81427001953125
hace_003,0,830400,322.24761962890625
hace_003,0,831200,319.5159606933594
hace_003,0,832000,319.8243408203125
hace_003,0,832800,341.91937255859375
hace_003,0,833600,356.29632568359375
hace_003,0,834400,395.2291259765625
hace_003,0,835200,416.8213195800781
hace_003,0,836000,425.29681396484375
hace_003,0,836800,348.0899658203125
hace_003,0,837600,361.9946594238281
hace_003,0,838400,386.3388977050781
hace_003,0,839200,383.4502868652344
hace_003,0,840000,395.6449890136719
hace_003,0,840800,429.60089111328125
hace_003,0,841600,459.8188781738281
hace_003,0,842400,466.6343688964844
hace_003,0,843200,520.3436889648438
hace_003,0,844000,530.5029296875
hace_003,0,844800,535.09716796875
hace_003,0,845600,556.1060791015625
hace_003,0,846400,571.8475341796875
hace_003,0,847200,588.2672119140625
hace_003,0,848000,603.525146484375
hace_003,0,848800,660.265625
hace_003,0,849600,696.6531372070312
hace_003,0,850400,771.675048828125
hace_003,0,851200,790.5281982421875
hace_003,0,852000,905.601318359375
hace_003,0,852800,946.7372436523438
hace_003,0,853600,1032.958984375
hace_003,0,854400,1055.1624755859375
hace_003,0,855200,1092.6907958984375
hace_003,0,856000,1099.42724609375
hace_003,0,856800,1100.306884765625
hace_003,0,857600,1142.019287109375
hace_003,0,858400,1135.1328125
hace_003,0,859200,1138.9169921875
hace_003,0,860000,1159.04150390625
hace_003,0,860800,1153.3228759765625
hace_003,0,861600,1167.0150146484375
hace_003,0,862400,1170.3944091796875
hace_003,0,863200,1153.0150146484375
hace_003,0,864000,1153.9005126953125
hace_003,0,864800,1188.8125
hace_003,0,865600,1204.27783203125
hace_003,0,866400,1215.1971435546875
hace_003,0,867200,1233.159912109375
hace_003,0,868000,1238.68212890625
hace_003,0,868800,1189.1610107421875
hace_003,0,869600,1173.54833984375
hace_003,0,870400,1100.9451904296875
hace_003,0,871200,1079.9306640625
hace_003,0,872000,967.5324096679688
hace_003,0,872800,904.671630859375
hace_003,0,873600,818.7052001953125
hace_003,0,874400,756.1828002929688
hace_003,0,875200,693.10888671875
hace_003,0,876000,674.4195556640625
hace_003,0,876800,661.6515502929688
hace_003,0,877600,611.361083984375
hace_003,0,878400,687.85107421875
hace_003,0,879200,667.2811279296875
hace_003,0,880000,751.7562866210938
hace_003,0,880800,732.9940795898438
hace_003,0,881600,702.5538940429688
hace_003,0,882400,694.5305786132812
hace_003,0,883200,723.7582397460938
hace_003,0,884000,758.1748657226562
hace_003,0,884800,743.0347900390625
hace_003,0,885600,850.4824829101562
hace_003,0,886400,917.5910034179688
hace_003,0,887200,926.0072631835938
hace_003,0,888000,1021.9627075195312
hace_003,0,888800,1152.2021484375
hace_003,0,889600,1213.2027587890625
hace_003,0,890400,1251.251708984375
hace_003,0,891200,1422.4080810546875
hace_003,0,892000,1610.970947265625
hace_003,0,892800,1717.358154296875
hace_003,0,893600,1763.849365234375
hace_003,0,894400,1837.753173828125
hace_003,0,895200,1881.565185546875
hace_003,0,896000,1894.311767578125
hace_003,0,896800,2072.52001953125
hace_003,0,897600,2089.275390625
hace_003,0,898400,2136.5341796875
hace_003,0,899200,2117.002685546875
hace_003,0,900000,1993.627197265625
hace_003,0,900800,1979.3525390625
hace_003,0,901600,2056.970458984375
hace_003,0,902400,2013.2679443359375
hace_003,0,903200,2068.56787109375
hace_003,0,904000,1990.73974609375
hace_003,0,904800,1945.8853759765625
hace_003,0,905600,1794.4566650390625
hace_003,0,906400,1688.5936279296875
hace_003,0,907200,1640.414306640625
hace_003,0,908000,1516.2850341796875
hace_003,0,908800,1376.5098876953125
hace_003,0,909600,1291.3089599609375
hace_003,0,910400,1304.3106689453125
hace_003,0,911200,1183.4664306640625
hace_003,0,912000,1018.0208740234375
hace_003,0,912800,915.5775756835938
hace_003,0,913600,854.584716796875
hace_003,0,914400,779.4353637695312
hace_003,0,915200,734.6573486328125
hace_003,0,916000,718.8494262695312
hace_003,0,916800,537.4249877929688
hace_003,0,917600,503.9239807128906
hace_003,0,918400,356.46575927734375
hace_003,0,919200,352.894287109375
hace_003,0,920000,352.50335693359375
hace_003,0,920800,350.1683044433594
hace_003,0,921600,251.32740783691406
hace_003,0,922400,250.70314025878906
hace_003,0,923200,113.01004791259766
hace_003,0,924000,112.95584869384766
hace_003,0,924800,112.92301177978516
hace_003,0,925600,112.71611022949219
hace_003,0,926400,112.58819580078125
hace_003,0,927200,112.50094604492188
hace_003,0,928000,112.5221176147461
hace_003,0,928800,112.5181655883789
hace_003,0,929600,112.3520278930664
hace_003,0,930400,56.67811584472656
hace_003,0,931200,4.542396068572998
hace_003,0,932000,-21.87702751159668
hace_003,0,932800,-29.627443313598633
hace_003,0,933600,-35.86221694946289
hace_003,0,934400,-34.45675277709961
hace_003,0,935200,-33.07143783569336
hace_003,0,936000,-31.649309158325195
hace_003,0,936800,-30.961013793945312
hace_003,0,937600,-29.85556983947754
hace_003,0,938400,-28.815412521362305
hace_003,0,939200,-27.840816497802734
hace_003,0,940000,-28.041921615600586
hace_003,0,940800,-27.1573429107666
hace_003,0,941600,-26.058303833007812
hace_003,0,942400,-24.88361930847168
hace_003,0,943200,-24.0233097076416
hace_003,0,944000,-23.464305877685547
hace_003,0,944800,-22.94607925415039
hace_003,0,945600,-22.441370010375977
hace_003,0,946400,-21.93526840209961
hace_003,0,947200,-21.521583557128906
hace_003,0,948000,-21.117082595825195
hace_003,0,948800,-20.76213264465332
hace_003,0,949600,-20.44381332397461
hace_003,0,950400,-20.189298629760742
hace_003,0,951200,-19.943117141723633
hace_003,0,952000,-19.78883171081543
hace_003,0,952800,-19.649560928344727
hace_003,0,953600,-19.54334259033203
hace_003,0,954400,-19.5064640045166
hace_003,0,955200,-19.4956111907959
hace_003,0,956000,-19.461328506469727
hace_003,0,956800,-19.481609344482422
hace_003,0,957600,-19.52529525756836
hace_003,0,958400,-19.551599502563477
hace_003,0,959200,-19.554529190063477
hace_003,0,960000,-19.5333194732666
hace_003,0,960800,-19.56694984436035
hace_003,0,961600,-19.62962532043457
hace_003,0,962400,-19.69593620300293
hace_003,0,963200,-19.74122428894043
hace_003,0,964000,-19.786808013916016
hace_003,0,964800,-19.83283805847168
hace_003,0,965600,-19.9327335357666
hace_003,0,966400,-20.09650993347168
hace_003,0,967200,-19.31378173828125
hace_003,0,968000,-16.847484588623047
hace_003,0,968800,13.43406867980957
hace_003,0,969600,125.71985626220703
hace_003,0,970400,147.12216186523438
hace_003,0,971200,219.56993103027344
hace_003,0,972000,223.7726287841797
hace_003,0,972800,248.8041229248047
hace_003,0,973600,291.04486083984375
hace_003,0,974400,290.6011047363281
hace_003,0,975200,640.4462280273438
hace_003,0,976000,640.5958862304688
hace_003,0,976800,843.4215087890625
hace_003,0,977600,843.26025390625
hace_003,0,978400,1437.59375
hace_003,0,979200,1935.5299072265625
hace_003,0,980000,2021.279052734375
hace_003,0,980800,2490.17919921875
hace_003,0,981600,2698.136474609375
hace_003,0,982400,3196.992431640625
hace_003,0,983200,3495.67626953125
hace_003,0,984000,3794.871337890625
hace_003,0,984800,3877.52978515625
hace_003,0,985600,3944.884521484375
hace_003,0,986400,3962.415771484375
hace_003,0,987200,3961.52978515625
hace_003,0,988000,3958.523681640625
hace_003,0,988800,4093.22900390625
hace_003,0,989600,4004.914794921875
hace_003,0,990400,4079.086669921875
hace_003,0,991200,4023.513916015625
hace_003,0,992000,4067.468505859375
hace_003,0,992800,4099.171875
hace_003,0,993600,4164.5751953125
hace_003,0,994400,4280.47265625
hace_003,0,995200,4012.478759765625
hace_003,0,996000,4012.36865234375
hace_003,0,996800,3829.4638671875
hace_003,0,997600,3872.892822265625
hace_003,0,998400,3306.582275390625
hace_003,0,999200,2826.291748046875
hace_003,0,1000000,2745.103515625
vanilla,0,800,-33.07035446166992
vanilla,0,1600,-29.8659725189209
vanilla,0,2400,-27.941709518432617
vanilla,0,3200,-28.31536293029785
vanilla,0,4000,-28.641584396362305
vanilla,0,4800,-29.34902000427246
vanilla,0,5600,-28.600204467773438
vanilla,0,6400,3.529182195663452
vanilla,0,7200,0.8154022097587585
vanilla,0,8000,-2.002870798110962
vanilla,0,8800,-4.387294769287109
vanilla,0,9600,-6.986422538757324
vanilla,0,10400,-7.995244026184082
vanilla,0,11200,-9.549921035766602
vanilla,0,12000,-11.378663063049316
vanilla,0,12800,-5.6000657081604
vanilla,0,13600,-4.230624198913574
vanilla,0,14400,-5.01743745803833
vanilla,0,15200,-5.840878486633301
vanilla,0,16000,-6.417099952697754
vanilla,0,16800,-6.978410720825195
vanilla,0,17600,89.26803588867188
vanilla,0,18400,83.19779205322266
vanilla,0,19200,76.6253662109375
vanilla,0,20000,71.2077407836914
vanilla,0,20800,70.75847625732422
vanilla,0,21600,70.40972137451172
vanilla,0,22400,70.37357330322266
vanilla,0,23200,70.61286163330078
vanilla,0,24000,71.04718017578125
vanilla,0,24800,71.59700012207031
vanilla,0,25600,276.3393859863281
vanilla,0,26400,267.743408203125
vanilla,0,27200,290.803466796875
vanilla,0,28000,326.23211669921875
vanilla,0,28800,366.26055908203125
vanilla,0,29600,366.0386962890625
vanilla,0,30400,364.81182861328125
vanilla,0,31200,363.7375793457031
vanilla,0,32000,363.0141906738281
vanilla,0,32800,357.7364807128906
vanilla,0,33600,354.8309326171875
vanilla,0,34400,353.2528991699219
vanilla,0,35200,351.72357177734375
vanilla,0,36000,350.0841064453125
vanilla,0,36800,348.51385498046875
vanilla,0,37600,262.05828857421875
vanilla,0,38400,261.11590576171875
vanilla,0,39200,260.74420166015625
vanilla,0,40000,259.76190185546875
vanilla,0,40800,258.23004150390625
vanilla,0,41600,256.3978271484375
vanilla,0,42400,254.3903045654297
vanilla,0,43200,252.55760192871094
vanilla,0,44000,250.3317413330078
vanilla,0,44800,248.66436767578125
vanilla,0,45600,42.01161193847656
vanilla,0,46400,38.98174285888672
vanilla,0,47200,14.331101417541504
vanilla,0,48000,-22.364517211914062
vanilla,0,48800,-63.601043701171875
vanilla,0,49600,-64.26351165771484
vanilla,0,50400,-64.53317260742188
vanilla,0,51200,-64.59783172607422
vanilla,0,52000,-64.74693298339844
vanilla,0,52800,-64.92176818847656
vanilla,0,53600,-64.75398254394531
vanilla,0,54400,-64.48198699951172
vanilla,0,55200,-64.26679229736328
vanilla,0,56000,-64.11027526855469
vanilla,0,56800,-64.28157806396484
vanilla,0,57600,-64.8145980834961
vanilla,0,58400,-64.3521957397461
vanilla,0,59200,-63.39240264892578
vanilla,0,60000,-62.34632110595703
vanilla,0,60800,-61.49187088012695
vanilla,0,61600,-60.77141571044922
vanilla,0,62400,-60.26681900024414
vanilla,0,63200,-60.01795959472656
vanilla,0,64000,-59.415042877197266
vanilla,0,64800,-2.5479636192321777
vanilla,0,65600,20.08660125732422
vanilla,0,66400,60.71010971069336
vanilla,0,67200,88.0904769897461
vanilla,0,68000,136.32366943359375
vanilla,0,68800,182.54769897460938
vanilla,0,69600,190.8596954345703
vanilla,0,70400,220.6092529296875
vanilla,0,71200,254.37472534179688
vanilla,0,72000,268.8004150390625
vanilla,0,72800,271.1160583496094
vanilla,0,73600,272.1833801269531
vanilla,0,74400,320.7626037597656
vanilla,0,75200,321.73046875
vanilla,0,76000,323.07940673828125
vanilla,0,76800,324.4790954589844
vanilla,0,77600,326.0625
vanilla,0,78400,329.4053955078125
vanilla,0,79200,338.5845642089844
vanilla,0,80000,347.3135681152344
vanilla,0,80800,351.47882080078125
vanilla,0,81600,1119.01123046875
vanilla,0,82400,1205.3785400390625
vanilla,0,83200,1207.0504150390625
vanilla,0,84000,1220.2906494140625
vanilla,0,84800,1172.2041015625
vanilla,0,85600,1151.8489990234375
vanilla,0,86400,1112.8087158203125
vanilla,0,87200,1086.8194580078125
vanilla,0,88000,1043.4000244140625
vanilla,0,88800,1277.0528564453125
vanilla,0,89600,1523.0
vanilla,0,90400,1870.31005859375
vanilla,0,91200,1845.796875
vanilla,0,92000,1832.2354736328125
vanilla,0,92800,1832.0953369140625
vanilla,0,93600,1898.4833984375
vanilla,0,94400,1850.09716796875
vanilla,0,95200,1849.5025634765625
vanilla,0,96000,3341.95703125
vanilla,0,96800,3341.68017578125
vanilla,0,97600,3341.88916015625
vanilla,0,98400,3340.18994140625
vanilla,0,99200,3384.335205078125
vanilla,0,100000,3377.18017578125
vanilla,0,100800,3638.544189453125
vanilla,0,101600,2880.136962890625
vanilla,0,102400,2814.330078125
vanilla,0,103200,2945.2734375
vanilla,0,104000,3044.22607421875
vanilla,0,104800,3043.572509765625
vanilla,0,105600,3043.3642578125
vanilla,0,106400,3043.328369140625
vanilla,0,107200,3044.05810546875
vanilla,0,108000,3083.376708984375
vanilla,0,108800,2805.687744140625
vanilla,0,109600,2599.93603515625
vanilla,0,110400,2228.846435546875
vanilla,0,111200,2227.13330078125
vanilla,0,112000,2303.83056640625
vanilla,0,112800,2447.699951171875
vanilla,0,113600,2552.67236328125
vanilla,0,114400,4469.84765625
vanilla,0,115200,7727.98779296875
vanilla,0,116000,10613.2265625
vanilla,0,116800,14396.052734375
vanilla,0,117600,14396.1533203125
vanilla,0,118400,14396.181640625
vanilla,0,119200,14344.4404296875
vanilla,0,120000,14344.361328125
vanilla,0,120800,14080.5263671875
vanilla,0,121600,14073.28125
vanilla,0,122400,14054.5283203125
vanilla,0,123200,13923.8486328125
vanilla,0,124000,13813.265625
vanilla,0,124800,13806.798828125
vanilla,0,125600,13806.7578125
vanilla,0,126400,13806.884765625
vanilla,0,127200,13806.1884765625
vanilla,0,128000,13763.4560546875
vanilla,0,128800,13762.662109375
vanilla,0,129600,13715.4716796875
vanilla,0,130400,13710.5078125
vanilla,0,131200,13704.3779296875
vanilla,0,132000,13628.26171875
vanilla,0,132800,13483.6796875
vanilla,0,133600,13312.31640625
vanilla,0,134400,11395.98828125
vanilla,0,135200,8138.630859375
vanilla,0,136000,3760.7626953125
vanilla,0,136800,-21.666921615600586
vanilla,0,137600,-22.292457580566406
vanilla,0,138400,-22.773868560791016
vanilla,0,139200,-23.204755783081055
vanilla,0,140000,-23.63035774230957
vanilla,0,140800,-24.33220672607422
vanilla,0,141600,-25.228778839111328
vanilla,0,142400,-26.312959671020508
vanilla,0,143200,-27.30636215209961
vanilla,0,144000,-27.981201171875
vanilla,0,144800,-28.603809356689453
vanilla,0,145600,-29.188817977905273
vanilla,0,146400,-29.846155166625977
vanilla,0,147200,-30.418912887573242
vanilla,0,148000,-31.26190948486328
vanilla,0,148800,-32.27423095703125
vanilla,0,149600,-33.10166931152344
vanilla,0,150400,-33.49153518676758
vanilla,0,151200,-33.95753479003906
vanilla,0,152000,-34.87674331665039
vanilla,0,152800,-35.62786102294922
vanilla,0,153600,-35.97704315185547
vanilla,0,154400,-36.24188232421875
vanilla,0,155200,-36.66560745239258
vanilla,0,156000,-36.904972076416016
vanilla,0,156800,32.104427337646484
vanilla,0,157600,72.59133911132812
vanilla,0,158400,76.31514739990234
vanilla,0,159200,115.3546371459961
vanilla,0,160000,115.06051635742188
vanilla,0,160800,116.03230285644531
vanilla,0,161600,116.67420196533203
vanilla,0,162400,160.54641723632812
vanilla,0,163200,162.88706970214844
vanilla,0,164000,167.69265747070312
vanilla,0,164800,189.519287109375
vanilla,0,165600,2270.344970703125
vanilla,0,166400,2284.358154296875
vanilla,0,167200,3732.259521484375
vanilla,0,168000,3731.732666015625
vanilla,0,168800,5203.8671875
vanilla,0,169600,5210.47265625
vanilla,0,170400,5231.1220703125
vanilla,0,171200,5323.193359375
vanilla,0,172000,5409.52685546875
vanilla,0,172800,5419.59765625
vanilla,0,173600,5420.2197265625
vanilla,0,174400,6955.13818359375
vanilla,0,175200,11406.3359375
vanilla,0,176000,13056.947265625
vanilla,0,176800,12989.1357421875
vanilla,0,177600,13004.8564453125
vanilla,0,178400,13010.09765625
vanilla,0,179200,16441.16796875
vanilla,0,180000,20717.486328125
vanilla,0,180800,23378.779296875
vanilla,0,181600,26018.7109375
vanilla,0,182400,31316.861328125
vanilla,0,183200,36846.4375
vanilla,0,184000,42511.5234375
vanilla,0,184800,44771.8359375
vanilla,0,185600,45646.484375
vanilla,0,186400,48983.796875
vanilla,0,187200,51568.58203125
vanilla,0,188000,54305.98828125
vanilla,0,188800,55877.15625
vanilla,0,189600,58780.796875
vanilla,0,190400,60481.671875
vanilla,0,191200,62194.50390625
vanilla,0,192000,64728.40234375
vanilla,0,192800,68825.6484375
vanilla,0,193600,72157.734375
vanilla,0,194400,74566.25
vanilla,0,195200,74982.09375
vanilla,0,196000,79557.921875
vanilla,0,196800,84908.9765625
vanilla,0,197600,89741.1015625
vanilla,0,198400,94609.734375
vanilla,0,199200,96213.125
vanilla,0,200000,97869.5390625
vanilla,0,200800,100813.0703125
vanilla,0,201600,103415.2421875
vanilla,0,202400,103546.09375
vanilla,0,203200,103298.0625
vanilla,0,204000,103474.5546875
vanilla,0,204800,107174.4140625
vanilla,0,205600,110016.2265625
vanilla,0,206400,112669.0625
vanilla,0,207200,114220.8203125
vanilla,0,208000,117818.125
vanilla,0,208800,120628.71875
vanilla,0,209600,124404.953125
vanilla,0,210400,128396.1328125
vanilla,0,211200,133489.453125
vanilla,0,212000,136057.859375
vanilla,0,212800,138859.46875
vanilla,0,213600,142295.046875
vanilla,0,214400,144807.40625
vanilla,0,215200,145465.375
vanilla,0,216000,145781.25
vanilla,0,216800,144902.15625
vanilla,0,217600,143548.09375
vanilla,0,218400,144398.609375
vanilla,0,219200,145786.046875
vanilla,0,220000,143464.265625
vanilla,0,220800,143858.109375
vanilla,0,221600,144795.5625
vanilla,0,222400,143371.859375
vanilla,0,223200,143489.78125
vanilla,0,224000,142839.453125
vanilla,0,224800,141472.296875
vanilla,0,225600,140520.921875
vanilla,0,226400,138790.71875
vanilla,0,227200,138786.1875
vanilla,0,228000,135548.984375
vanilla,0,228800,136268.515625
vanilla,0,229600,134745.46875
vanilla,0,230400,133201.3125
vanilla,0,231200,132200.28125
vanilla,0,232000,132875.328125
vanilla,0,232800,131979.65625
vanilla,0,233600,129919.3984375
vanilla,0,234400,129874.0078125
vanilla,0,235200,129992.2421875
vanilla,0,236000,127653.5546875
vanilla,0,236800,126832.9609375
vanilla,0,237600,124693.9140625
vanilla,0,238400,120874.84375
vanilla,0,239200,116325.6328125
vanilla,0,240000,114600.03125
vanilla,0,240800,108601.109375
vanilla,0,241600,102421.4921875
vanilla,0,242400,98373.3828125
vanilla,0,243200,92972.34375
vanilla,0,244000,87842.9921875
vanilla,0,244800,83404.5234375
vanilla,0,245600,78559.40625
vanilla,0,246400,74286.296875
vanilla,0,247200,70026.3125
vanilla,0,248000,68677.5234375
vanilla,0,248800,63697.94140625
vanilla,0,249600,62134.5546875
vanilla,0,250400,63989.22265625
vanilla,0,251200,64201.10546875
vanilla,0,252000,64858.828125
vanilla,0,252800,64965.34765625
vanilla,0,253600,65477.14453125
vanilla,0,254400,60846.67578125
vanilla,0,255200,62298.98046875
vanilla,0,256000,59850.52734375
vanilla,0,256800,59474.88671875
vanilla,0,257600,58109.74609375
vanilla,0,258400,59170.796875
vanilla,0,259200,61158.375
vanilla,0,260000,62768.7734375
vanilla,0,260800,65569.7734375
vanilla,0,261600,68941.875
vanilla,0,262400,70151.203125
vanilla,0,263200,71851.3203125
vanilla,0,264000,75407.71875
vanilla,0,264800,75439.65625
vanilla,0,265600,76374.765625
vanilla,0,266400,76875.0078125
vanilla,0,267200,75591.84375
vanilla,0,268000,73868.90625
vanilla,0,268800,73331.3359375
vanilla,0,269600,69856.234375
vanilla,0,270400,64136.99609375
vanilla,0,271200,58032.34375
vanilla,0,272000,53444.3359375
vanilla,0,272800,47467.484375
vanilla,0,273600,42253.3203125
vanilla,0,274400,40482.8359375
vanilla,0,275200,36699.96484375
vanilla,0,276000,34951.46484375
vanilla,0,276800,31701.490234375
vanilla,0,277600,31971.7578125
vanilla,0,278400,29154.44140625
vanilla,0,279200,25297.66796875
vanilla,0,280000,21997.52734375
vanilla,0,280800,19318.330078125
vanilla,0,281600,15953.9765625
vanilla,0,282400,18727.43359375
vanilla,0,283200,20635.20703125
vanilla,0,284000,22459.2421875
vanilla,0,284800,24006.900390625
vanilla,0,285600,28509.662109375
vanilla,0,286400,34048.7890625
vanilla,0,287200,39314.234375
vanilla,0,288000,45734.19140625
vanilla,0,288800,50952.40625
vanilla,0,289600,50839.7734375
vanilla,0,290400,56587.9140625
vanilla,0,291200,56627.48828125
vanilla,0,292000,57692.69921875
vanilla,0,292800,60450.25
vanilla,0,293600,63689.53515625
vanilla,0,294400,70410.28125
vanilla,0,295200,70792.203125
vanilla,0,296000,76785.5625
vanilla,0,296800,82919.7421875
vanilla,0,297600,88653.1015625
vanilla,0,298400,94435.5390625
vanilla,0,299200,100429.7109375
vanilla,0,300000,106157.2109375
vanilla,0,300800,109472.7265625
vanilla,0,301600,116074.9140625
vanilla,0,302400,117440.9609375
vanilla,0,303200,119277.6796875
vanilla,0,304000,119031.40625
vanilla,0,304800,123355.078125
vanilla,0,305600,123007.6953125
vanilla,0,306400,118129.7734375
vanilla,0,307200,116836.8203125
vanilla,0,308000,115668.4296875
vanilla,0,308800,113611.46875
vanilla,0,309600,118097.5703125
vanilla,0,310400,118578.203125
vanilla,0,311200,124579.375
vanilla,0,312000,126799.5703125
vanilla,0,312800,129842.3828125
vanilla,0,313600,131364.796875
vanilla,0,314400,130602.4453125
vanilla,0,315200,130868.0234375
vanilla,0,316000,129466.53125
vanilla,0,316800,129222.4921875
vanilla,0,317600,127577.671875
vanilla,0,318400,127777.5
vanilla,0,319200,126075.3984375
vanilla,0,320000,126054.2421875
vanilla,0,320800,128488.6484375
vanilla,0,321600,127727.8359375
vanilla,0,322400,128435.296875
vanilla,0,323200,128797.234375
vanilla,0,324000,126429.5234375
vanilla,0,324800,125294.6875
vanilla,0,325600,124585.7890625
vanilla,0,326400,128970.7578125
vanilla,0,327200,130184.96875
vanilla,0,328000,128899.6171875
vanilla,0,328800,128076.4609375
vanilla,0,329600,127313.28125
vanilla,0,330400,125448.4921875
vanilla,0,331200,124231.2734375
vanilla,0,332000,123013.484375
vanilla,0,332800,121064.171875
vanilla,0,333600,120071.8828125
vanilla,0,334400,118190.421875
vanilla,0,335200,116739.5
vanilla,0,336000,115766.8359375
vanilla,0,336800,112356.671875
vanilla,0,337600,110938.0078125
vanilla,0,338400,107672.3359375
vanilla,0,339200,105658.3515625
vanilla,0,340000,102901.515625
vanilla,0,340800,99950.4140625
vanilla,0,341600,97411.3203125
vanilla,0,342400,94601.8359375
vanilla,0,343200,91323.3671875
vanilla,0,344000,92350.1171875
vanilla,0,344800,91753.375
vanilla,0,345600,91634.84375
vanilla,0,346400,90777.453125
vanilla,0,347200,89325.7890625
vanilla,0,348000,90646.765625
vanilla,0,348800,92755.046875
vanilla,0,349600,94142.1953125
vanilla,0,350400,94296.640625
vanilla,0,351200,94320.265625
vanilla,0,352000,95543.71875
vanilla,0,352800,96379.421875
vanilla,0,353600,97152.453125
vanilla,0,354400,98151.671875
vanilla,0,355200,100345.25
vanilla,0,356000,101833.8046875
vanilla,0,356800,103133.5703125
vanilla,0,357600,104214.0703125
vanilla,0,358400,106276.0546875
vanilla,0,359200,106672.5859375
vanilla,0,360000,108278.890625
vanilla,0,360800,110956.1171875
vanilla,0,361600,112524.0546875
vanilla,0,362400,112471.3203125
vanilla,0,363200,112805.96875
vanilla,0,364000,109817.5859375
vanilla,0,364800,107833.828125
vanilla,0,365600,107562.328125
vanilla,0,366400,105378.25
vanilla,0,367200,106478.9609375
vanilla,0,368000,103406.765625
vanilla,0,368800,101179.0234375
vanilla,0,369600,98356.5859375
vanilla,0,370400,95711.4375
vanilla,0,371200,95844.0
vanilla,0,372000,94458.890625
vanilla,0,372800,91883.6953125
vanilla,0,373600,89353.1796875
vanilla,0,374400,86690.4375
vanilla,0,375200,85549.2421875
vanilla,0,376000,84814.765625
vanilla,0,376800,86459.890625
vanilla,0,377600,85403.7109375
vanilla,0,378400,83964.7421875
vanilla,0,379200,84410.6875
vanilla,0,380000,84176.4453125
vanilla,0,380800,82008.3515625
vanilla,0,381600,81998.0078125
vanilla,0,382400,82559.8515625
vanilla,0,383200,84910.734375
vanilla,0,384000,88358.21875
vanilla,0,384800,90031.5546875
vanilla,0,385600,91103.953125
vanilla,0,386400,91530.171875
vanilla,0,387200,91551.171875
vanilla,0,388000,94452.828125
vanilla,0,388800,94707.390625
vanilla,0,389600,96923.9375
vanilla,0,390400,99591.6796875
vanilla,0,391200,100371.421875
vanilla,0,392000,101365.2265625
vanilla,0,392800,103391.9609375
vanilla,0,393600,105796.1875
vanilla,0,394400,108027.140625
vanilla,0,395200,109111.5546875
vanilla,0,396000,109941.765625
vanilla,0,396800,109443.8125
vanilla,0,397600,110757.3046875
vanilla,0,398400,111954.734375
vanilla,0,399200,113125.0390625
vanilla,0,400000,114055.8984375
vanilla,0,400800,114025.96875
vanilla,0,401600,112882.15625
vanilla,0,402400,114133.5859375
vanilla,0,403200,114239.6875
vanilla,0,404000,114189.3671875
vanilla,0,404800,114033.1640625
vanilla,0,405600,112232.8671875
vanilla,0,406400,113726.3046875
vanilla,0,407200,113780.7265625
vanilla,0,408000,113061.3984375
vanilla,0,408800,113946.6953125
vanilla,0,409600,114048.2265625
vanilla,0,410400,114950.4765625
vanilla,0,411200,114331.6640625
vanilla,0,412000,115250.7578125
vanilla,0,412800,116514.0546875
vanilla,0,413600,116383.9375
vanilla,0,414400,117481.65625
vanilla,0,415200,116744.6953125
vanilla,0,416000,116442.578125
vanilla,0,416800,116384.6875
vanilla,0,417600,116272.015625
vanilla,0,418400,116712.640625
vanilla,0,419200,117986.4609375
vanilla,0,420000,116839.84375
vanilla,0,420800,118726.65625
vanilla,0,421600,120401.78125
vanilla,0,422400,120959.1796875
vanilla,0,423200,121344.8828125
vanilla,0,424000,122522.953125
vanilla,0,424800,124340.4609375
vanilla,0,425600,126977.1171875
vanilla,0,426400,126508.0859375
vanilla,0,427200,127498.15625
vanilla,0,428000,129793.765625
vanilla,0,428800,131897.453125
vanilla,0,429600,133324.125
vanilla,0,430400,132789.875
vanilla,0,431200,133314.703125
vanilla,0,432000,133485.53125
vanilla,0,432800,132742.375
vanilla,0,433600,132692.078125
vanilla,0,434400,131532.15625
vanilla,0,435200,132984.5625
vanilla,0,436000,132685.15625
vanilla,0,436800,132811.0
vanilla,0,437600,133244.96875
vanilla,0,438400,133226.328125
vanilla,0,439200,133164.953125
vanilla,0,440000,133367.078125
vanilla,0,440800,132781.578125
vanilla,0,441600,132178.515625
vanilla,0,442400,130811.4609375
vanilla,0,443200,129311.953125
vanilla,0,444000,128069.859375
vanilla,0,444800,125967.7421875
vanilla,0,445600,124184.828125
vanilla,0,446400,123403.515625
vanilla,0,447200,120247.046875
vanilla,0,448000,117285.2890625
vanilla,0,448800,114530.9140625
vanilla,0,449600,111479.6484375
vanilla,0,450400,110305.078125
vanilla,0,451200,107715.453125
vanilla,0,452000,103934.0625
vanilla,0,452800,102754.296875
vanilla,0,453600,100834.3828125
vanilla,0,454400,98385.4296875
vanilla,0,455200,95959.7109375
vanilla,0,456000,94210.3984375
vanilla,0,456800,91276.0234375
vanilla,0,457600,90487.796875
vanilla,0,458400,88716.703125
vanilla,0,459200,86465.6015625
vanilla,0,460000,85846.1640625
vanilla,0,460800,83110.765625
vanilla,0,461600,80849.7734375
vanilla,0,462400,78274.5390625
vanilla,0,463200,78633.578125
vanilla,0,464000,76397.5234375
vanilla,0,464800,72947.0546875
vanilla,0,465600,70379.6171875
vanilla,0,466400,68974.703125
vanilla,0,467200,68434.28125
vanilla,0,468000,65622.0859375
vanilla,0,468800,63392.17578125
vanilla,0,469600,62153.11328125
vanilla,0,470400,59107.0078125
vanilla,0,471200,56181.8359375
vanilla,0,472000,57892.78125
vanilla,0,472800,56197.1171875
vanilla,0,473600,55160.39453125
vanilla,0,474400,54988.1875
vanilla,0,475200,55699.6796875
vanilla,0,476000,53812.5625
vanilla,0,476800,53098.015625
vanilla,0,477600,51967.984375
vanilla,0,478400,48754.1171875
vanilla,0,479200,48729.51171875
vanilla,0,480000,47272.42578125
vanilla,0,480800,47428.11328125
vanilla,0,481600,46923.66796875
vanilla,0,482400,47197.828125
vanilla,0,483200,44594.80859375
vanilla,0,484000,45991.01953125
vanilla,0,484800,49999.39453125
vanilla,0,485600,50252.671875
vanilla,0,486400,51061.92578125
vanilla,0,487200,51379.671875
vanilla,0,488000,54731.43359375
vanilla,0,488800,56785.9375
vanilla,0,489600,58482.25390625
vanilla,0,490400,61718.3125
vanilla,0,491200,64920.28125
vanilla,0,492000,66472.359375
vanilla,0,492800,69666.375
vanilla,0,493600,73658.046875
vanilla,0,494400,77004.3046875
vanilla,0,495200,78825.5546875
vanilla,0,496000,81903.6875
vanilla,0,496800,84901.3203125
vanilla,0,497600,84134.8046875
vanilla,0,498400,89660.03125
vanilla,0,499200,91541.515625
vanilla,0,500000,93218.921875
vanilla,0,500800,91095.4921875
vanilla,0,501600,89062.9921875
vanilla,0,502400,87164.3046875
vanilla,0,503200,85200.40625
vanilla,0,504000,81835.21875
vanilla,0,504800,77680.6484375
vanilla,0,505600,75876.9609375
vanilla,0,506400,73297.890625
vanilla,0,507200,70740.0
vanilla,0,508000,66451.7421875
vanilla,0,508800,62875.56640625
vanilla,0,509600,59430.80859375
vanilla,0,510400,55217.34765625
vanilla,0,511200,51898.53125
vanilla,0,512000,46498.59375
vanilla,0,512800,41384.12109375
vanilla,0,513600,36111.14453125
vanilla,0,514400,30795.265625
vanilla,0,515200,25327.173828125
vanilla,0,516000,21277.23828125
vanilla,0,516800,16909.3125
vanilla,0,517600,14980.169921875
vanilla,0,518400,9329.046875
vanilla,0,519200,4176.853515625
vanilla,0,520000,72.07268524169922
vanilla,0,520800,73.09058380126953
vanilla,0,521600,74.47368621826172
vanilla,0,522400,75.68379974365234
vanilla,0,523200,76.99311065673828
vanilla,0,524000,77.26910400390625
vanilla,0,524800,76.56940460205078
vanilla,0,525600,75.67797088623047
vanilla,0,526400,74.98286437988281
vanilla,0,527200,74.07197570800781
vanilla,0,528000,66.51641845703125
vanilla,0,528800,53.99112319946289
vanilla,0,529600,48.04523468017578
vanilla,0,530400,32.91374588012695
vanilla,0,531200,-5.8626580238342285
vanilla,0,532000,-10.732438087463379
vanilla,0,532800,-16.537250518798828
vanilla,0,533600,-20.520545959472656
vanilla,0,534400,-22.661775588989258
vanilla,0,535200,-25.364559173583984
vanilla,0,536000,-28.215988159179688
vanilla,0,536800,-33.215423583984375
vanilla,0,537600,-50.5016975402832
vanilla,0,538400,-52.96593475341797
vanilla,0,539200,-53.90666961669922
vanilla,0,540000,-54.62702941894531
vanilla,0,540800,-55.4576416015625
vanilla,0,541600,-56.43519592285156
vanilla,0,542400,-57.50647735595703
vanilla,0,543200,-58.710792541503906
vanilla,0,544000,-59.8795166015625
vanilla,0,544800,-60.611122131347656
vanilla,0,545600,-61.138328552246094
vanilla,0,546400,-61.74050521850586
vanilla,0,547200,-62.701698303222656
vanilla,0,548000,-63.77857208251953
vanilla,0,548800,-64.21735382080078
vanilla,0,549600,-64.98384094238281
vanilla,0,550400,-65.58692932128906
vanilla,0,551200,-66.1993408203125
vanilla,0,552000,-66.90088653564453
vanilla,0,552800,-67.66141510009766
vanilla,0,553600,-68.33317565917969
vanilla,0,554400,-68.32024383544922
vanilla,0,555200,-67.0841293334961
vanilla,0,556000,-65.89271545410156
vanilla,0,556800,-65.06582641601562
vanilla,0,557600,-64.19718170166016
vanilla,0,558400,-63.74052429199219
vanilla,0,559200,-62.93739318847656
vanilla,0,560000,-62.61359786987305
vanilla,0,560800,-62.875858306884766
vanilla,0,561600,-63.00578689575195
vanilla,0,562400,-62.462703704833984
vanilla,0,563200,-61.50925827026367
vanilla,0,564000,-60.46844482421875
vanilla,0,564800,-59.50782775878906
vanilla,0,565600,-58.55862045288086
vanilla,0,566400,-57.35137939453125
vanilla,0,567200,-55.76299285888672
vanilla,0,568000,-53.968292236328125
vanilla,0,568800,-52.39882278442383
vanilla,0,569600,-50.667564392089844
vanilla,0,570400,-49.21930694580078
vanilla,0,571200,-48.05449676513672
vanilla,0,572000,-46.70246887207031
vanilla,0,572800,-45.27075958251953
vanilla,0,573600,-44.26431655883789
vanilla,0,574400,-43.325035095214844
vanilla,0,575200,-42.28922653198242
vanilla,0,576000,-40.979305267333984
vanilla,0,576800,-39.680870056152344
vanilla,0,577600,-38.23511505126953
vanilla,0,578400,-36.73750686645508
vanilla,0,579200,-35.672969818115234
vanilla,0,580000,-34.26702880859375
vanilla,0,580800,-31.70379638671875
vanilla,0,581600,-29.961206436157227
vanilla,0,582400,-29.154048919677734
vanilla,0,583200,-29.0418643951416
vanilla,0,584000,-29.008438110351562
vanilla,0,584800,-29.566640853881836
vanilla,0,585600,-30.34305191040039
vanilla,0,586400,-31.1625919342041
vanilla,0,587200,-32.612098693847656
vanilla,0,588000,-34.024410247802734
vanilla,0,588800,-35.465084075927734
vanilla,0,589600,-36.654754638671875
vanilla,0,590400,-37.57095718383789
vanilla,0,591200,-38.271671295166016
vanilla,0,592000,-39.21770095825195
vanilla,0,592800,-39.892372131347656
vanilla,0,593600,-39.95536804199219
vanilla,0,594400,-40.094017028808594
vanilla,0,595200,-40.30073547363281
vanilla,0,596000,-40.608890533447266
vanilla,0,596800,-41.1354866027832
vanilla,0,597600,-42.39115524291992
vanilla,0,598400,-43.88077926635742
vanilla,0,599200,-45.11661148071289
vanilla,0,600000,-46.25895690917969
vanilla,0,600800,-47.82765197753906
vanilla,0,601600,-48.82429122924805
vanilla,0,602400,-49.38145446777344
vanilla,0,603200,-49.697505950927734
vanilla,0,604000,-40.41236877441406
vanilla,0,604800,-40.352882385253906
vanilla,0,605600,-20.947439193725586
vanilla,0,606400,-10.075017929077148
vanilla,0,607200,-5.497737407684326
vanilla,0,608000,20.390270233154297
vanilla,0,608800,105.82310485839844
vanilla,0,609600,567.3466186523438
vanilla,0,610400,1048.9796142578125
vanilla,0,611200,1078.6385498046875
vanilla,0,612000,1118.698486328125
vanilla,0,612800,1147.559326171875
vanilla,0,613600,1174.201171875
vanilla,0,614400,1198.9637451171875
vanilla,0,615200,1203.655517578125
vanilla,0,616000,1217.1680908203125
vanilla,0,616800,1234.128662109375
vanilla,0,617600,1244.11865234375
vanilla,0,618400,1263.4381103515625
vanilla,0,619200,1376.185791015625
vanilla,0,620000,1394.7119140625
vanilla,0,620800,1406.4747314453125
vanilla,0,621600,1430.2381591796875
vanilla,0,622400,1444.6796875
vanilla,0,623200,1446.96826171875
vanilla,0,624000,1462.5146484375
vanilla,0,624800,1477.9808349609375
vanilla,0,625600,1487.540283203125
vanilla,0,626400,1488.4930419921875
vanilla,0,627200,1492.7525634765625
vanilla,0,628000,1466.933837890625
vanilla,0,628800,1381.4071044921875
vanilla,0,629600,919.42431640625
vanilla,0,630400,437.52972412109375
vanilla,0,631200,407.3467712402344
vanilla,0,632000,366.9629821777344
vanilla,0,632800,337.0702209472656
vanilla,0,633600,309.2511291503906
vanilla,0,634400,283.6554260253906
vanilla,0,635200,278.0183410644531
vanilla,0,636000,263.2352600097656
vanilla,0,636800,245.41156005859375
vanilla,0,637600,234.75601196289062
vanilla,0,638400,214.94081115722656
vanilla,0,639200,100.71147155761719
vanilla,0,640000,80.8025894165039
vanilla,0,640800,67.37737274169922
vanilla,0,641600,42.09097671508789
vanilla,0,642400,25.990070343017578
vanilla,0,643200,22.118417739868164
vanilla,0,644000,-4.405930995941162
vanilla,0,644800,-20.962467193603516
vanilla,0,645600,-49.5684700012207
vanilla,0,646400,-61.141754150390625
vanilla,0,647200,-69.26907348632812
vanilla,0,648000,-68.46647644042969
vanilla,0,648800,-67.38800048828125
vanilla,0,649600,-66.02413940429688
vanilla,0,650400,-64.83116912841797
vanilla,0,651200,-63.21943283081055
vanilla,0,652000,-61.5987434387207
vanilla,0,652800,-59.50344467163086
vanilla,0,653600,-57.555381774902344
vanilla,0,654400,-55.75408935546875
vanilla,0,655200,-53.92322540283203
vanilla,0,656000,-49.043094635009766
vanilla,0,656800,-35.977420806884766
vanilla,0,657600,-24.19298553466797
vanilla,0,658400,-15.748983383178711
vanilla,0,659200,-4.099574565887451
vanilla,0,660000,210.45404052734375
vanilla,0,660800,327.7722473144531
vanilla,0,661600,354.8287353515625
vanilla,0,662400,388.0513916015625
vanilla,0,663200,420.2799377441406
vanilla,0,664000,468.2784423828125
vanilla,0,664800,517.0597534179688
vanilla,0,665600,559.5032348632812
vanilla,0,666400,597.4003295898438
vanilla,0,667200,658.178955078125
vanilla,0,668000,712.7051391601562
vanilla,0,668800,794.8063354492188
vanilla,0,669600,895.8541259765625
vanilla,0,670400,930.6768188476562
vanilla,0,671200,951.392578125
vanilla,0,672000,1008.0216064453125
vanilla,0,672800,1093.963623046875
vanilla,0,673600,1168.244140625
vanilla,0,674400,1226.748046875
vanilla,0,675200,1295.17333984375
vanilla,0,676000,1372.928466796875
vanilla,0,676800,1515.388671875
vanilla,0,677600,1596.3172607421875
vanilla,0,678400,1624.97509765625
vanilla,0,679200,1661.3250732421875
vanilla,0,680000,1492.7547607421875
vanilla,0,680800,1389.2623291015625
vanilla,0,681600,1369.92626953125
vanilla,0,682400,1342.7806396484375
vanilla,0,683200,1407.2117919921875
vanilla,0,684000,1365.9031982421875
vanilla,0,684800,1322.366455078125
vanilla,0,685600,1284.549560546875
vanilla,0,686400,1251.4893798828125
vanilla,0,687200,1196.772705078125
vanilla,0,688000,1148.8955078125
vanilla,0,688800,1073.4842529296875
vanilla,0,689600,976.8959350585938
vanilla,0,690400,946.34521484375
vanilla,0,691200,933.461181640625
vanilla,0,692000,880.6378173828125
vanilla,0,692800,798.3473510742188
vanilla,0,693600,732.3173217773438
vanilla,0,694400,679.212646484375
vanilla,0,695200,627.6478271484375
vanilla,0,696000,567.6639404296875
vanilla,0,696800,429.5116271972656
vanilla,0,697600,348.1719665527344
vanilla,0,698400,321.23699951171875
vanilla,0,699200,286.1294250488281
vanilla,0,700000,252.7770538330078
vanilla,0,700800,248.23416137695312
vanilla,0,701600,255.19451904296875
vanilla,0,702400,264.1858215332031
vanilla,0,703200,180.38180541992188
vanilla,0,704000,190.69491577148438
vanilla,0,704800,199.92010498046875
vanilla,0,705600,203.25961303710938
vanilla,0,706400,216.36984252929688
vanilla,0,707200,221.17489624023438
vanilla,0,708000,224.5440216064453
vanilla,0,708800,220.582275390625
vanilla,0,709600,214.74810791015625
vanilla,0,710400,212.02850341796875
vanilla,0,711200,203.46505737304688
vanilla,0,712000,197.84320068359375
vanilla,0,712800,192.29783630371094
vanilla,0,713600,182.1609649658203
vanilla,0,714400,174.86355590820312
vanilla,0,715200,156.08767700195312
vanilla,0,716000,133.63096618652344
vanilla,0,716800,116.31449127197266
vanilla,0,717600,105.24186706542969
vanilla,0,718400,95.44506072998047
vanilla,0,719200,83.66534423828125
vanilla,0,720000,71.90675354003906
vanilla,0,720800,63.521446228027344
vanilla,0,721600,49.657264709472656
vanilla,0,722400,35.41390609741211
vanilla,0,723200,23.404521942138672
vanilla,0,724000,7.301756381988525
vanilla,0,724800,-6.492526054382324
vanilla,0,725600,-15.18421459197998
vanilla,0,726400,-33.92411422729492
vanilla,0,727200,-45.78254699707031
vanilla,0,728000,-57.09571075439453
vanilla,0,728800,-61.26039123535156
vanilla,0,729600,-61.48536682128906
vanilla,0,730400,-64.72966766357422
vanilla,0,731200,-65.79241943359375
vanilla,0,732000,-65.83287811279297
vanilla,0,732800,-65.86286926269531
vanilla,0,733600,-65.823974609375
vanilla,0,734400,-65.72984313964844
vanilla,0,735200,-38.89210510253906
vanilla,0,736000,0.18370461463928223
vanilla,0,736800,36.25968933105469
vanilla,0,737600,89.21528625488281
vanilla,0,738400,99.3314437866211
vanilla,0,739200,116.50829315185547
vanilla,0,740000,136.19808959960938
vanilla,0,740800,136.6135711669922
vanilla,0,741600,137.566162109375
vanilla,0,742400,140.6360626220703
vanilla,0,743200,141.5377960205078
vanilla,0,744000,172.98207092285156
vanilla,0,744800,174.10751342773438
vanilla,0,745600,207.98794555664062
vanilla,0,746400,208.74330139160156
vanilla,0,747200,209.06605529785156
vanilla,0,748000,233.27098083496094
vanilla,0,748800,233.7741241455078
vanilla,0,749600,292.3249206542969
vanilla,0,750400,299.00421142578125
vanilla,0,751200,317.4488525390625
vanilla,0,752000,317.8582458496094
vanilla,0,752800,319.1413269042969
vanilla,0,753600,345.71429443359375
vanilla,0,754400,345.99652099609375
vanilla,0,755200,343.2184143066406
vanilla,0,756000,304.32196044921875
vanilla,0,756800,269.6146545410156
vanilla,0,757600,233.51846313476562
vanilla,0,758400,224.6415557861328
vanilla,0,759200,209.0538787841797
vanilla,0,760000,212.59808349609375
vanilla,0,760800,226.1505584716797
vanilla,0,761600,225.78323364257812
vanilla,0,762400,244.67279052734375
vanilla,0,763200,288.3939514160156
vanilla,0,764000,282.5356140136719
vanilla,0,764800,282.34619140625
vanilla,0,765600,316.46466064453125
vanilla,0,766400,384.1852111816406
vanilla,0,767200,431.5459899902344
vanilla,0,768000,503.1332092285156
vanilla,0,768800,557.746337890625
vanilla,0,769600,565.2885131835938
vanilla,0,770400,607.9588623046875
vanilla,0,771200,645.6476440429688
vanilla,0,772000,698.6027221679688
vanilla,0,772800,697.20947265625
vanilla,0,773600,681.0869750976562
vanilla,0,774400,744.8828125
vanilla,0,775200,745.80859375
vanilla,0,776000,766.8966674804688
vanilla,0,776800,783.4238891601562
vanilla,0,777600,838.7094116210938
vanilla,0,778400,880.16748046875
vanilla,0,779200,933.851806640625
vanilla,0,780000,933.0410766601562
vanilla,0,780800,949.8902587890625
vanilla,0,781600,968.3446044921875
vanilla,0,782400,979.9132080078125
vanilla,0,783200,1004.0433959960938
vanilla,0,784000,995.7833251953125
vanilla,0,784800,1020.5409545898438
vanilla,0,785600,960.717041015625
vanilla,0,786400,916.3799438476562
vanilla,0,787200,881.50927734375
vanilla,0,788000,802.2373657226562
vanilla,0,788800,765.3416748046875
vanilla,0,789600,715.1401977539062
vanilla,0,790400,674.05078125
vanilla,0,791200,629.5698852539062
vanilla,0,792000,990.544189453125
vanilla,0,792800,1019.9793090820312
vanilla,0,793600,1020.6268920898438
vanilla,0,794400,969.8624877929688
vanilla,0,795200,973.9176025390625
vanilla,0,796000,1002.0054321289062
vanilla,0,796800,991.1370849609375
vanilla,0,797600,1113.735107421875
vanilla,0,798400,1114.65625
vanilla,0,799200,1099.688232421875
vanilla,0,800000,1076.99462890625
vanilla,0,800800,1048.9312744140625
vanilla,0,801600,1066.8515625
vanilla,0,802400,1057.52490234375
vanilla,0,803200,1013.398681640625
vanilla,0,804000,1039.0977783203125
vanilla,0,804800,1019.147216796875
vanilla,0,805600,1031.0933837890625
vanilla,0,806400,1032.81591796875
vanilla,0,807200,1064.263427734375
vanilla,0,808000,1082.783447265625
vanilla,0,808800,1090.5966796875
vanilla,0,809600,1084.6845703125
vanilla,0,810400,1151.9605712890625
vanilla,0,811200,1192.6546630859375
vanilla,0,812000,800.4982299804688
vanilla,0,812800,789.1939697265625
vanilla,0,813600,789.1132202148438
vanilla,0,814400,789.9893188476562
vanilla,0,815200,819.525634765625
vanilla,0,816000,790.5436401367188
vanilla,0,816800,811.2664184570312
vanilla,0,817600,620.6170654296875
vanilla,0,818400,587.7941284179688
vanilla,0,819200,559.8485107421875
vanilla,0,820000,596.2644653320312
vanilla,0,820800,604.2554321289062
vanilla,0,821600,576.103759765625
vanilla,0,822400,587.8756103515625
vanilla,0,823200,579.353759765625
vanilla,0,824000,543.7946166992188
vanilla,0,824800,548.2947998046875
vanilla,0,825600,548.6334838867188
vanilla,0,826400,528.3146362304688
vanilla,0,827200,494.48736572265625
vanilla,0,828000,476.5172119140625
vanilla,0,828800,455.47235107421875
vanilla,0,829600,449.6385498046875
vanilla,0,830400,385.6872253417969
vanilla,0,831200,346.5953369140625
vanilla,0,832000,343.7244873046875
vanilla,0,832800,333.39141845703125
vanilla,0,833600,328.7539367675781
vanilla,0,834400,318.76312255859375
vanilla,0,835200,269.945068359375
vanilla,0,836000,263.30511474609375
vanilla,0,836800,239.96690368652344
vanilla,0,837600,258.9938659667969
vanilla,0,838400,263.5865783691406
vanilla,0,839200,277.8111877441406
vanilla,0,840000,247.92715454101562
vanilla,0,840800,326.7243347167969
vanilla,0,841600,393.1496276855469
vanilla,0,842400,372.8045959472656
vanilla,0,843200,373.02349853515625
vanilla,0,844000,389.0113525390625
vanilla,0,844800,402.5860595703125
vanilla,0,845600,396.3324890136719
vanilla,0,846400,403.24432373046875
vanilla,0,847200,401.73779296875
vanilla,0,848000,393.5223083496094
vanilla,0,848800,434.4478454589844
vanilla,0,849600,443.34466552734375
vanilla,0,850400,548.9481811523438
vanilla,0,851200,546.9864501953125
vanilla,0,852000,534.1607055664062
vanilla,0,852800,535.7382202148438
vanilla,0,853600,574.306396484375
vanilla,0,854400,759.1810913085938
vanilla,0,855200,831.2644653320312
vanilla,0,856000,840.9144897460938
vanilla,0,856800,890.0675048828125
vanilla,0,857600,924.959716796875
vanilla,0,858400,933.2298583984375
vanilla,0,859200,937.8069458007812
vanilla,0,860000,943.10498046875
vanilla,0,860800,875.0418701171875
vanilla,0,861600,813.2205200195312
vanilla,0,862400,809.3580322265625
vanilla,0,863200,802.6934814453125
vanilla,0,864000,800.6914672851562
vanilla,0,864800,811.4684448242188
vanilla,0,865600,823.9000244140625
vanilla,0,866400,861.4924926757812
vanilla,0,867200,886.7224731445312
vanilla,0,868000,888.8363037109375
vanilla,0,868800,850.1566162109375
vanilla,0,869600,842.6832275390625
vanilla,0,870400,744.8056030273438
vanilla,0,871200,742.2409057617188
vanilla,0,872000,757.366455078125
vanilla,0,872800,770.2771606445312
vanilla,0,873600,762.648681640625
vanilla,0,874400,610.8308715820312
vanilla,0,875200,549.6923217773438
vanilla,0,876000,553.5408325195312
vanilla,0,876800,535.5333862304688
vanilla,0,877600,503.16204833984375
vanilla,0,878400,488.853759765625
vanilla,0,879200,469.155517578125
vanilla,0,880000,469.46099853515625
vanilla,0,880800,458.10845947265625
vanilla,0,881600,444.83148193359375
vanilla,0,882400,433.1926574707031
vanilla,0,883200,431.999267578125
vanilla,0,884000,410.45355224609375
vanilla,0,884800,376.10400390625
vanilla,0,885600,349.75408935546875
vanilla,0,886400,300.615966796875
vanilla,0,887200,267.02685546875
vanilla,0,888000,256.9589538574219
vanilla,0,888800,250.0818634033203
vanilla,0,889600,246.63034057617188
vanilla,0,890400,227.78512573242188
vanilla,0,891200,219.58827209472656
vanilla,0,892000,211.45716857910156
vanilla,0,892800,190.6345977783203
vanilla,0,893600,153.59988403320312
vanilla,0,894400,116.51057434082031
vanilla,0,895200,95.99028015136719
vanilla,0,896000,68.88001251220703
vanilla,0,896800,33.40483474731445
vanilla,0,897600,7.705540657043457
vanilla,0,898400,-1.6456810235977173
vanilla,0,899200,-13.122893333435059
vanilla,0,900000,-25.00214385986328
vanilla,0,900800,-35.04963302612305
vanilla,0,901600,-35.05842971801758
vanilla,0,902400,-35.087303161621094
vanilla,0,903200,-43.41618347167969
vanilla,0,904000,-43.33686447143555
vanilla,0,904800,-43.488162994384766
vanilla,0,905600,-43.590091705322266
vanilla,0,906400,-44.433998107910156
vanilla,0,907200,-44.943668365478516
vanilla,0,908000,-45.606197357177734
vanilla,0,908800,-45.70625686645508
vanilla,0,909600,-47.527042388916016
vanilla,0,910400,-47.7587890625
vanilla,0,911200,-47.98566818237305
vanilla,0,912000,-60.93196105957031
vanilla,0,912800,-61.84493637084961
vanilla,0,913600,-62.00243377685547
vanilla,0,914400,-62.11896514892578
vanilla,0,915200,-62.06642150878906
vanilla,0,916000,-62.05500793457031
vanilla,0,916800,-62.03443908691406
vanilla,0,917600,-61.85685729980469
vanilla,0,918400,-61.749908447265625
vanilla,0,919200,-61.564491271972656
vanilla,0,920000,-61.39952087402344
vanilla,0,920800,-60.981021881103516
vanilla,0,921600,-60.453128814697266
vanilla,0,922400,-60.036380767822266
vanilla,0,923200,-59.55559158325195
vanilla,0,924000,-59.26530456542969
vanilla,0,924800,-58.936405181884766
vanilla,0,925600,-58.48226547241211
vanilla,0,926400,-58.30004119873047
vanilla,0,927200,-57.9360466003418
vanilla,0,928000,-57.648773193359375
vanilla,0,928800,-57.32234191894531
vanilla,0,929600,-57.06214904785156
vanilla,0,930400,-56.78157424926758
vanilla,0,931200,-56.69015121459961
vanilla,0,932000,-56.87390899658203
vanilla,0,932800,-57.078163146972656
vanilla,0,933600,-56.90190505981445
vanilla,0,934400,-56.67249298095703
vanilla,0,935200,-56.43020248413086
vanilla,0,936000,-56.2170524597168
vanilla,0,936800,-55.952735900878906
vanilla,0,937600,-55.79249954223633
vanilla,0,938400,-55.50697708129883
vanilla,0,939200,-55.425323486328125
vanilla,0,940000,-55.23149490356445
vanilla,0,940800,-55.33325958251953
vanilla,0,941600,-55.508644104003906
vanilla,0,942400,-55.55756378173828
vanilla,0,943200,-55.6911735534668
vanilla,0,944000,-55.723209381103516
vanilla,0,944800,-55.72151565551758
vanilla,0,945600,-55.88370895385742
vanilla,0,946400,-55.77977752685547
vanilla,0,947200,-55.7553596496582
vanilla,0,948000,-55.62559127807617
vanilla,0,948800,-55.55506896972656
vanilla,0,949600,-55.55533218383789
vanilla,0,950400,-55.53178787231445
vanilla,0,951200,-55.45732879638672
vanilla,0,952000,-55.209556579589844
vanilla,0,952800,-54.833030700683594
vanilla,0,953600,-54.53745651245117
vanilla,0,954400,-54.291786193847656
vanilla,0,955200,-54.180538177490234
vanilla,0,956000,-53.99458312988281
vanilla,0,956800,-53.8710823059082
vanilla,0,957600,-53.68799591064453
vanilla,0,958400,-53.36847686767578
vanilla,0,959200,-53.206336975097656
vanilla,0,960000,-53.184715270996094
vanilla,0,960800,-52.8182373046875
vanilla,0,961600,-52.53496170043945
vanilla,0,962400,-52.41105270385742
vanilla,0,963200,-52.41278839111328
vanilla,0,964000,-52.24427795410156
vanilla,0,964800,-32.07763671875
vanilla,0,965600,-31.99441146850586
vanilla,0,966400,-31.730880737304688
vanilla,0,967200,-31.57884407043457
vanilla,0,968000,-31.521873474121094
vanilla,0,968800,-31.453365325927734
vanilla,0,969600,-8.336233139038086
vanilla,0,970400,12.002840042114258
vanilla,0,971200,63.55780029296875
vanilla,0,972000,63.1780891418457
vanilla,0,972800,95.82356262207031
vanilla,0,973600,95.85664367675781
vanilla,0,974400,112.11839294433594
vanilla,0,975200,149.35003662109375
vanilla,0,976000,167.43576049804688
vanilla,0,976800,226.958251953125
vanilla,0,977600,261.6299743652344
vanilla,0,978400,264.82696533203125
vanilla,0,979200,264.97796630859375
vanilla,0,980000,283.4687805175781
vanilla,0,980800,333.2508544921875
vanilla,0,981600,361.2030334472656
vanilla,0,982400,368.9147033691406
vanilla,0,983200,383.23382568359375
vanilla,0,984000,392.5675048828125
vanilla,0,984800,384.31903076171875
vanilla,0,985600,385.74072265625
vanilla,0,986400,387.0726318359375
vanilla,0,987200,395.4836120605469
vanilla,0,988000,404.690185546875
vanilla,0,988800,423.0968322753906
vanilla,0,989600,407.3383483886719
vanilla,0,990400,406.8962097167969
vanilla,0,991200,383.1978759765625
vanilla,0,992000,404.4364929199219
vanilla,0,992800,387.2137145996094
vanilla,0,993600,403.61456298828125
vanilla,0,994400,392.3768005371094
vanilla,0,995200,356.86962890625
vanilla,0,996000,341.2556457519531
vanilla,0,996800,284.66131591796875
vanilla,0,997600,251.5902099609375
vanilla,0,998400,249.52545166015625
vanilla,0,999200,250.76890563964844
vanilla,0,1000000,233.7425079345703
