agent,seed,step,value
hace_001,0,800,-43.81419372558594
hace_001,0,1600,-40.591487884521484
hace_001,0,2400,-38.567386627197266
hace_001,0,3200,-39.18583297729492
hace_001,0,4000,-39.318763732910156
hace_001,0,4800,-40.0037727355957
hace_001,0,5600,-38.916927337646484
hace_001,0,6400,-38.71766662597656
hace_001,0,7200,-11.591151237487793
hace_001,0,8000,-18.141958236694336
hace_001,0,8800,-23.42425537109375
hace_001,0,9600,-28.39688491821289
hace_001,0,10400,-30.95256805419922
hace_001,0,11200,-33.29423904418945
hace_001,0,12000,-35.45270538330078
hace_001,0,12800,-37.437049865722656
hace_001,0,13600,-40.28488540649414
hace_001,0,14400,-41.78517150878906
hace_001,0,15200,-42.721195220947266
hace_001,0,16000,-43.163673400878906
hace_001,0,16800,-43.18693923950195
hace_001,0,17600,-42.472900390625
hace_001,0,18400,-41.85708236694336
hace_001,0,19200,-41.45793533325195
hace_001,0,20000,-41.14195251464844
hace_001,0,20800,-40.86201477050781
hace_001,0,21600,-40.994544982910156
hace_001,0,22400,-41.42610168457031
hace_001,0,23200,-41.62533950805664
hace_001,0,24000,-42.191795349121094
hace_001,0,24800,-42.50357437133789
hace_001,0,25600,-43.437191009521484
hace_001,0,26400,-43.73158645629883
hace_001,0,27200,-53.03810119628906
hace_001,0,28000,-51.60490798950195
hace_001,0,28800,-49.24481201171875
hace_001,0,29600,-41.172882080078125
hace_001,0,30400,-31.600736618041992
hace_001,0,31200,-12.77081298828125
hace_001,0,32000,50.94585418701172
hace_001,0,32800,57.55095672607422
hace_001,0,33600,82.7767105102539
hace_001,0,34400,103.29833221435547
hace_001,0,35200,111.77436828613281
hace_001,0,36000,163.27015686035156
hace_001,0,36800,176.14857482910156
hace_001,0,37600,176.55816650390625
hace_001,0,38400,179.86878967285156
hace_001,0,39200,185.91542053222656
hace_001,0,40000,222.11936950683594
hace_001,0,40800,241.34213256835938
hace_001,0,41600,373.2655334472656
hace_001,0,42400,508.1785583496094
hace_001,0,43200,643.0128173828125
hace_001,0,44000,778.2749633789062
hace_001,0,44800,913.7161865234375
hace_001,0,45600,1049.9503173828125
hace_001,0,46400,1185.4500732421875
hace_001,0,47200,1319.7230224609375
hace_001,0,48000,1454.697509765625
hace_001,0,48800,1562.58154296875
hace_001,0,49600,1665.9415283203125
hace_001,0,50400,1792.7244873046875
hace_001,0,51200,1910.4415283203125
hace_001,0,52000,1983.271240234375
hace_001,0,52800,2113.71533203125
hace_001,0,53600,2225.533203125
hace_001,0,54400,2341.232666015625
hace_001,0,55200,2469.13818359375
hace_001,0,56000,2553.30712890625
hace_001,0,56800,2675.200927734375
hace_001,0,57600,2810.32421875
hace_001,0,58400,2943.435302734375
hace_001,0,59200,3075.162109375
hace_001,0,60000,3174.739501953125
hace_001,0,60800,3293.43994140625
hace_001,0,61600,3297.505859375
hace_001,0,62400,3298.425537109375
hace_001,0,63200,3299.80810546875
hace_001,0,64000,3298.853515625
hace_001,0,64800,3298.5439453125
hace_001,0,65600,3298.815673828125
hace_001,0,66400,3299.187255859375
hace_001,0,67200,3301.362060546875
hace_001,0,68000,3306.298828125
hace_001,0,68800,3334.92236328125
hace_001,0,69600,3365.303466796875
hace_001,0,70400,3367.424072265625
hace_001,0,71200,3371.98046875
hace_001,0,72000,3373.403076171875
hace_001,0,72800,3376.65185546875
hace_001,0,73600,3381.7685546875
hace_001,0,74400,3384.508056640625
hace_001,0,75200,3385.57666015625
hace_001,0,76000,3386.546630859375
hace_001,0,76800,3392.435791015625
hace_001,0,77600,3393.082275390625
hace_001,0,78400,3393.16357421875
hace_001,0,79200,3375.5673828125
hace_001,0,80000,3336.350341796875
hace_001,0,80800,3334.345458984375
hace_001,0,81600,3336.2197265625
hace_001,0,82400,3336.37841796875
hace_001,0,83200,3330.898681640625
hace_001,0,84000,3331.289306640625
hace_001,0,84800,3338.182373046875
hace_001,0,85600,3343.322509765625
hace_001,0,86400,3348.48681640625
hace_001,0,87200,3348.392578125
hace_001,0,88000,3348.59228515625
hace_001,0,88800,3353.325439453125
hace_001,0,89600,3353.5546875
hace_001,0,90400,3354.04833984375
hace_001,0,91200,3358.2958984375
hace_001,0,92000,3364.831298828125
hace_001,0,92800,3365.716552734375
hace_001,0,93600,3365.890380859375
hace_001,0,94400,3367.220458984375
hace_001,0,95200,3386.541748046875
hace_001,0,96000,3394.231201171875
hace_001,0,96800,3394.799072265625
hace_001,0,97600,3403.88134765625
hace_001,0,98400,3409.32421875
hace_001,0,99200,3444.348388671875
hace_001,0,100000,3495.57275390625
hace_001,0,100800,3502.6611328125
hace_001,0,101600,3511.634765625
hace_001,0,102400,3532.2841796875
hace_001,0,103200,3562.16748046875
hace_001,0,104000,3581.004638671875
hace_001,0,104800,3596.360595703125
hace_001,0,105600,3609.22607421875
hace_001,0,106400,3622.834228515625
hace_001,0,107200,3641.00341796875
hace_001,0,108000,3659.681884765625
hace_001,0,108800,3670.520751953125
hace_001,0,109600,3681.599853515625
hace_001,0,110400,3696.448486328125
hace_001,0,111200,3698.08203125
hace_001,0,112000,3702.14697265625
hace_001,0,112800,3721.867919921875
hace_001,0,113600,3731.225341796875
hace_001,0,114400,3746.486328125
hace_001,0,115200,3740.99755859375
hace_001,0,116000,3740.130615234375
hace_001,0,116800,3741.93603515625
hace_001,0,117600,3804.394775390625
hace_001,0,118400,3869.7822265625
hace_001,0,119200,3923.281982421875
hace_001,0,120000,3979.132568359375
hace_001,0,120800,4063.839111328125
hace_001,0,121600,4081.056640625
hace_001,0,122400,4094.43408203125
hace_001,0,123200,4076.075439453125
hace_001,0,124000,4056.021240234375
hace_001,0,124800,4056.873779296875
hace_001,0,125600,4089.91845703125
hace_001,0,126400,4111.3896484375
hace_001,0,127200,4076.575927734375
hace_001,0,128000,4055.466552734375
hace_001,0,128800,4024.6201171875
hace_001,0,129600,3990.0498046875
hace_001,0,130400,3983.515869140625
hace_001,0,131200,3903.588623046875
hace_001,0,132000,3919.021728515625
hace_001,0,132800,3915.365966796875
hace_001,0,133600,3908.68505859375
hace_001,0,134400,3912.35546875
hace_001,0,135200,3933.015625
hace_001,0,136000,3965.45166015625
hace_001,0,136800,3994.42333984375
hace_001,0,137600,3970.631591796875
hace_001,0,138400,3947.506103515625
hace_001,0,139200,3924.077392578125
hace_001,0,140000,3912.474853515625
hace_001,0,140800,3862.68798828125
hace_001,0,141600,3897.21728515625
hace_001,0,142400,3913.90869140625
hace_001,0,143200,3964.862060546875
hace_001,0,144000,4023.81787109375
hace_001,0,144800,4050.669189453125
hace_001,0,145600,4026.355224609375
hace_001,0,146400,4028.672607421875
hace_001,0,147200,4083.984375
hace_001,0,148000,4143.1259765625
hace_001,0,148800,4205.30126953125
hace_001,0,149600,4245.81396484375
hace_001,0,150400,4214.3134765625
hace_001,0,151200,4257.05859375
hace_001,0,152000,4209.46728515625
hace_001,0,152800,4192.521484375
hace_001,0,153600,4153.3876953125
hace_001,0,154400,4167.60791015625
hace_001,0,155200,4114.23046875
hace_001,0,156000,4117.23095703125
hace_001,0,156800,4105.43212890625
hace_001,0,157600,4107.70654296875
hace_001,0,158400,4089.129150390625
hace_001,0,159200,4085.2880859375
hace_001,0,160000,4089.3115234375
hace_001,0,160800,4118.71484375
hace_001,0,161600,4134.14599609375
hace_001,0,162400,4156.93994140625
hace_001,0,163200,4177.22021484375
hace_001,0,164000,4151.330078125
hace_001,0,164800,4185.58935546875
hace_001,0,165600,4238.2744140625
hace_001,0,166400,4278.21484375
hace_001,0,167200,4319.39111328125
hace_001,0,168000,4332.08740234375
hace_001,0,168800,4329.2294921875
hace_001,0,169600,4365.009765625
hace_001,0,170400,4427.50732421875
hace_001,0,171200,4528.18603515625
hace_001,0,172000,4619.2578125
hace_001,0,172800,4681.697265625
hace_001,0,173600,4789.9853515625
hace_001,0,174400,4812.5537109375
hace_001,0,175200,4876.697265625
hace_001,0,176000,4877.83056640625
hace_001,0,176800,4907.45654296875
hace_001,0,177600,4918.34619140625
hace_001,0,178400,4924.3466796875
hace_001,0,179200,4916.654296875
hace_001,0,180000,4898.16845703125
hace_001,0,180800,4844.8310546875
hace_001,0,181600,4761.91796875
hace_001,0,182400,4751.65673828125
hace_001,0,183200,4691.73388671875
hace_001,0,184000,4693.4501953125
hace_001,0,184800,4653.18408203125
hace_001,0,185600,4592.1865234375
hace_001,0,186400,4526.818359375
hace_001,0,187200,4457.640625
hace_001,0,188000,4400.78369140625
hace_001,0,188800,4355.4404296875
hace_001,0,189600,4317.9853515625
hace_001,0,190400,4259.62744140625
hace_001,0,191200,4160.625
hace_001,0,192000,4043.364013671875
hace_001,0,192800,3944.233154296875
hace_001,0,193600,3849.427490234375
hace_001,0,194400,3774.499267578125
hace_001,0,195200,3731.113037109375
hace_001,0,196000,3690.413818359375
hace_001,0,196800,3568.727294921875
hace_001,0,197600,3536.5390625
hace_001,0,198400,3556.14453125
hace_001,0,199200,3540.8427734375
hace_001,0,200000,3541.93310546875
hace_001,0,200800,3573.462646484375
hace_001,0,201600,3644.71142578125
hace_001,0,202400,3661.943115234375
hace_001,0,203200,3713.71435546875
hace_001,0,204000,3660.045654296875
hace_001,0,204800,3603.1923828125
hace_001,0,205600,3567.8798828125
hace_001,0,206400,3506.2734375
hace_001,0,207200,3508.97705078125
hace_001,0,208000,3524.83740234375
hace_001,0,208800,3486.93115234375
hace_001,0,209600,3385.67529296875
hace_001,0,210400,3353.072265625
hace_001,0,211200,3325.71875
hace_001,0,212000,3250.009765625
hace_001,0,212800,3152.353515625
hace_001,0,213600,3088.541015625
hace_001,0,214400,3070.332763671875
hace_001,0,215200,3092.922607421875
hace_001,0,216000,3095.427490234375
hace_001,0,216800,3221.654052734375
hace_001,0,217600,3269.5078125
hace_001,0,218400,3271.616943359375
hace_001,0,219200,3305.86865234375
hace_001,0,220000,3321.121826171875
hace_001,0,220800,3318.0302734375
hace_001,0,221600,3323.28271484375
hace_001,0,222400,3234.8837890625
hace_001,0,223200,3226.316650390625
hace_001,0,224000,3297.857666015625
hace_001,0,224800,3393.34130859375
hace_001,0,225600,3445.513427734375
hace_001,0,226400,3576.443603515625
hace_001,0,227200,3623.044189453125
hace_001,0,228000,3676.32568359375
hace_001,0,228800,3805.879150390625
hace_001,0,229600,4001.578125
hace_001,0,230400,4159.39306640625
hace_001,0,231200,4336.9814453125
hace_001,0,232000,4536.931640625
hace_001,0,232800,4786.06005859375
hace_001,0,233600,4989.8388671875
hace_001,0,234400,5131.56396484375
hace_001,0,235200,5238.80908203125
hace_001,0,236000,5363.5205078125
hace_001,0,236800,5484.47216796875
hace_001,0,237600,5536.66162109375
hace_001,0,238400,5590.7255859375
hace_001,0,239200,5705.63623046875
hace_001,0,240000,5798.28076171875
hace_001,0,240800,5912.44482421875
hace_001,0,241600,6032.58642578125
hace_001,0,242400,6169.94384765625
hace_001,0,243200,6174.74169921875
hace_001,0,244000,6256.54541015625
hace_001,0,244800,6266.4951171875
hace_001,0,245600,6328.0146484375
hace_001,0,246400,6325.0546875
hace_001,0,247200,6377.474609375
hace_001,0,248000,6496.35302734375
hace_001,0,248800,6518.0048828125
hace_001,0,249600,6521.60888671875
hace_001,0,250400,6573.2646484375
hace_001,0,251200,6612.09228515625
hace_001,0,252000,6687.0185546875
hace_001,0,252800,6746.41455078125
hace_001,0,253600,6783.5654296875
hace_001,0,254400,6905.60595703125
hace_001,0,255200,6995.24658203125
hace_001,0,256000,7221.5341796875
hace_001,0,256800,7322.5751953125
hace_001,0,257600,7305.24609375
hace_001,0,258400,7308.0322265625
hace_001,0,259200,7424.29931640625
hace_001,0,260000,7315.85693359375
hace_001,0,260800,7076.73046875
hace_001,0,261600,6873.19189453125
hace_001,0,262400,6718.9228515625
hace_001,0,263200,6628.93212890625
hace_001,0,264000,6462.09765625
hace_001,0,264800,6334.0703125
hace_001,0,265600,6103.9931640625
hace_001,0,266400,5962.1162109375
hace_001,0,267200,5785.00244140625
hace_001,0,268000,5460.7568359375
hace_001,0,268800,5212.029296875
hace_001,0,269600,4958.97021484375
hace_001,0,270400,4663.67578125
hace_001,0,271200,4364.63427734375
hace_001,0,272000,4076.99853515625
hace_001,0,272800,3764.368408203125
hace_001,0,273600,3570.399169921875
hace_001,0,274400,3205.6513671875
hace_001,0,275200,2877.266845703125
hace_001,0,276000,2471.54833984375
hace_001,0,276800,2088.777099609375
hace_001,0,277600,3282.702392578125
hace_001,0,278400,3736.2138671875
hace_001,0,279200,4465.0166015625
hace_001,0,280000,5040.17041015625
hace_001,0,280800,5026.3505859375
hace_001,0,281600,4929.17626953125
hace_001,0,282400,4818.81982421875
hace_001,0,283200,4734.74755859375
hace_001,0,284000,4633.60205078125
hace_001,0,284800,4533.81494140625
hace_001,0,285600,4530.65869140625
hace_001,0,286400,4453.1845703125
hace_001,0,287200,4380.9501953125
hace_001,0,288000,4365.091796875
hace_001,0,288800,4364.83740234375
hace_001,0,289600,4364.8896484375
hace_001,0,290400,4365.037109375
hace_001,0,291200,4364.81982421875
hace_001,0,292000,4364.87939453125
hace_001,0,292800,4364.9638671875
hace_001,0,293600,4265.13720703125
hace_001,0,294400,4265.1123046875
hace_001,0,295200,4237.81982421875
hace_001,0,296000,4156.6845703125
hace_001,0,296800,4130.96728515625
hace_001,0,297600,2708.712890625
hace_001,0,298400,2032.7789306640625
hace_001,0,299200,912.9022827148438
hace_001,0,300000,172.994873046875
hace_001,1,800,-53.72721481323242
hace_001,1,1600,-52.54440689086914
hace_001,1,2400,-53.246971130371094
hace_001,1,3200,-50.67688751220703
hace_001,1,4000,-51.004276275634766
hace_001,1,4800,-51.849220275878906
hace_001,1,5600,-50.27882385253906
hace_001,1,6400,-49.430259704589844
hace_001,1,7200,-48.59130859375
hace_001,1,8000,-47.71371078491211
hace_001,1,8800,-46.458988189697266
hace_001,1,9600,-40.22892379760742
hace_001,1,10400,-34.72581100463867
hace_001,1,11200,-38.18446350097656
hace_001,1,12000,-39.04383850097656
hace_001,1,12800,-39.50192642211914
hace_001,1,13600,-39.18708419799805
hace_001,1,14400,-39.779300689697266
hace_001,1,15200,-39.84073257446289
hace_001,1,16000,-39.98963165283203
hace_001,1,16800,-39.742618560791016
hace_001,1,17600,-39.43836212158203
hace_001,1,18400,-39.95109558105469
hace_001,1,19200,-40.3859977722168
hace_001,1,20000,-40.63774108886719
hace_001,1,20800,-40.25424575805664
hace_001,1,21600,-40.077518463134766
hace_001,1,22400,-39.87725067138672
hace_001,1,23200,-40.126914978027344
hace_001,1,24000,-39.96351623535156
hace_001,1,24800,-39.42607116699219
hace_001,1,25600,-39.34526062011719
hace_001,1,26400,-39.01259231567383
hace_001,1,27200,-38.256587982177734
hace_001,1,28000,-37.76775360107422
hace_001,1,28800,-37.6209831237793
hace_001,1,29600,-39.903446197509766
hace_001,1,30400,-42.34684371948242
hace_001,1,31200,-40.191097259521484
hace_001,1,32000,-39.35077667236328
hace_001,1,32800,-38.624393463134766
hace_001,1,33600,-38.4515380859375
hace_001,1,34400,-37.66681671142578
hace_001,1,35200,-37.25026321411133
hace_001,1,36000,-36.766658782958984
hace_001,1,36800,-36.60934066772461
hace_001,1,37600,-36.508052825927734
hace_001,1,38400,-35.686893463134766
hace_001,1,39200,-34.886871337890625
hace_001,1,40000,-34.230064392089844
hace_001,1,40800,-33.68148422241211
hace_001,1,41600,-33.0306396484375
hace_001,1,42400,-32.280059814453125
hace_001,1,43200,-31.564918518066406
hace_001,1,44000,-31.002574920654297
hace_001,1,44800,-30.599796295166016
hace_001,1,45600,-30.259626388549805
hace_001,1,46400,-30.073143005371094
hace_001,1,47200,-30.366161346435547
hace_001,1,48000,-30.49943733215332
hace_001,1,48800,-30.515384674072266
hace_001,1,49600,-30.60834503173828
hace_001,1,50400,-30.644792556762695
hace_001,1,51200,-30.705310821533203
hace_001,1,52000,-30.744808197021484
hace_001,1,52800,-30.85079574584961
hace_001,1,53600,-30.914203643798828
hace_001,1,54400,-31.031099319458008
hace_001,1,55200,-31.152828216552734
hace_001,1,56000,-31.256628036499023
hace_001,1,56800,-31.359098434448242
hace_001,1,57600,-31.4500675201416
hace_001,1,58400,-31.523927688598633
hace_001,1,59200,-31.596826553344727
hace_001,1,60000,-31.648832321166992
hace_001,1,60800,-31.501873016357422
hace_001,1,61600,-32.039920806884766
hace_001,1,62400,-32.8045539855957
hace_001,1,63200,-33.18605422973633
hace_001,1,64000,-33.29161071777344
hace_001,1,64800,-33.27262496948242
hace_001,1,65600,-33.47718048095703
hace_001,1,66400,-33.625099182128906
hace_001,1,67200,-34.36030960083008
hace_001,1,68000,-35.253597259521484
hace_001,1,68800,-36.11745071411133
hace_001,1,69600,-36.84395217895508
hace_001,1,70400,-37.473777770996094
hace_001,1,71200,-37.078895568847656
hace_001,1,72000,-36.58386993408203
hace_001,1,72800,-36.057918548583984
hace_001,1,73600,-35.54347610473633
hace_001,1,74400,-32.98855972290039
hace_001,1,75200,-32.22007369995117
hace_001,1,76000,-22.82073211669922
hace_001,1,76800,-22.141515731811523
hace_001,1,77600,-21.470964431762695
hace_001,1,78400,-20.031057357788086
hace_001,1,79200,-11.354331016540527
hace_001,1,80000,-10.7612886428833
hace_001,1,80800,8.666961669921875
hace_001,1,81600,11.808119773864746
hace_001,1,82400,17.044158935546875
hace_001,1,83200,56.015438079833984
hace_001,1,84000,74.83881378173828
hace_001,1,84800,75.27549743652344
hace_001,1,85600,75.7294692993164
hace_001,1,86400,76.22259521484375
hace_001,1,87200,77.3957290649414
hace_001,1,88000,78.79840850830078
hace_001,1,88800,80.2717056274414
hace_001,1,89600,118.15109252929688
hace_001,1,90400,141.54318237304688
hace_001,1,91200,154.44105529785156
hace_001,1,92000,178.80111694335938
hace_001,1,92800,197.6251678466797
hace_001,1,93600,215.0865936279297
hace_001,1,94400,252.62953186035156
hace_001,1,95200,282.7384948730469
hace_001,1,96000,307.0253601074219
hace_001,1,96800,365.0439758300781
hace_001,1,97600,402.2519836425781
hace_001,1,98400,437.7517395019531
hace_001,1,99200,506.10430908203125
hace_001,1,100000,518.5410766601562
hace_001,1,100800,537.2109375
hace_001,1,101600,633.2127075195312
hace_001,1,102400,781.5009155273438
hace_001,1,103200,743.3268432617188
hace_001,1,104000,739.8883056640625
hace_001,1,104800,764.7487182617188
hace_001,1,105600,780.36572265625
hace_001,1,106400,804.7017211914062
hace_001,1,107200,828.8464965820312
hace_001,1,108000,938.2671508789062
hace_001,1,108800,1062.331787109375
hace_001,1,109600,1165.6650390625
hace_001,1,110400,1263.3477783203125
hace_001,1,111200,1437.854736328125
hace_001,1,112000,1562.5828857421875
hace_001,1,112800,1656.314453125
hace_001,1,113600,1694.1492919921875
hace_001,1,114400,1722.885498046875
hace_001,1,115200,1717.4466552734375
hace_001,1,116000,1806.401123046875
hace_001,1,116800,1826.369873046875
hace_001,1,117600,1912.5975341796875
hace_001,1,118400,2031.9173583984375
hace_001,1,119200,2063.71484375
hace_001,1,120000,2168.258544921875
hace_001,1,120800,2302.931640625
hace_001,1,121600,2320.008056640625
hace_001,1,122400,2275.602783203125
hace_001,1,123200,2396.645751953125
hace_001,1,124000,2570.284912109375
hace_001,1,124800,2693.41796875
hace_001,1,125600,2794.584716796875
hace_001,1,126400,2895.22802734375
hace_001,1,127200,2947.66455078125
hace_001,1,128000,2952.73095703125
hace_001,1,128800,2884.216796875
hace_001,1,129600,2908.83154296875
hace_001,1,130400,2914.365234375
hace_001,1,131200,2898.6865234375
hace_001,1,132000,2918.750244140625
hace_001,1,132800,2988.44287109375
hace_001,1,133600,3039.89306640625
hace_001,1,134400,3040.167236328125
hace_001,1,135200,3175.502197265625
hace_001,1,136000,3159.496826171875
hace_001,1,136800,3223.230224609375
hace_001,1,137600,3208.038818359375
hace_001,1,138400,3199.56689453125
hace_001,1,139200,3236.61376953125
hace_001,1,140000,3254.099365234375
hace_001,1,140800,3193.688232421875
hace_001,1,141600,3236.0302734375
hace_001,1,142400,3213.480712890625
hace_001,1,143200,3196.197265625
hace_001,1,144000,3099.36962890625
hace_001,1,144800,3066.1376953125
hace_001,1,145600,3126.29541015625
hace_001,1,146400,3108.728515625
hace_001,1,147200,3183.140380859375
hace_001,1,148000,3213.646484375
hace_001,1,148800,3272.139404296875
hace_001,1,149600,3230.10009765625
hace_001,1,150400,3233.9189453125
hace_001,1,151200,3165.52294921875
hace_001,1,152000,3184.771484375
hace_001,1,152800,3174.603759765625
hace_001,1,153600,3242.7041015625
hace_001,1,154400,3334.5966796875
hace_001,1,155200,3376.38525390625
hace_001,1,156000,3415.9755859375
hace_001,1,156800,3401.081298828125
hace_001,1,157600,3458.756591796875
hace_001,1,158400,3453.0830078125
hace_001,1,159200,3453.776611328125
hace_001,1,160000,3485.832275390625
hace_001,1,160800,3540.864990234375
hace_001,1,161600,3539.3974609375
hace_001,1,162400,3626.5400390625
hace_001,1,163200,3672.058349609375
hace_001,1,164000,3722.242919921875
hace_001,1,164800,3769.9599609375
hace_001,1,165600,3756.922119140625
hace_001,1,166400,3804.6279296875
hace_001,1,167200,3805.840087890625
hace_001,1,168000,3822.76318359375
hace_001,1,168800,3876.614501953125
hace_001,1,169600,3869.46240234375
hace_001,1,170400,3896.729248046875
hace_001,1,171200,3983.012451171875
hace_001,1,172000,3938.9892578125
hace_001,1,172800,3924.910888671875
hace_001,1,173600,3909.962890625
hace_001,1,174400,3866.484130859375
hace_001,1,175200,3762.98681640625
hace_001,1,176000,3752.2265625
hace_001,1,176800,3770.66845703125
hace_001,1,177600,3747.11767578125
hace_001,1,178400,3792.430908203125
hace_001,1,179200,3844.423583984375
hace_001,1,180000,3784.78564453125
hace_001,1,180800,3747.798583984375
hace_001,1,181600,3718.132568359375
hace_001,1,182400,3664.33740234375
hace_001,1,183200,3670.224365234375
hace_001,1,184000,3639.0888671875
hace_001,1,184800,3644.755126953125
hace_001,1,185600,3652.139404296875
hace_001,1,186400,3675.476806640625
hace_001,1,187200,3671.140380859375
hace_001,1,188000,3682.7138671875
hace_001,1,188800,3666.0078125
hace_001,1,189600,3715.864013671875
hace_001,1,190400,3667.314697265625
hace_001,1,191200,3618.828125
hace_001,1,192000,3586.04150390625
hace_001,1,192800,3528.989013671875
hace_001,1,193600,3462.83837890625
hace_001,1,194400,3419.99169921875
hace_001,1,195200,3423.741455078125
hace_001,1,196000,3409.829345703125
hace_001,1,196800,3334.153564453125
hace_001,1,197600,3257.70361328125
hace_001,1,198400,3156.09912109375
hace_001,1,199200,3096.951171875
hace_001,1,200000,3044.739501953125
hace_001,1,200800,3687.71923828125
hace_001,1,201600,3597.1396484375
hace_001,1,202400,3532.568359375
hace_001,1,203200,3382.28369140625
hace_001,1,204000,3280.6982421875
hace_001,1,204800,3148.957763671875
hace_001,1,205600,3035.68408203125
hace_001,1,206400,2895.18798828125
hace_001,1,207200,2821.334716796875
hace_001,1,208000,2684.5888671875
hace_001,1,208800,2613.615234375
hace_001,1,209600,3129.06005859375
hace_001,1,210400,3074.04931640625
hace_001,1,211200,3011.232177734375
hace_001,1,212000,2976.449951171875
hace_001,1,212800,2970.66796875
hace_001,1,213600,3082.1044921875
hace_001,1,214400,3056.486328125
hace_001,1,215200,3043.1064453125
hace_001,1,216000,3004.04736328125
hace_001,1,216800,3039.940673828125
hace_001,1,217600,3032.032470703125
hace_001,1,218400,2999.466064453125
hace_001,1,219200,2928.419189453125
hace_001,1,220000,2935.109375
hace_001,1,220800,2197.726318359375
hace_001,1,221600,2209.5712890625
hace_001,1,222400,2192.2763671875
hace_001,1,223200,2193.92529296875
hace_001,1,224000,2265.39453125
hace_001,1,224800,3465.303955078125
hace_001,1,225600,3466.5439453125
hace_001,1,226400,6779.50634765625
hace_001,1,227200,8117.04638671875
hace_001,1,228000,8350.7001953125
hace_001,1,228800,9193.435546875
hace_001,1,229600,8512.4052734375
hace_001,1,230400,8485.705078125
hace_001,1,231200,8433.4541015625
hace_001,1,232000,8407.0810546875
hace_001,1,232800,8378.8046875
hace_001,1,233600,8221.779296875
hace_001,1,234400,8195.1962890625
hace_001,1,235200,8105.8564453125
hace_001,1,236000,9370.388671875
hace_001,1,236800,9264.431640625
hace_001,1,237600,9206.4326171875
hace_001,1,238400,9153.84375
hace_001,1,239200,9086.1220703125
hace_001,1,240000,9024.6513671875
hace_001,1,240800,8989.056640625
hace_001,1,241600,8977.8916015625
hace_001,1,242400,8944.1953125
hace_001,1,243200,8963.4326171875
hace_001,1,244000,8897.5556640625
hace_001,1,244800,7695.9990234375
hace_001,1,245600,7682.16455078125
hace_001,1,246400,4444.8203125
hace_001,1,247200,3076.9091796875
hace_001,1,248000,2855.6376953125
hace_001,1,248800,2004.6385498046875
hace_001,1,249600,2537.402587890625
hace_001,1,250400,2512.147705078125
hace_001,1,251200,2486.017578125
hace_001,1,252000,2444.89306640625
hace_001,1,252800,2377.81396484375
hace_001,1,253600,2329.4990234375
hace_001,1,254400,2308.378662109375
hace_001,1,255200,2308.787353515625
hace_001,1,256000,962.1636962890625
hace_001,1,256800,962.2633056640625
hace_001,1,257600,961.812744140625
hace_001,1,258400,961.2943725585938
hace_001,1,259200,960.736083984375
hace_001,1,260000,960.271240234375
hace_001,1,260800,959.6959228515625
hace_001,1,261600,922.7123413085938
hace_001,1,262400,927.2644653320312
hace_001,1,263200,901.41015625
hace_001,1,264000,967.4285888671875
hace_001,1,264800,932.4075927734375
hace_001,1,265600,927.5957641601562
hace_001,1,266400,854.0195922851562
hace_001,1,267200,835.7001342773438
hace_001,1,268000,786.1802978515625
hace_001,1,268800,717.4701538085938
hace_001,1,269600,184.68394470214844
hace_001,1,270400,183.0129852294922
hace_001,1,271200,182.55889892578125
hace_001,1,272000,202.52182006835938
hace_001,1,272800,202.28050231933594
hace_001,1,273600,202.042236328125
hace_001,1,274400,200.63299560546875
hace_001,1,275200,200.12164306640625
hace_001,1,276000,199.91091918945312
hace_001,1,276800,199.70907592773438
hace_001,1,277600,495.11962890625
hace_001,1,278400,802.2178344726562
hace_001,1,279200,802.1542358398438
hace_001,1,280000,801.9780883789062
hace_001,1,280800,801.8685913085938
hace_001,1,281600,1196.9302978515625
hace_001,1,282400,1190.28125
hace_001,1,283200,1199.2071533203125
hace_001,1,284000,1593.4678955078125
hace_001,1,284800,1592.736572265625
hace_001,1,285600,1579.1541748046875
hace_001,1,286400,1537.806396484375
hace_001,1,287200,1510.85546875
hace_001,1,288000,2313.261962890625
hace_001,1,288800,2494.701904296875
hace_001,1,289600,2523.994140625
hace_001,1,290400,3092.9033203125
hace_001,1,291200,3097.274658203125
hace_001,1,292000,3067.629150390625
hace_001,1,292800,3557.884521484375
hace_001,1,293600,3557.727783203125
hace_001,1,294400,3557.799072265625
hace_001,1,295200,3674.01123046875
hace_001,1,296000,3684.367431640625
hace_001,1,296800,3700.0205078125
hace_001,1,297600,3428.34228515625
hace_001,1,298400,3799.28125
hace_001,1,299200,3828.490234375
hace_001,1,300000,4513.54833984375
hace_001,2,800,101.78616333007812
hace_001,2,1600,31.17191505432129
hace_001,2,2400,9.144604682922363
hace_001,2,3200,-0.9677209854125977
hace_001,2,4000,-7.5330119132995605
hace_001,2,4800,-12.359184265136719
hace_001,2,5600,-15.18403148651123
hace_001,2,6400,-17.331668853759766
hace_001,2,7200,75.41585540771484
hace_001,2,8000,60.38800048828125
hace_001,2,8800,47.73501968383789
hace_001,2,9600,38.39793014526367
hace_001,2,10400,30.774375915527344
hace_001,2,11200,25.080005645751953
hace_001,2,12000,21.05986785888672
hace_001,2,12800,17.218524932861328
hace_001,2,13600,11.60356330871582
hace_001,2,14400,6.458424091339111
hace_001,2,15200,1.9175207614898682
hace_001,2,16000,-1.6836780309677124
hace_001,2,16800,-3.9245972633361816
hace_001,2,17600,-5.787709712982178
hace_001,2,18400,-8.82441234588623
hace_001,2,19200,-9.699859619140625
hace_001,2,20000,-10.961600303649902
hace_001,2,20800,-17.490982055664062
hace_001,2,21600,-18.393394470214844
hace_001,2,22400,-19.432504653930664
hace_001,2,23200,-21.00181770324707
hace_001,2,24000,-22.198360443115234
hace_001,2,24800,-22.72526741027832
hace_001,2,25600,-22.476560592651367
hace_001,2,26400,-22.238914489746094
hace_001,2,27200,-55.8529167175293
hace_001,2,28000,-54.228485107421875
hace_001,2,28800,-52.7533073425293
hace_001,2,29600,-52.0620002746582
hace_001,2,30400,-51.85029602050781
hace_001,2,31200,-52.74561309814453
hace_001,2,32000,-54.992740631103516
hace_001,2,32800,-56.999080657958984
hace_001,2,33600,-57.673255920410156
hace_001,2,34400,-58.078311920166016
hace_001,2,35200,-58.36519241333008
hace_001,2,36000,-59.04155349731445
hace_001,2,36800,-60.71794128417969
hace_001,2,37600,-62.663333892822266
hace_001,2,38400,-63.53440475463867
hace_001,2,39200,-66.11861419677734
hace_001,2,40000,-68.11349487304688
hace_001,2,40800,-69.37504577636719
hace_001,2,41600,-70.66083526611328
hace_001,2,42400,-72.03866577148438
hace_001,2,43200,-72.95491790771484
hace_001,2,44000,-73.86225128173828
hace_001,2,44800,-73.99422454833984
hace_001,2,45600,-74.70114135742188
hace_001,2,46400,-75.42351531982422
hace_001,2,47200,-76.33685302734375
hace_001,2,48000,-76.96263885498047
hace_001,2,48800,-77.3389892578125
hace_001,2,49600,-77.60639953613281
hace_001,2,50400,-77.59574890136719
hace_001,2,51200,-76.90050506591797
hace_001,2,52000,-75.34419250488281
hace_001,2,52800,-73.98689270019531
hace_001,2,53600,-72.2481918334961
hace_001,2,54400,-70.71221160888672
hace_001,2,55200,-69.28565979003906
hace_001,2,56000,-68.53024291992188
hace_001,2,56800,-67.51373291015625
hace_001,2,57600,-66.76179504394531
hace_001,2,58400,-65.7733154296875
hace_001,2,59200,-64.7719955444336
hace_001,2,60000,-64.49404907226562
hace_001,2,60800,-64.60292053222656
hace_001,2,61600,-64.42121124267578
hace_001,2,62400,-64.22740936279297
hace_001,2,63200,-63.95158386230469
hace_001,2,64000,-64.35137939453125
hace_001,2,64800,-65.52090454101562
hace_001,2,65600,-66.61373901367188
hace_001,2,66400,-66.82057189941406
hace_001,2,67200,-50.76384735107422
hace_001,2,68000,-31.271167755126953
hace_001,2,68800,4.064313888549805
hace_001,2,69600,18.240135192871094
hace_001,2,70400,25.376115798950195
hace_001,2,71200,46.114540100097656
hace_001,2,72000,73.37173461914062
hace_001,2,72800,135.1546630859375
hace_001,2,73600,204.87744140625
hace_001,2,74400,213.4722137451172
hace_001,2,75200,214.4424285888672
hace_001,2,76000,216.00975036621094
hace_001,2,76800,217.53819274902344
hace_001,2,77600,219.58375549316406
hace_001,2,78400,224.7041473388672
hace_001,2,79200,226.19537353515625
hace_001,2,80000,227.51959228515625
hace_001,2,80800,228.6654510498047
hace_001,2,81600,229.86483764648438
hace_001,2,82400,230.99513244628906
hace_001,2,83200,231.20240783691406
hace_001,2,84000,231.86892700195312
hace_001,2,84800,231.52633666992188
hace_001,2,85600,230.81991577148438
hace_001,2,86400,229.2767333984375
hace_001,2,87200,211.76712036132812
hace_001,2,88000,191.24447631835938
hace_001,2,88800,154.5978546142578
hace_001,2,89600,139.13616943359375
hace_001,2,90400,130.6859893798828
hace_001,2,91200,108.51436614990234
hace_001,2,92000,79.73072814941406
hace_001,2,92800,16.580720901489258
hace_001,2,93600,-54.73932647705078
hace_001,2,94400,-64.60521697998047
hace_001,2,95200,-66.79174041748047
hace_001,2,96000,-68.72227478027344
hace_001,2,96800,-70.56710052490234
hace_001,2,97600,-72.4756851196289
hace_001,2,98400,-77.57484436035156
hace_001,2,99200,-79.21078491210938
hace_001,2,100000,-80.14264678955078
hace_001,2,100800,-80.5351791381836
hace_001,2,101600,-81.43174743652344
hace_001,2,102400,-82.36107635498047
hace_001,2,103200,-82.49095916748047
hace_001,2,104000,-82.73445892333984
hace_001,2,104800,-82.5733413696289
hace_001,2,105600,-82.50841522216797
hace_001,2,106400,-82.46736907958984
hace_001,2,107200,-82.74378204345703
hace_001,2,108000,-83.30741882324219
hace_001,2,108800,-83.53386688232422
hace_001,2,109600,-83.70294952392578
hace_001,2,110400,-83.82975006103516
hace_001,2,111200,-83.88290405273438
hace_001,2,112000,-83.88834381103516
hace_001,2,112800,-83.89900207519531
hace_001,2,113600,-83.85386657714844
hace_001,2,114400,-83.04627990722656
hace_001,2,115200,-82.07164001464844
hace_001,2,116000,-81.37596130371094
hace_001,2,116800,-81.01097869873047
hace_001,2,117600,-80.64280700683594
hace_001,2,118400,-80.3344955444336
hace_001,2,119200,-80.0634994506836
hace_001,2,120000,-79.77479553222656
hace_001,2,120800,-79.41413879394531
hace_001,2,121600,-78.86776733398438
hace_001,2,122400,-78.20132446289062
hace_001,2,123200,-77.5817642211914
hace_001,2,124000,-76.8961410522461
hace_001,2,124800,-76.09925842285156
hace_001,2,125600,-75.2932357788086
hace_001,2,126400,-74.48128509521484
hace_001,2,127200,-73.58159637451172
hace_001,2,128000,-72.6599349975586
hace_001,2,128800,-71.83892822265625
hace_001,2,129600,-71.06922149658203
hace_001,2,130400,-70.27931213378906
hace_001,2,131200,-69.55290985107422
hace_001,2,132000,-68.87360382080078
hace_001,2,132800,-68.20637512207031
hace_001,2,133600,-67.54126739501953
hace_001,2,134400,-68.15618133544922
hace_001,2,135200,-68.79743194580078
hace_001,2,136000,-69.56942749023438
hace_001,2,136800,-69.87321472167969
hace_001,2,137600,-70.30675506591797
hace_001,2,138400,-71.07097625732422
hace_001,2,139200,-71.85202026367188
hace_001,2,140000,-72.9527816772461
hace_001,2,140800,-74.46791076660156
hace_001,2,141600,-75.7597427368164
hace_001,2,142400,-76.57206726074219
hace_001,2,143200,-77.74300384521484
hace_001,2,144000,-78.95963287353516
hace_001,2,144800,-80.2213363647461
hace_001,2,145600,-81.49797821044922
hace_001,2,146400,-82.65801239013672
hace_001,2,147200,-83.92686462402344
hace_001,2,148000,-85.10740661621094
hace_001,2,148800,-86.05947875976562
hace_001,2,149600,-86.97028350830078
hace_001,2,150400,-88.0924072265625
hace_001,2,151200,-89.06974792480469
hace_001,2,152000,-89.9073486328125
hace_001,2,152800,-90.72018432617188
hace_001,2,153600,-91.59004974365234
hace_001,2,154400,-92.18138122558594
hace_001,2,155200,-93.11865997314453
hace_001,2,156000,-93.78939819335938
hace_001,2,156800,-94.86962890625
hace_001,2,157600,-95.88729095458984
hace_001,2,158400,-96.45018768310547
hace_001,2,159200,-96.96810913085938
hace_001,2,160000,-96.8184814453125
hace_001,2,160800,-95.53001403808594
hace_001,2,161600,-94.37510681152344
hace_001,2,162400,-93.67436218261719
hace_001,2,163200,-92.57657623291016
hace_001,2,164000,-91.37373352050781
hace_001,2,164800,-90.16267395019531
hace_001,2,165600,-88.84024047851562
hace_001,2,166400,-87.38883972167969
hace_001,2,167200,-85.74940490722656
hace_001,2,168000,-83.91446685791016
hace_001,2,168800,-78.56456756591797
hace_001,2,169600,-76.55831146240234
hace_001,2,170400,-74.21332550048828
hace_001,2,171200,-71.65869140625
hace_001,2,172000,-69.4245834350586
hace_001,2,172800,-67.26675415039062
hace_001,2,173600,-64.81210327148438
hace_001,2,174400,-62.02931594848633
hace_001,2,175200,-54.79749298095703
hace_001,2,176000,-51.82704162597656
hace_001,2,176800,-49.03734588623047
hace_001,2,177600,-46.226375579833984
hace_001,2,178400,-43.212100982666016
hace_001,2,179200,-40.10880661010742
hace_001,2,180000,-37.31257247924805
hace_001,2,180800,-35.188026428222656
hace_001,2,181600,-33.04297637939453
hace_001,2,182400,-30.959457397460938
hace_001,2,183200,-28.830883026123047
hace_001,2,184000,-26.91408920288086
hace_001,2,184800,-25.013402938842773
hace_001,2,185600,-23.182723999023438
hace_001,2,186400,-21.599315643310547
hace_001,2,187200,-20.161819458007812
hace_001,2,188000,-18.851600646972656
hace_001,2,188800,-21.314125061035156
hace_001,2,189600,-8.090205192565918
hace_001,2,190400,-7.228620529174805
hace_001,2,191200,-6.624032020568848
hace_001,2,192000,-5.897164821624756
hace_001,2,192800,-5.065001964569092
hace_001,2,193600,-4.463816165924072
hace_001,2,194400,-4.295623302459717
hace_001,2,195200,-8.43967056274414
hace_001,2,196000,-8.354771614074707
hace_001,2,196800,-7.951793193817139
hace_001,2,197600,-7.577332019805908
hace_001,2,198400,-7.467096328735352
hace_001,2,199200,-7.275947570800781
hace_001,2,200000,-7.080088138580322
hace_001,2,200800,-6.890177249908447
hace_001,2,201600,-6.846147537231445
hace_001,2,202400,-6.747167110443115
hace_001,2,203200,-6.742007255554199
hace_001,2,204000,-6.716679573059082
hace_001,2,204800,-6.629452228546143
hace_001,2,205600,-6.583376407623291
hace_001,2,206400,1.295888900756836
hace_001,2,207200,1.480542778968811
hace_001,2,208000,1.5063252449035645
hace_001,2,208800,1.6909908056259155
hace_001,2,209600,-3.3568642139434814
hace_001,2,210400,-3.2411298751831055
hace_001,2,211200,0.8964157104492188
hace_001,2,212000,1.0909637212753296
hace_001,2,212800,1.2134900093078613
hace_001,2,213600,1.2179557085037231
hace_001,2,214400,1.3519731760025024
hace_001,2,215200,1.3892122507095337
hace_001,2,216000,1.413048267364502
hace_001,2,216800,1.3050780296325684
hace_001,2,217600,1.316664218902588
hace_001,2,218400,2.6849071979522705
hace_001,2,219200,2.532855272293091
hace_001,2,220000,2.3193559646606445
hace_001,2,220800,2.0925488471984863
hace_001,2,221600,1.944807529449463
hace_001,2,222400,2.524394989013672
hace_001,2,223200,2.1254491806030273
hace_001,2,224000,1.9166964292526245
hace_001,2,224800,1.7427963018417358
hace_001,2,225600,1.4342684745788574
hace_001,2,226400,-6.988779544830322
hace_001,2,227200,280.08087158203125
hace_001,2,228000,279.9886779785156
hace_001,2,228800,279.835693359375
hace_001,2,229600,272.4783935546875
hace_001,2,230400,272.26715087890625
hace_001,2,231200,268.0264892578125
hace_001,2,232000,268.7828369140625
hace_001,2,232800,268.5863952636719
hace_001,2,233600,447.9941101074219
hace_001,2,234400,447.7751770019531
hace_001,2,235200,994.3689575195312
hace_001,2,236000,994.1705322265625
hace_001,2,236800,1001.3511962890625
hace_001,2,237600,1001.2705688476562
hace_001,2,238400,999.8980102539062
hace_001,2,239200,1017.856201171875
hace_001,2,240000,1022.8698120117188
hace_001,2,240800,1028.345703125
hace_001,2,241600,1041.850830078125
hace_001,2,242400,1051.708740234375
hace_001,2,243200,1053.2451171875
hace_001,2,244000,1052.97900390625
hace_001,2,244800,1052.3223876953125
hace_001,2,245600,1052.30615234375
hace_001,2,246400,1203.008056640625
hace_001,2,247200,915.3110961914062
hace_001,2,248000,914.9227905273438
hace_001,2,248800,914.420166015625
hace_001,2,249600,914.004150390625
hace_001,2,250400,913.6499633789062
hace_001,2,251200,913.263916015625
hace_001,2,252000,911.8695068359375
hace_001,2,252800,911.482421875
hace_001,2,253600,734.0629272460938
hace_001,2,254400,733.732421875
hace_001,2,255200,187.59962463378906
hace_001,2,256000,190.59988403320312
hace_001,2,256800,196.6603240966797
hace_001,2,257600,198.1672821044922
hace_001,2,258400,197.84902954101562
hace_001,2,259200,179.64248657226562
hace_001,2,260000,174.7376251220703
hace_001,2,260800,169.654541015625
hace_001,2,261600,158.48284912109375
hace_001,2,262400,194.066650390625
hace_001,2,263200,208.11849975585938
hace_001,2,264000,219.9700927734375
hace_001,2,264800,226.41534423828125
hace_001,2,265600,229.5548553466797
hace_001,2,266400,227.72793579101562
hace_001,2,267200,227.9031524658203
hace_001,2,268000,227.48211669921875
hace_001,2,268800,227.09246826171875
hace_001,2,269600,227.06842041015625
hace_001,2,270400,226.04373168945312
hace_001,2,271200,224.56796264648438
hace_001,2,272000,223.62771606445312
hace_001,2,272800,223.03366088867188
hace_001,2,273600,220.31858825683594
hace_001,2,274400,220.18487548828125
hace_001,2,275200,219.36331176757812
hace_001,2,276000,216.85455322265625
hace_001,2,276800,203.30734252929688
hace_001,2,277600,202.6479034423828
hace_001,2,278400,202.6806640625
hace_001,2,279200,202.632568359375
hace_001,2,280000,212.79263305664062
hace_001,2,280800,2121.50732421875
hace_001,2,281600,2119.01318359375
hace_001,2,282400,2073.185302734375
hace_001,2,283200,3637.71142578125
hace_001,2,284000,5906.94775390625
hace_001,2,284800,5900.5302734375
hace_001,2,285600,5896.87158203125
hace_001,2,286400,5747.62060546875
hace_001,2,287200,5746.89794921875
hace_001,2,288000,5746.52783203125
hace_001,2,288800,5746.375
hace_001,2,289600,5745.92138671875
hace_001,2,290400,5746.4052734375
hace_001,2,291200,5747.607421875
hace_001,2,292000,5755.0654296875
hace_001,2,292800,5755.36865234375
hace_001,2,293600,5755.00048828125
hace_001,2,294400,5754.591796875
hace_001,2,295200,5754.17041015625
hace_001,2,296000,5762.1669921875
hace_001,2,296800,5761.93994140625
hace_001,2,297600,5760.1611328125
hace_001,2,298400,5759.73291015625
hace_001,2,299200,5759.08056640625
hace_001,2,300000,5747.912109375
hace_003,0,800,-43.8170051574707
hace_003,0,1600,-40.6089973449707
hace_003,0,2400,-38.580326080322266
hace_003,0,3200,-39.19309616088867
hace_003,0,4000,-39.313995361328125
hace_003,0,4800,-40.01066207885742
hace_003,0,5600,-38.931514739990234
hace_003,0,6400,-38.72248077392578
hace_003,0,7200,-25.86774444580078
hace_003,0,8000,-29.13313865661621
hace_003,0,8800,-31.394062042236328
hace_003,0,9600,-32.645477294921875
hace_003,0,10400,-34.70759963989258
hace_003,0,11200,-36.383544921875
hace_003,0,12000,-37.2490119934082
hace_003,0,12800,-38.00459671020508
hace_003,0,13600,-38.96236038208008
hace_003,0,14400,-39.347557067871094
hace_003,0,15200,-39.76396560668945
hace_003,0,16000,-40.470191955566406
hace_003,0,16800,-41.64570999145508
hace_003,0,17600,-42.55172348022461
hace_003,0,18400,-42.858497619628906
hace_003,0,19200,-42.696044921875
hace_003,0,20000,-43.06291580200195
hace_003,0,20800,-42.64292526245117
hace_003,0,21600,-43.443912506103516
hace_003,0,22400,-44.259761810302734
hace_003,0,23200,-44.77895736694336
hace_003,0,24000,-45.23815155029297
hace_003,0,24800,-45.39530563354492
hace_003,0,25600,-45.84449768066406
hace_003,0,26400,-45.97399139404297
hace_003,0,27200,-50.705204010009766
hace_003,0,28000,-49.740577697753906
hace_003,0,28800,-48.933475494384766
hace_003,0,29600,-48.280513763427734
hace_003,0,30400,-46.18600082397461
hace_003,0,31200,-44.9384880065918
hace_003,0,32000,-33.681495666503906
hace_003,0,32800,-30.101783752441406
hace_003,0,33600,-28.117082595825195
hace_003,0,34400,-25.84673309326172
hace_003,0,35200,-15.133035659790039
hace_003,0,36000,-11.025138854980469
hace_003,0,36800,-8.292436599731445
hace_003,0,37600,11.69723129272461
hace_003,0,38400,36.57734680175781
hace_003,0,39200,45.23747634887695
hace_003,0,40000,62.16566467285156
hace_003,0,40800,72.85193634033203
hace_003,0,41600,88.30554962158203
hace_003,0,42400,107.08573913574219
hace_003,0,43200,114.85591125488281
hace_003,0,44000,128.37437438964844
hace_003,0,44800,137.07958984375
hace_003,0,45600,147.98251342773438
hace_003,0,46400,155.29714965820312
hace_003,0,47200,165.2213592529297
hace_003,0,48000,173.4042205810547
hace_003,0,48800,196.69610595703125
hace_003,0,49600,227.3090362548828
hace_003,0,50400,245.07012939453125
hace_003,0,51200,261.00018310546875
hace_003,0,52000,262.16802978515625
hace_003,0,52800,275.43450927734375
hace_003,0,53600,291.44256591796875
hace_003,0,54400,295.81378173828125
hace_003,0,55200,303.5909729003906
hace_003,0,56000,319.8304748535156
hace_003,0,56800,337.5467834472656
hace_003,0,57600,333.6704406738281
hace_003,0,58400,324.082275390625
hace_003,0,59200,340.5420837402344
hace_003,0,60000,347.4065246582031
hace_003,0,60800,382.8004455566406
hace_003,0,61600,429.4303894042969
hace_003,0,62400,451.50421142578125
hace_003,0,63200,470.7840881347656
hace_003,0,64000,493.61981201171875
hace_003,0,64800,520.2192993164062
hace_003,0,65600,519.1390380859375
hace_003,0,66400,523.5784912109375
hace_003,0,67200,530.7511596679688
hace_003,0,68000,597.119140625
hace_003,0,68800,652.204833984375
hace_003,0,69600,663.077880859375
hace_003,0,70400,688.6597900390625
hace_003,0,71200,726.8580322265625
hace_003,0,72000,750.820556640625
hace_003,0,72800,775.3342895507812
hace_003,0,73600,797.031494140625
hace_003,0,74400,823.16064453125
hace_003,0,75200,840.93115234375
hace_003,0,76000,867.9185180664062
hace_003,0,76800,869.28564453125
hace_003,0,77600,874.1197509765625
hace_003,0,78400,933.4240112304688
hace_003,0,79200,967.4644165039062
hace_003,0,80000,1024.41259765625
hace_003,0,80800,1045.909912109375
hace_003,0,81600,1049.2099609375
hace_003,0,82400,1061.94580078125
hace_003,0,83200,1099.2008056640625
hace_003,0,84000,1121.02685546875
hace_003,0,84800,1144.1162109375
hace_003,0,85600,1255.757080078125
hace_003,0,86400,1353.239501953125
hace_003,0,87200,1431.475341796875
hace_003,0,88000,1445.7572021484375
hace_003,0,88800,1439.7025146484375
hace_003,0,89600,1492.3692626953125
hace_003,0,90400,1525.77197265625
hace_003,0,91200,1577.5904541015625
hace_003,0,92000,1626.822998046875
hace_003,0,92800,1680.0255126953125
hace_003,0,93600,1703.58154296875
hace_003,0,94400,1784.662353515625
hace_003,0,95200,1815.3935546875
hace_003,0,96000,1834.7716064453125
hace_003,0,96800,1917.6925048828125
hace_003,0,97600,2009.404296875
hace_003,0,98400,2055.226806640625
hace_003,0,99200,2092.41796875
hace_003,0,100000,2130.7236328125
hace_003,0,100800,2180.344970703125
hace_003,0,101600,2249.9814453125
hace_003,0,102400,2311.697021484375
hace_003,0,103200,2359.37109375
hace_003,0,104000,2427.718505859375
hace_003,0,104800,2485.62109375
hace_003,0,105600,2475.90673828125
hace_003,0,106400,2486.460205078125
hace_003,0,107200,2486.08251953125
hace_003,0,108000,2511.19189453125
hace_003,0,108800,2538.818115234375
hace_003,0,109600,2523.468017578125
hace_003,0,110400,2549.30712890625
hace_003,0,111200,2557.435791015625
hace_003,0,112000,2581.409423828125
hace_003,0,112800,2598.08203125
hace_003,0,113600,2642.789306640625
hace_003,0,114400,2641.326171875
hace_003,0,115200,2680.72119140625
hace_003,0,116000,2717.574951171875
hace_003,0,116800,2713.88818359375
hace_003,0,117600,2698.572998046875
hace_003,0,118400,2668.876220703125
hace_003,0,119200,2668.74853515625
hace_003,0,120000,2645.089111328125
hace_003,0,120800,2628.224365234375
hace_003,0,121600,2561.6513671875
hace_003,0,122400,2520.3720703125
hace_003,0,123200,2459.138427734375
hace_003,0,124000,2431.0966796875
hace_003,0,124800,2373.61181640625
hace_003,0,125600,2373.9765625
hace_003,0,126400,2383.036376953125
hace_003,0,127200,2409.823486328125
hace_003,0,128000,2429.799072265625
hace_003,0,128800,2427.84130859375
hace_003,0,129600,2453.285888671875
hace_003,0,130400,2482.451416015625
hace_003,0,131200,2496.142578125
hace_003,0,132000,2514.4873046875
hace_003,0,132800,2531.3701171875
hace_003,0,133600,2541.660888671875
hace_003,0,134400,2553.2236328125
hace_003,0,135200,2573.038330078125
hace_003,0,136000,2598.321044921875
hace_003,0,136800,2632.249755859375
hace_003,0,137600,2659.668212890625
hace_003,0,138400,2695.79638671875
hace_003,0,139200,2727.097412109375
hace_003,0,140000,2762.492919921875
hace_003,0,140800,2792.76513671875
hace_003,0,141600,2851.850341796875
hace_003,0,142400,2909.281494140625
hace_003,0,143200,2987.94873046875
hace_003,0,144000,3021.14453125
hace_003,0,144800,3093.4970703125
hace_003,0,145600,3109.48193359375
hace_003,0,146400,3108.592529296875
hace_003,0,147200,3117.5888671875
hace_003,0,148000,3117.063720703125
hace_003,0,148800,3149.87841796875
hace_003,0,149600,3179.951416015625
hace_003,0,150400,3182.145263671875
hace_003,0,151200,3186.014404296875
hace_003,0,152000,3193.713623046875
hace_003,0,152800,3201.7841796875
hace_003,0,153600,3219.20361328125
hace_003,0,154400,3229.670654296875
hace_003,0,155200,3234.082763671875
hace_003,0,156000,3240.886474609375
hace_003,0,156800,3240.354736328125
hace_003,0,157600,3251.740478515625
hace_003,0,158400,3260.555908203125
hace_003,0,159200,3268.09814453125
hace_003,0,160000,3272.881103515625
hace_003,0,160800,3276.916259765625
hace_003,0,161600,3285.35888671875
hace_003,0,162400,3289.402099609375
hace_003,0,163200,3295.827880859375
hace_003,0,164000,3299.87158203125
hace_003,0,164800,3303.908447265625
hace_003,0,165600,3311.231689453125
hace_003,0,166400,3319.121826171875
hace_003,0,167200,3324.26416015625
hace_003,0,168000,3325.935302734375
hace_003,0,168800,3330.530029296875
hace_003,0,169600,3331.298828125
hace_003,0,170400,3331.3447265625
hace_003,0,171200,3334.864501953125
hace_003,0,172000,3335.110595703125
hace_003,0,172800,3331.311767578125
hace_003,0,173600,3331.723876953125
hace_003,0,174400,3333.0361328125
hace_003,0,175200,3338.21728515625
hace_003,0,176000,3338.239501953125
hace_003,0,176800,3340.29541015625
hace_003,0,177600,3340.509765625
hace_003,0,178400,3340.9384765625
hace_003,0,179200,3341.33544921875
hace_003,0,180000,3341.565185546875
hace_003,0,180800,3341.23388671875
hace_003,0,181600,3341.083984375
hace_003,0,182400,3341.7080078125
hace_003,0,183200,3342.10693359375
hace_003,0,184000,3342.32177734375
hace_003,0,184800,3341.275390625
hace_003,0,185600,3340.033935546875
hace_003,0,186400,3339.71533203125
hace_003,0,187200,3339.390380859375
hace_003,0,188000,3339.66162109375
hace_003,0,188800,3339.529052734375
hace_003,0,189600,3330.009521484375
hace_003,0,190400,3330.880859375
hace_003,0,191200,3333.123046875
hace_003,0,192000,3333.683837890625
hace_003,0,192800,3337.425048828125
hace_003,0,193600,3337.899169921875
hace_003,0,194400,3337.926025390625
hace_003,0,195200,3338.296142578125
hace_003,0,196000,3338.701171875
hace_003,0,196800,3339.365234375
hace_003,0,197600,3339.387451171875
hace_003,0,198400,3339.011474609375
hace_003,0,199200,3338.66455078125
hace_003,0,200000,3339.04833984375
hace_003,0,200800,3340.5595703125
hace_003,0,201600,3341.5224609375
hace_003,0,202400,3341.908935546875
hace_003,0,203200,3344.780517578125
hace_003,0,204000,3364.532470703125
hace_003,0,204800,3361.936767578125
hace_003,0,205600,3557.452880859375
hace_003,0,206400,4218.3623046875
hace_003,0,207200,4083.0712890625
hace_003,0,208000,3947.848388671875
hace_003,0,208800,3812.7998046875
hace_003,0,209600,3701.3017578125
hace_003,0,210400,3565.154541015625
hace_003,0,211200,3486.68994140625
hace_003,0,212000,3383.095703125
hace_003,0,212800,3302.537109375
hace_003,0,213600,3216.191650390625
hace_003,0,214400,3145.532958984375
hace_003,0,215200,3052.6611328125
hace_003,0,216000,2927.32666015625
hace_003,0,216800,2856.0068359375
hace_003,0,217600,2761.35546875
hace_003,0,218400,2626.93994140625
hace_003,0,219200,2492.689208984375
hace_003,0,220000,2357.94189453125
hace_003,0,220800,2236.452880859375
hace_003,0,221600,2106.5556640625
hace_003,0,222400,1996.383544921875
hace_003,0,223200,1887.344970703125
hace_003,0,224000,1745.5665283203125
hace_003,0,224800,1620.501953125
hace_003,0,225600,1618.4832763671875
hace_003,0,226400,822.9645385742188
hace_003,0,227200,823.6865234375
hace_003,0,228000,824.2821044921875
hace_003,0,228800,824.1846313476562
hace_003,0,229600,809.02392578125
hace_003,0,230400,807.675048828125
hace_003,0,231200,746.9871215820312
hace_003,0,232000,714.4655151367188
hace_003,0,232800,659.4890747070312
hace_003,0,233600,609.6502075195312
hace_003,0,234400,544.8502807617188
hace_003,0,235200,502.0860900878906
hace_003,0,236000,549.8023071289062
hace_003,0,236800,560.1103515625
hace_003,0,237600,549.1651000976562
hace_003,0,238400,549.302001953125
hace_003,0,239200,551.0947265625
hace_003,0,240000,564.7771606445312
hace_003,0,240800,570.3861694335938
hace_003,0,241600,565.5730590820312
hace_003,0,242400,540.5924072265625
hace_003,0,243200,562.62109375
hace_003,0,244000,620.8956298828125
hace_003,0,244800,654.5842895507812
hace_003,0,245600,749.0892944335938
hace_003,0,246400,748.8466796875
hace_003,0,247200,794.8495483398438
hace_003,0,248000,820.359375
hace_003,0,248800,831.0797119140625
hace_003,0,249600,857.2495727539062
hace_003,0,250400,908.2919311523438
hace_003,0,251200,956.6508178710938
hace_003,0,252000,957.776611328125
hace_003,0,252800,960.1615600585938
hace_003,0,253600,961.6590576171875
hace_003,0,254400,1713.066650390625
hace_003,0,255200,1713.682373046875
hace_003,0,256000,2164.193115234375
hace_003,0,256800,3871.679931640625
hace_003,0,257600,4525.69189453125
hace_003,0,258400,5761.9560546875
hace_003,0,259200,5776.93701171875
hace_003,0,260000,6491.259765625
hace_003,0,260800,7972.0927734375
hace_003,0,261600,9260.8056640625
hace_003,0,262400,10658.095703125
hace_003,0,263200,11927.4365234375
hace_003,0,264000,13658.3173828125
hace_003,0,264800,16014.314453125
hace_003,0,265600,18376.5703125
hace_003,0,266400,20237.1015625
hace_003,0,267200,22563.1796875
hace_003,0,268000,23913.77734375
hace_003,0,268800,23903.734375
hace_003,0,269600,23879.26953125
hace_003,0,270400,23830.529296875
hace_003,0,271200,23784.244140625
hace_003,0,272000,24369.498046875
hace_003,0,272800,24367.703125
hace_003,0,273600,25659.2265625
hace_003,0,274400,27552.349609375
hace_003,0,275200,30191.125
hace_003,0,276000,31964.943359375
hace_003,0,276800,31714.822265625
hace_003,0,277600,32512.83203125
hace_003,0,278400,34110.8671875
hace_003,0,279200,36360.25
hace_003,0,280000,38259.203125
hace_003,0,280800,37572.16015625
hace_003,0,281600,39622.5078125
hace_003,0,282400,40957.44921875
hace_003,0,283200,43286.04296875
hace_003,0,284000,41566.43359375
hace_003,0,284800,40424.9140625
hace_003,0,285600,38818.0
hace_003,0,286400,37744.84765625
hace_003,0,287200,38178.1328125
hace_003,0,288000,36894.09765625
hace_003,0,288800,36967.41796875
hace_003,0,289600,36995.15625
hace_003,0,290400,37831.0
hace_003,0,291200,37914.96875
hace_003,0,292000,39660.00390625
hace_003,0,292800,44488.6796875
hace_003,0,293600,44069.83203125
hace_003,0,294400,44056.82421875
hace_003,0,295200,43019.984375
hace_003,0,296000,43619.08203125
hace_003,0,296800,44999.15625
hace_003,0,297600,48160.90234375
hace_003,0,298400,49022.91796875
hace_003,0,299200,48860.7734375
hace_003,0,300000,49382.27734375
hace_003,1,800,-53.739463806152344
hace_003,1,1600,-52.53964614868164
hace_003,1,2400,-53.24449920654297
hace_003,1,3200,-50.6812744140625
hace_003,1,4000,-51.00790023803711
hace_003,1,4800,-51.855533599853516
hace_003,1,5600,-50.28861618041992
hace_003,1,6400,-49.450130462646484
hace_003,1,7200,-48.602394104003906
hace_003,1,8000,-47.70640182495117
hace_003,1,8800,-46.4430046081543
hace_003,1,9600,-44.70083236694336
hace_003,1,10400,-14.993858337402344
hace_003,1,11200,-17.27044677734375
hace_003,1,12000,-18.570180892944336
hace_003,1,12800,-21.713768005371094
hace_003,1,13600,-24.823575973510742
hace_003,1,14400,-26.429609298706055
hace_003,1,15200,-26.90974235534668
hace_003,1,16000,-27.23493194580078
hace_003,1,16800,-28.20813751220703
hace_003,1,17600,-28.539844512939453
hace_003,1,18400,-28.241147994995117
hace_003,1,19200,-28.107507705688477
hace_003,1,20000,-28.06826400756836
hace_003,1,20800,-7.997854232788086
hace_003,1,21600,-0.4265105724334717
hace_003,1,22400,22.627077102661133
hace_003,1,23200,21.49172592163086
hace_003,1,24000,21.114540100097656
hace_003,1,24800,29.440603256225586
hace_003,1,25600,44.41783905029297
hace_003,1,26400,45.83052062988281
hace_003,1,27200,47.35128402709961
hace_003,1,28000,62.95100784301758
hace_003,1,28800,79.08873748779297
hace_003,1,29600,99.75100708007812
hace_003,1,30400,86.51795196533203
hace_003,1,31200,94.13447570800781
hace_003,1,32000,111.01472473144531
hace_003,1,32800,113.66805267333984
hace_003,1,33600,152.3840789794922
hace_003,1,34400,182.63778686523438
hace_003,1,35200,198.60137939453125
hace_003,1,36000,239.99807739257812
hace_003,1,36800,310.4194641113281
hace_003,1,37600,346.6348571777344
hace_003,1,38400,362.3692321777344
hace_003,1,39200,400.5384521484375
hace_003,1,40000,460.0060729980469
hace_003,1,40800,511.2061767578125
hace_003,1,41600,569.01318359375
hace_003,1,42400,610.2505493164062
hace_003,1,43200,669.798828125
hace_003,1,44000,733.4893188476562
hace_003,1,44800,791.3028564453125
hace_003,1,45600,839.4957275390625
hace_003,1,46400,911.6578369140625
hace_003,1,47200,981.1970825195312
hace_003,1,48000,1040.8079833984375
hace_003,1,48800,1093.635498046875
hace_003,1,49600,1143.52197265625
hace_003,1,50400,1213.4481201171875
hace_003,1,51200,1283.8585205078125
hace_003,1,52000,1367.47705078125
hace_003,1,52800,1463.8743896484375
hace_003,1,53600,1622.5078125
hace_003,1,54400,1650.888916015625
hace_003,1,55200,1637.62109375
hace_003,1,56000,1601.8521728515625
hace_003,1,56800,1572.352783203125
hace_003,1,57600,1552.2816162109375
hace_003,1,58400,1536.1630859375
hace_003,1,59200,1497.6875
hace_003,1,60000,1438.019775390625
hace_003,1,60800,1408.765625
hace_003,1,61600,1394.73046875
hace_003,1,62400,1403.278076171875
hace_003,1,63200,1383.3929443359375
hace_003,1,64000,1388.3037109375
hace_003,1,64800,1403.17919921875
hace_003,1,65600,1425.640869140625
hace_003,1,66400,1422.504638671875
hace_003,1,67200,1402.7086181640625
hace_003,1,68000,1387.971923828125
hace_003,1,68800,1386.4957275390625
hace_003,1,69600,1410.0220947265625
hace_003,1,70400,1441.5284423828125
hace_003,1,71200,1482.025146484375
hace_003,1,72000,1533.5784912109375
hace_003,1,72800,1561.228271484375
hace_003,1,73600,1440.1083984375
hace_003,1,74400,1483.39599609375
hace_003,1,75200,1558.6173095703125
hace_003,1,76000,1656.7010498046875
hace_003,1,76800,1800.9339599609375
hace_003,1,77600,1953.80224609375
hace_003,1,78400,2094.877197265625
hace_003,1,79200,2359.97998046875
hace_003,1,80000,2641.274658203125
hace_003,1,80800,2743.83984375
hace_003,1,81600,2892.0078125
hace_003,1,82400,2982.705322265625
hace_003,1,83200,3087.77001953125
hace_003,1,84000,3106.1552734375
hace_003,1,84800,3171.395263671875
hace_003,1,85600,3216.4140625
hace_003,1,86400,3260.1240234375
hace_003,1,87200,3329.630859375
hace_003,1,88000,3409.39306640625
hace_003,1,88800,3446.475341796875
hace_003,1,89600,3452.779541015625
hace_003,1,90400,3441.864013671875
hace_003,1,91200,3419.041259765625
hace_003,1,92000,3359.15869140625
hace_003,1,92800,3292.304443359375
hace_003,1,93600,3255.284423828125
hace_003,1,94400,3157.3095703125
hace_003,1,95200,3080.16748046875
hace_003,1,96000,2988.531005859375
hace_003,1,96800,2821.575927734375
hace_003,1,97600,2793.404296875
hace_003,1,98400,2758.646240234375
hace_003,1,99200,2546.312255859375
hace_003,1,100000,2349.34716796875
hace_003,1,100800,2371.3798828125
hace_003,1,101600,2289.247802734375
hace_003,1,102400,2263.573974609375
hace_003,1,103200,2272.954345703125
hace_003,1,104000,2320.743896484375
hace_003,1,104800,2341.379150390625
hace_003,1,105600,2350.115234375
hace_003,1,106400,2413.2822265625
hace_003,1,107200,2447.772705078125
hace_003,1,108000,2426.58349609375
hace_003,1,108800,2457.217041015625
hace_003,1,109600,2498.469482421875
hace_003,1,110400,2563.704345703125
hace_003,1,111200,2636.734619140625
hace_003,1,112000,2713.7783203125
hace_003,1,112800,2771.64013671875
hace_003,1,113600,2788.639892578125
hace_003,1,114400,2913.210205078125
hace_003,1,115200,3077.985107421875
hace_003,1,116000,3152.411376953125
hace_003,1,116800,3372.26513671875
hace_003,1,117600,3513.69482421875
hace_003,1,118400,3726.76953125
hace_003,1,119200,3989.73095703125
hace_003,1,120000,4203.931640625
hace_003,1,120800,4356.64013671875
hace_003,1,121600,4539.8486328125
hace_003,1,122400,4687.21630859375
hace_003,1,123200,4812.234375
hace_003,1,124000,4936.54736328125
hace_003,1,124800,5007.291015625
hace_003,1,125600,5157.517578125
hace_003,1,126400,5277.47216796875
hace_003,1,127200,5399.72021484375
hace_003,1,128000,5553.82861328125
hace_003,1,128800,5710.7041015625
hace_003,1,129600,5847.71142578125
hace_003,1,130400,5975.6435546875
hace_003,1,131200,6085.21875
hace_003,1,132000,6254.525390625
hace_003,1,132800,6466.10498046875
hace_003,1,133600,6671.3642578125
hace_003,1,134400,6797.60888671875
hace_003,1,135200,6896.5625
hace_003,1,136000,7113.50634765625
hace_003,1,136800,7136.53662109375
hace_003,1,137600,7173.73974609375
hace_003,1,138400,7127.3671875
hace_003,1,139200,6983.568359375
hace_003,1,140000,6948.35595703125
hace_003,1,140800,6886.8974609375
hace_003,1,141600,6939.94873046875
hace_003,1,142400,7000.68505859375
hace_003,1,143200,7055.77880859375
hace_003,1,144000,7170.88525390625
hace_003,1,144800,7195.04443359375
hace_003,1,145600,7170.9521484375
hace_003,1,146400,7165.01318359375
hace_003,1,147200,7205.74658203125
hace_003,1,148000,7204.73779296875
hace_003,1,148800,7289.12548828125
hace_003,1,149600,7373.02783203125
hace_003,1,150400,7318.591796875
hace_003,1,151200,7258.57373046875
hace_003,1,152000,7121.90673828125
hace_003,1,152800,6947.9609375
hace_003,1,153600,6819.84326171875
hace_003,1,154400,6690.630859375
hace_003,1,155200,6602.16552734375
hace_003,1,156000,6426.87255859375
hace_003,1,156800,6288.154296875
hace_003,1,157600,6108.28662109375
hace_003,1,158400,6116.1025390625
hace_003,1,159200,6284.5830078125
hace_003,1,160000,6329.2958984375
hace_003,1,160800,6457.29248046875
hace_003,1,161600,6412.63916015625
hace_003,1,162400,6067.77685546875
hace_003,1,163200,6054.3125
hace_003,1,164000,5890.89208984375
hace_003,1,164800,5834.658203125
hace_003,1,165600,5782.6943359375
hace_003,1,166400,5843.3896484375
hace_003,1,167200,5655.7080078125
hace_003,1,168000,5652.71630859375
hace_003,1,168800,5495.02880859375
hace_003,1,169600,5551.3154296875
hace_003,1,170400,5676.751953125
hace_003,1,171200,5828.298828125
hace_003,1,172000,5980.63330078125
hace_003,1,172800,6002.60595703125
hace_003,1,173600,6186.24169921875
hace_003,1,174400,6437.4189453125
hace_003,1,175200,6476.376953125
hace_003,1,176000,6541.28125
hace_003,1,176800,6699.65185546875
hace_003,1,177600,6787.4765625
hace_003,1,178400,6661.841796875
hace_003,1,179200,6702.89697265625
hace_003,1,180000,6735.11083984375
hace_003,1,180800,6701.41552734375
hace_003,1,181600,6745.677734375
hace_003,1,182400,7080.87158203125
hace_003,1,183200,7171.34033203125
hace_003,1,184000,7342.26708984375
hace_003,1,184800,7493.9111328125
hace_003,1,185600,7763.333984375
hace_003,1,186400,7868.21533203125
hace_003,1,187200,7797.23486328125
hace_003,1,188000,7657.62060546875
hace_003,1,188800,7509.28515625
hace_003,1,189600,7318.958984375
hace_003,1,190400,7133.54833984375
hace_003,1,191200,7004.982421875
hace_003,1,192000,6946.62255859375
hace_003,1,192800,7134.34619140625
hace_003,1,193600,7211.974609375
hace_003,1,194400,7106.42333984375
hace_003,1,195200,7321.6767578125
hace_003,1,196000,7565.9638671875
hace_003,1,196800,7672.2548828125
hace_003,1,197600,7900.05908203125
hace_003,1,198400,8188.279296875
hace_003,1,199200,8249.7646484375
hace_003,1,200000,8380.5908203125
hace_003,1,200800,8531.2939453125
hace_003,1,201600,8654.1044921875
hace_003,1,202400,8770.375
hace_003,1,203200,8906.291015625
hace_003,1,204000,9005.3837890625
hace_003,1,204800,9047.64453125
hace_003,1,205600,9099.5966796875
hace_003,1,206400,9034.0068359375
hace_003,1,207200,9482.966796875
hace_003,1,208000,9956.9111328125
hace_003,1,208800,10185.76953125
hace_003,1,209600,10415.138671875
hace_003,1,210400,10538.5380859375
hace_003,1,211200,10920.9443359375
hace_003,1,212000,11328.69921875
hace_003,1,212800,11513.1630859375
hace_003,1,213600,11657.7890625
hace_003,1,214400,12077.5859375
hace_003,1,215200,12340.890625
hace_003,1,216000,12551.0234375
hace_003,1,216800,12896.951171875
hace_003,1,217600,13024.25390625
hace_003,1,218400,13163.32421875
hace_003,1,219200,13330.5625
hace_003,1,220000,13422.0
hace_003,1,220800,13406.712890625
hace_003,1,221600,13499.1123046875
hace_003,1,222400,13707.4599609375
hace_003,1,223200,13501.9873046875
hace_003,1,224000,13604.3740234375
hace_003,1,224800,13596.517578125
hace_003,1,225600,13575.765625
hace_003,1,226400,13826.17578125
hace_003,1,227200,13580.4013671875
hace_003,1,228000,13133.8916015625
hace_003,1,228800,13330.2451171875
hace_003,1,229600,13217.5693359375
hace_003,1,230400,13430.064453125
hace_003,1,231200,13281.9150390625
hace_003,1,232000,13182.3369140625
hace_003,1,232800,13183.19921875
hace_003,1,233600,13104.8701171875
hace_003,1,234400,12879.8134765625
hace_003,1,235200,12487.6796875
hace_003,1,236000,12219.08984375
hace_003,1,236800,11867.6630859375
hace_003,1,237600,11792.626953125
hace_003,1,238400,11714.2431640625
hace_003,1,239200,11649.2060546875
hace_003,1,240000,11603.8974609375
hace_003,1,240800,11663.1630859375
hace_003,1,241600,11686.765625
hace_003,1,242400,11655.05078125
hace_003,1,243200,11892.2060546875
hace_003,1,244000,11853.6435546875
hace_003,1,244800,12067.8369140625
hace_003,1,245600,12030.7236328125
hace_003,1,246400,11990.3544921875
hace_003,1,247200,12104.4013671875
hace_003,1,248000,12300.0439453125
hace_003,1,248800,12429.7958984375
hace_003,1,249600,12612.4306640625
hace_003,1,250400,12684.1474609375
hace_003,1,251200,12663.3720703125
hace_003,1,252000,12536.7275390625
hace_003,1,252800,12619.1005859375
hace_003,1,253600,12723.708984375
hace_003,1,254400,12945.2255859375
hace_003,1,255200,13241.5771484375
hace_003,1,256000,13542.4541015625
hace_003,1,256800,13820.53515625
hace_003,1,257600,13850.81640625
hace_003,1,258400,13724.2861328125
hace_003,1,259200,13925.177734375
hace_003,1,260000,14044.498046875
hace_003,1,260800,14093.9130859375
hace_003,1,261600,14236.1943359375
hace_003,1,262400,14198.396484375
hace_003,1,263200,14357.9990234375
hace_003,1,264000,14249.263671875
hace_003,1,264800,14368.599609375
hace_003,1,265600,14335.205078125
hace_003,1,266400,14192.994140625
hace_003,1,267200,14213.4267578125
hace_003,1,268000,14122.7783203125
hace_003,1,268800,13836.708984375
hace_003,1,269600,13760.583984375
hace_003,1,270400,13654.10546875
hace_003,1,271200,13541.6171875
hace_003,1,272000,13458.59765625
hace_003,1,272800,13261.8193359375
hace_003,1,273600,13268.0009765625
hace_003,1,274400,13224.7763671875
hace_003,1,275200,13308.4248046875
hace_003,1,276000,13077.75390625
hace_003,1,276800,12884.1103515625
hace_003,1,277600,12698.1455078125
hace_003,1,278400,12976.841796875
hace_003,1,279200,12755.52734375
hace_003,1,280000,12632.7041015625
hace_003,1,280800,12482.3017578125
hace_003,1,281600,12296.1904296875
hace_003,1,282400,12282.783203125
hace_003,1,283200,12059.994140625
hace_003,1,284000,12030.6962890625
hace_003,1,284800,11825.486328125
hace_003,1,285600,11850.716796875
hace_003,1,286400,11868.2919921875
hace_003,1,287200,12009.2978515625
hace_003,1,288000,12366.5126953125
hace_003,1,288800,12581.8662109375
hace_003,1,289600,12402.564453125
hace_003,1,290400,12454.943359375
hace_003,1,291200,12583.119140625
hace_003,1,292000,12646.3056640625
hace_003,1,292800,12668.759765625
hace_003,1,293600,12534.779296875
hace_003,1,294400,12051.01953125
hace_003,1,295200,11898.599609375
hace_003,1,296000,11811.904296875
hace_003,1,296800,11615.8251953125
hace_003,1,297600,11615.4912109375
hace_003,1,298400,11574.7255859375
hace_003,1,299200,11380.6728515625
hace_003,1,300000,11188.630859375
hace_003,2,800,103.47650909423828
hace_003,2,1600,31.88733673095703
hace_003,2,2400,9.57197380065918
hace_003,2,3200,-0.6464384198188782
hace_003,2,4000,-7.321591377258301
hace_003,2,4800,-12.346086502075195
hace_003,2,5600,-15.45948600769043
hace_003,2,6400,-17.41107177734375
hace_003,2,7200,87.48898315429688
hace_003,2,8000,76.9063720703125
hace_003,2,8800,68.00531768798828
hace_003,2,9600,60.703102111816406
hace_003,2,10400,54.37565994262695
hace_003,2,11200,49.31381607055664
hace_003,2,12000,44.91300964355469
hace_003,2,12800,190.09982299804688
hace_003,2,13600,178.12318420410156
hace_003,2,14400,303.0943298339844
hace_003,2,15200,435.6304016113281
hace_003,2,16000,547.8770141601562
hace_003,2,16800,646.524169921875
hace_003,2,17600,726.638916015625
hace_003,2,18400,746.1348876953125
hace_003,2,19200,806.749267578125
hace_003,2,20000,804.0415649414062
hace_003,2,20800,890.6983032226562
hace_003,2,21600,939.0316162109375
hace_003,2,22400,939.123291015625
hace_003,2,23200,1053.299560546875
hace_003,2,24000,1147.7254638671875
hace_003,2,24800,1295.999267578125
hace_003,2,25600,1433.1376953125
hace_003,2,26400,1590.6656494140625
hace_003,2,27200,1855.182861328125
hace_003,2,28000,1895.72705078125
hace_003,2,28800,1953.9366455078125
hace_003,2,29600,1954.126220703125
hace_003,2,30400,1972.0421142578125
hace_003,2,31200,2041.4351806640625
hace_003,2,32000,2137.017822265625
hace_003,2,32800,2348.503173828125
hace_003,2,33600,2674.17919921875
hace_003,2,34400,2806.6513671875
hace_003,2,35200,2798.72900390625
hace_003,2,36000,2701.5625
hace_003,2,36800,2595.622314453125
hace_003,2,37600,2498.42138671875
hace_003,2,38400,2633.787841796875
hace_003,2,39200,2603.150634765625
hace_003,2,40000,2665.051513671875
hace_003,2,40800,2697.98046875
hace_003,2,41600,2718.89013671875
hace_003,2,42400,2825.36083984375
hace_003,2,43200,2816.930908203125
hace_003,2,44000,2762.50048828125
hace_003,2,44800,2785.3271484375
hace_003,2,45600,2874.12939453125
hace_003,2,46400,2859.1005859375
hace_003,2,47200,2788.570556640625
hace_003,2,48000,2802.868896484375
hace_003,2,48800,3056.34521484375
hace_003,2,49600,3436.8681640625
hace_003,2,50400,3442.3466796875
hace_003,2,51200,3418.833984375
hace_003,2,52000,3571.6669921875
hace_003,2,52800,3717.597412109375
hace_003,2,53600,3876.56689453125
hace_003,2,54400,4439.01220703125
hace_003,2,55200,4877.1259765625
hace_003,2,56000,5362.10986328125
hace_003,2,56800,5893.78955078125
hace_003,2,57600,6606.271484375
hace_003,2,58400,7862.37646484375
hace_003,2,59200,8794.248046875
hace_003,2,60000,8889.9775390625
hace_003,2,60800,8925.130859375
hace_003,2,61600,8857.34375
hace_003,2,62400,8751.4619140625
hace_003,2,63200,8646.0576171875
hace_003,2,64000,8606.5556640625
hace_003,2,64800,8435.4072265625
hace_003,2,65600,8209.4765625
hace_003,2,66400,8265.5712890625
hace_003,2,67200,9163.396484375
hace_003,2,68000,11351.0869140625
hace_003,2,68800,13504.0791015625
hace_003,2,69600,14264.7431640625
hace_003,2,70400,15172.166015625
hace_003,2,71200,16242.08984375
hace_003,2,72000,17475.75390625
hace_003,2,72800,17040.451171875
hace_003,2,73600,16583.658203125
hace_003,2,74400,17931.623046875
hace_003,2,75200,24600.841796875
hace_003,2,76000,31358.806640625
hace_003,2,76800,35170.09375
hace_003,2,77600,35915.94140625
hace_003,2,78400,34495.875
hace_003,2,79200,33504.47265625
hace_003,2,80000,33315.1015625
hace_003,2,80800,33155.09375
hace_003,2,81600,33782.46875
hace_003,2,82400,34500.3828125
hace_003,2,83200,35209.078125
hace_003,2,84000,36380.84375
hace_003,2,84800,37775.75
hace_003,2,85600,38643.390625
hace_003,2,86400,39847.75390625
hace_003,2,87200,39179.2109375
hace_003,2,88000,38332.015625
hace_003,2,88800,38333.6484375
hace_003,2,89600,38589.03515625
hace_003,2,90400,38481.46875
hace_003,2,91200,38241.0234375
hace_003,2,92000,36757.91015625
hace_003,2,92800,40941.95703125
hace_003,2,93600,46936.72265625
hace_003,2,94400,50346.796875
hace_003,2,95200,49507.89453125
hace_003,2,96000,46475.95703125
hace_003,2,96800,43130.13671875
hace_003,2,97600,43312.4921875
hace_003,2,98400,43317.13671875
hace_003,2,99200,43368.34765625
hace_003,2,100000,43410.10546875
hace_003,2,100800,43435.25390625
hace_003,2,101600,42824.82421875
hace_003,2,102400,42244.109375
hace_003,2,103200,42601.2265625
hace_003,2,104000,42400.09375
hace_003,2,104800,41936.8828125
hace_003,2,105600,41478.05859375
hace_003,2,106400,40656.921875
hace_003,2,107200,40721.95703125
hace_003,2,108000,39325.75390625
hace_003,2,108800,36859.23046875
hace_003,2,109600,35461.84375
hace_003,2,110400,34638.33984375
hace_003,2,111200,33762.328125
hace_003,2,112000,34683.203125
hace_003,2,112800,30480.705078125
hace_003,2,113600,24544.994140625
hace_003,2,114400,18993.525390625
hace_003,2,115200,13035.3447265625
hace_003,2,116000,9293.77734375
hace_003,2,116800,9258.66015625
hace_003,2,117600,8032.7861328125
hace_003,2,118400,8008.46142578125
hace_003,2,119200,8243.333984375
hace_003,2,120000,9126.650390625
hace_003,2,120800,9101.369140625
hace_003,2,121600,9281.9736328125
hace_003,2,122400,11710.25
hace_003,2,123200,12993.470703125
hace_003,2,124000,13773.095703125
hace_003,2,124800,14645.3369140625
hace_003,2,125600,15128.3349609375
hace_003,2,126400,15123.982421875
hace_003,2,127200,16851.294921875
hace_003,2,128000,17816.966796875
hace_003,2,128800,20031.357421875
hace_003,2,129600,21772.009765625
hace_003,2,130400,25102.32421875
hace_003,2,131200,28728.8203125
hace_003,2,132000,32616.111328125
hace_003,2,132800,37146.55859375
hace_003,2,133600,42375.91015625
hace_003,2,134400,48316.65625
hace_003,2,135200,53803.75
hace_003,2,136000,58886.0703125
hace_003,2,136800,62891.171875
hace_003,2,137600,67100.3203125
hace_003,2,138400,71198.1328125
hace_003,2,139200,76140.40625
hace_003,2,140000,80122.3359375
hace_003,2,140800,84011.625
hace_003,2,141600,86505.5234375
hace_003,2,142400,88893.8984375
hace_003,2,143200,90655.9765625
hace_003,2,144000,92694.8046875
hace_003,2,144800,96164.5703125
hace_003,2,145600,97270.75
hace_003,2,146400,100057.3515625
hace_003,2,147200,102885.515625
hace_003,2,148000,104249.46875
hace_003,2,148800,107433.0
hace_003,2,149600,110013.9375
hace_003,2,150400,111187.984375
hace_003,2,151200,113230.1328125
hace_003,2,152000,112908.3671875
hace_003,2,152800,111558.8828125
hace_003,2,153600,112011.4296875
hace_003,2,154400,111908.5
hace_003,2,155200,110279.0546875
hace_003,2,156000,107327.703125
hace_003,2,156800,106190.5625
hace_003,2,157600,105071.8984375
hace_003,2,158400,106052.921875
hace_003,2,159200,106372.0546875
hace_003,2,160000,105922.96875
hace_003,2,160800,106437.59375
hace_003,2,161600,107665.5390625
hace_003,2,162400,107624.03125
hace_003,2,163200,108727.6875
hace_003,2,164000,110510.734375
hace_003,2,164800,110753.6796875
hace_003,2,165600,114768.390625
hace_003,2,166400,116673.328125
hace_003,2,167200,117132.9765625
hace_003,2,168000,120560.7734375
hace_003,2,168800,120129.140625
hace_003,2,169600,121860.625
hace_003,2,170400,123019.0234375
hace_003,2,171200,122883.828125
hace_003,2,172000,122811.4609375
hace_003,2,172800,125762.046875
hace_003,2,173600,123960.140625
hace_003,2,174400,123992.390625
hace_003,2,175200,125110.421875
hace_003,2,176000,126404.4453125
hace_003,2,176800,128461.359375
hace_003,2,177600,130723.34375
hace_003,2,178400,130981.5546875
hace_003,2,179200,131180.8125
hace_003,2,180000,131174.734375
hace_003,2,180800,130623.2109375
hace_003,2,181600,131456.015625
hace_003,2,182400,132885.953125
hace_003,2,183200,132271.515625
hace_003,2,184000,132234.40625
hace_003,2,184800,132744.578125
hace_003,2,185600,132540.796875
hace_003,2,186400,132310.765625
hace_003,2,187200,131336.34375
hace_003,2,188000,130418.640625
hace_003,2,188800,129853.109375
hace_003,2,189600,129460.9140625
hace_003,2,190400,128046.8671875
hace_003,2,191200,125542.484375
hace_003,2,192000,123318.015625
hace_003,2,192800,122556.875
hace_003,2,193600,121781.9765625
hace_003,2,194400,122220.2578125
hace_003,2,195200,121704.59375
hace_003,2,196000,123595.4453125
hace_003,2,196800,121635.7109375
hace_003,2,197600,119141.9296875
hace_003,2,198400,119241.3203125
hace_003,2,199200,119360.9921875
hace_003,2,200000,118905.1484375
hace_003,2,200800,120190.9296875
hace_003,2,201600,118429.09375
hace_003,2,202400,118040.890625
hace_003,2,203200,118235.6953125
hace_003,2,204000,118372.0234375
hace_003,2,204800,117028.0546875
hace_003,2,205600,114670.546875
hace_003,2,206400,115042.6171875
hace_003,2,207200,113021.234375
hace_003,2,208000,112080.0390625
hace_003,2,208800,112257.0390625
hace_003,2,209600,109947.859375
hace_003,2,210400,110136.21875
hace_003,2,211200,111041.6640625
hace_003,2,212000,112295.7109375
hace_003,2,212800,110722.1953125
hace_003,2,213600,111422.1171875
hace_003,2,214400,106868.21875
hace_003,2,215200,105352.1171875
hace_003,2,216000,99928.5859375
hace_003,2,216800,98121.4296875
hace_003,2,217600,95123.96875
hace_003,2,218400,92741.78125
hace_003,2,219200,89472.8515625
hace_003,2,220000,85939.0078125
hace_003,2,220800,83476.0703125
hace_003,2,221600,81717.1953125
hace_003,2,222400,76947.9765625
hace_003,2,223200,72418.7890625
hace_003,2,224000,67317.6875
hace_003,2,224800,63863.51171875
hace_003,2,225600,61964.875
hace_003,2,226400,57602.23828125
hace_003,2,227200,55868.3125
hace_003,2,228000,53089.34375
hace_003,2,228800,49852.828125
hace_003,2,229600,46501.8984375
hace_003,2,230400,42131.11328125
hace_003,2,231200,38197.265625
hace_003,2,232000,35687.30859375
hace_003,2,232800,31913.375
hace_003,2,233600,28109.0390625
hace_003,2,234400,27079.3203125
hace_003,2,235200,24179.87109375
hace_003,2,236000,25437.478515625
hace_003,2,236800,23734.900390625
hace_003,2,237600,24938.947265625
hace_003,2,238400,22863.34375
hace_003,2,239200,22082.576171875
hace_003,2,240000,23814.728515625
hace_003,2,240800,23966.568359375
hace_003,2,241600,24204.978515625
hace_003,2,242400,24728.3515625
hace_003,2,243200,26197.279296875
hace_003,2,244000,29547.7421875
hace_003,2,244800,33127.4609375
hace_003,2,245600,35064.52734375
hace_003,2,246400,37835.4921875
hace_003,2,247200,38880.3359375
hace_003,2,248000,39764.45703125
hace_003,2,248800,40172.71484375
hace_003,2,249600,43006.52734375
hace_003,2,250400,47467.015625
hace_003,2,251200,53285.91796875
hace_003,2,252000,54132.6875
hace_003,2,252800,58528.27734375
hace_003,2,253600,61700.46875
hace_003,2,254400,62803.2109375
hace_003,2,255200,63271.15625
hace_003,2,256000,63313.39453125
hace_003,2,256800,64246.46875
hace_003,2,257600,64841.1015625
hace_003,2,258400,65409.00390625
hace_003,2,259200,63856.8046875
hace_003,2,260000,64435.09375
hace_003,2,260800,62596.5078125
hace_003,2,261600,61587.546875
hace_003,2,262400,61440.56640625
hace_003,2,263200,59859.2890625
hace_003,2,264000,57781.94140625
hace_003,2,264800,55470.9296875
hace_003,2,265600,51981.5
hace_003,2,266400,49368.70703125
hace_003,2,267200,48983.16796875
hace_003,2,268000,48916.34765625
hace_003,2,268800,47167.19921875
hace_003,2,269600,44333.4296875
hace_003,2,270400,39807.14453125
hace_003,2,271200,35360.3203125
hace_003,2,272000,34660.4609375
hace_003,2,272800,32075.47265625
hace_003,2,273600,31404.298828125
hace_003,2,274400,29577.337890625
hace_003,2,275200,28890.806640625
hace_003,2,276000,27218.24609375
hace_003,2,276800,25868.01171875
hace_003,2,277600,26093.728515625
hace_003,2,278400,26156.142578125
hace_003,2,279200,27762.001953125
hace_003,2,280000,27470.791015625
hace_003,2,280800,26559.421875
hace_003,2,281600,29033.849609375
hace_003,2,282400,29780.224609375
hace_003,2,283200,29823.966796875
hace_003,2,284000,29133.4765625
hace_003,2,284800,30211.453125
hace_003,2,285600,31257.703125
hace_003,2,286400,32899.62109375
hace_003,2,287200,34175.0703125
hace_003,2,288000,37368.34765625
hace_003,2,288800,43361.5078125
hace_003,2,289600,47882.00390625
hace_003,2,290400,53997.37109375
hace_003,2,291200,55098.21875
hace_003,2,292000,55992.015625
hace_003,2,292800,59984.51953125
hace_003,2,293600,62492.04296875
hace_003,2,294400,64614.01953125
hace_003,2,295200,67071.2109375
hace_003,2,296000,73081.3515625
hace_003,2,296800,77322.828125
hace_003,2,297600,76085.921875
hace_003,2,298400,78305.140625
hace_003,2,299200,81857.3828125
hace_003,2,300000,81892.0078125
vanilla,0,800,-47.32194900512695
vanilla,0,1600,-44.033424377441406
vanilla,0,2400,-42.02335739135742
vanilla,0,3200,-42.701290130615234
vanilla,0,4000,-42.804107666015625
vanilla,0,4800,-43.49020767211914
vanilla,0,5600,-42.305423736572266
vanilla,0,6400,-42.098472595214844
vanilla,0,7200,-40.52625274658203
vanilla,0,8000,-40.08969497680664
vanilla,0,8800,-29.719860076904297
vanilla,0,9600,-30.550975799560547
vanilla,0,10400,-31.701566696166992
vanilla,0,11200,-32.60353088378906
vanilla,0,12000,-32.915672302246094
vanilla,0,12800,-33.065711975097656
vanilla,0,13600,-33.136775970458984
vanilla,0,14400,-32.85041427612305
vanilla,0,15200,-32.41257858276367
vanilla,0,16000,-32.84414291381836
vanilla,0,16800,-33.59872055053711
vanilla,0,17600,-34.21940994262695
vanilla,0,18400,-34.534481048583984
vanilla,0,19200,-34.181976318359375
vanilla,0,20000,-33.74811553955078
vanilla,0,20800,-29.281002044677734
vanilla,0,21600,-28.330963134765625
vanilla,0,22400,-28.331037521362305
vanilla,0,23200,-28.15949058532715
vanilla,0,24000,-27.487844467163086
vanilla,0,24800,-26.57373809814453
vanilla,0,25600,-26.083887100219727
vanilla,0,26400,-25.519182205200195
vanilla,0,27200,-25.232282638549805
vanilla,0,28000,-18.87015724182129
vanilla,0,28800,-23.974271774291992
vanilla,0,29600,-24.27031898498535
vanilla,0,30400,-24.304906845092773
vanilla,0,31200,-23.87065315246582
vanilla,0,32000,-23.435222625732422
vanilla,0,32800,-21.499042510986328
vanilla,0,33600,-20.901206970214844
vanilla,0,34400,-20.801692962646484
vanilla,0,35200,-21.060136795043945
vanilla,0,36000,-20.633995056152344
vanilla,0,36800,-19.94382667541504
vanilla,0,37600,-19.0662784576416
vanilla,0,38400,-18.863582611083984
vanilla,0,39200,-19.63558578491211
vanilla,0,40000,-20.3563289642334
vanilla,0,40800,-24.310678482055664
vanilla,0,41600,-24.841901779174805
vanilla,0,42400,-24.29839515686035
vanilla,0,43200,-23.652082443237305
vanilla,0,44000,-23.448028564453125
vanilla,0,44800,-23.481735229492188
vanilla,0,45600,-23.36274528503418
vanilla,0,46400,-16.532766342163086
vanilla,0,47200,-16.5672550201416
vanilla,0,48000,-22.521268844604492
vanilla,0,48800,-21.381406784057617
vanilla,0,49600,-20.77752113342285
vanilla,0,50400,-20.349258422851562
vanilla,0,51200,-20.018756866455078
vanilla,0,52000,-19.748809814453125
vanilla,0,52800,41.81515884399414
vanilla,0,53600,189.8720703125
vanilla,0,54400,326.1031188964844
vanilla,0,55200,466.2685852050781
vanilla,0,56000,600.6497802734375
vanilla,0,56800,734.7177124023438
vanilla,0,57600,853.8156127929688
vanilla,0,58400,922.9236450195312
vanilla,0,59200,997.8998413085938
vanilla,0,60000,1119.6290283203125
vanilla,0,60800,1250.9925537109375
vanilla,0,61600,1383.3197021484375
vanilla,0,62400,1515.770263671875
vanilla,0,63200,1648.3291015625
vanilla,0,64000,1780.730712890625
vanilla,0,64800,1917.787841796875
vanilla,0,65600,2051.9453125
vanilla,0,66400,2179.05224609375
vanilla,0,67200,2322.812255859375
vanilla,0,68000,2451.920654296875
vanilla,0,68800,2554.5390625
vanilla,0,69600,2685.068359375
vanilla,0,70400,2795.7412109375
vanilla,0,71200,2842.38037109375
vanilla,0,72000,2910.707763671875
vanilla,0,72800,2882.293701171875
vanilla,0,73600,2790.94482421875
vanilla,0,74400,2769.747314453125
vanilla,0,75200,2764.2421875
vanilla,0,76000,2763.167236328125
vanilla,0,76800,2762.455078125
vanilla,0,77600,2776.2705078125
vanilla,0,78400,2840.52734375
vanilla,0,79200,2899.083251953125
vanilla,0,80000,2911.279541015625
vanilla,0,80800,2913.02587890625
vanilla,0,81600,2913.28076171875
vanilla,0,82400,2913.734130859375
vanilla,0,83200,2914.079345703125
vanilla,0,84000,2916.26171875
vanilla,0,84800,2912.32373046875
vanilla,0,85600,2911.32861328125
vanilla,0,86400,2914.038330078125
vanilla,0,87200,2910.041259765625
vanilla,0,88000,2913.725830078125
vanilla,0,88800,2944.05517578125
vanilla,0,89600,2947.10595703125
vanilla,0,90400,2969.987060546875
vanilla,0,91200,3055.927734375
vanilla,0,92000,3121.30224609375
vanilla,0,92800,3220.880859375
vanilla,0,93600,3297.1953125
vanilla,0,94400,3315.88623046875
vanilla,0,95200,3314.136474609375
vanilla,0,96000,3313.80517578125
vanilla,0,96800,3313.8369140625
vanilla,0,97600,3313.51416015625
vanilla,0,98400,3313.37158203125
vanilla,0,99200,3313.41943359375
vanilla,0,100000,3313.276123046875
vanilla,0,100800,3313.676025390625
vanilla,0,101600,3314.434814453125
vanilla,0,102400,3314.269775390625
vanilla,0,103200,3314.098388671875
vanilla,0,104000,3311.76171875
vanilla,0,104800,3311.21435546875
vanilla,0,105600,3310.430908203125
vanilla,0,106400,3306.43212890625
vanilla,0,107200,3298.9404296875
vanilla,0,108000,3298.413818359375
vanilla,0,108800,3299.257568359375
vanilla,0,109600,3299.564697265625
vanilla,0,110400,3298.855224609375
vanilla,0,111200,3298.8623046875
vanilla,0,112000,3297.32861328125
vanilla,0,112800,3295.843505859375
vanilla,0,113600,3296.148681640625
vanilla,0,114400,3294.834228515625
vanilla,0,115200,3295.39697265625
vanilla,0,116000,3295.71044921875
vanilla,0,116800,3296.045166015625
vanilla,0,117600,3299.54150390625
vanilla,0,118400,3301.85302734375
vanilla,0,119200,3301.65771484375
vanilla,0,120000,3300.74951171875
vanilla,0,120800,3299.874755859375
vanilla,0,121600,3299.49267578125
vanilla,0,122400,3300.1240234375
vanilla,0,123200,3300.462890625
vanilla,0,124000,3303.452880859375
vanilla,0,124800,3303.4072265625
vanilla,0,125600,3306.22802734375
vanilla,0,126400,3306.56591796875
vanilla,0,127200,3309.291015625
vanilla,0,128000,3309.980712890625
vanilla,0,128800,3309.1298828125
vanilla,0,129600,3311.137939453125
vanilla,0,130400,3311.83203125
vanilla,0,131200,3312.1806640625
vanilla,0,132000,3312.6494140625
vanilla,0,132800,3315.01318359375
vanilla,0,133600,3314.196044921875
vanilla,0,134400,3274.340576171875
vanilla,0,135200,3207.198486328125
vanilla,0,136000,3146.072265625
vanilla,0,136800,3137.11865234375
vanilla,0,137600,3133.642333984375
vanilla,0,138400,3135.465087890625
vanilla,0,139200,3135.7685546875
vanilla,0,140000,3134.84326171875
vanilla,0,140800,3135.614990234375
vanilla,0,141600,3135.5478515625
vanilla,0,142400,3134.36083984375
vanilla,0,143200,3135.82275390625
vanilla,0,144000,3132.827392578125
vanilla,0,144800,3133.050048828125
vanilla,0,145600,3130.134033203125
vanilla,0,146400,3129.94970703125
vanilla,0,147200,3127.3896484375
vanilla,0,148000,3127.205810546875
vanilla,0,148800,3126.646240234375
vanilla,0,149600,3123.962646484375
vanilla,0,150400,3123.42431640625
vanilla,0,151200,3130.473388671875
vanilla,0,152000,3131.10986328125
vanilla,0,152800,3129.27880859375
vanilla,0,153600,3129.812744140625
vanilla,0,154400,3170.209716796875
vanilla,0,155200,3236.869384765625
vanilla,0,156000,3298.220703125
vanilla,0,156800,3306.097900390625
vanilla,0,157600,3306.41796875
vanilla,0,158400,3301.882080078125
vanilla,0,159200,3300.815185546875
vanilla,0,160000,3300.231201171875
vanilla,0,160800,3297.732421875
vanilla,0,161600,3295.138671875
vanilla,0,162400,3292.982177734375
vanilla,0,163200,3292.51220703125
vanilla,0,164000,3295.083984375
vanilla,0,164800,3298.67724609375
vanilla,0,165600,3307.919921875
vanilla,0,166400,3313.874267578125
vanilla,0,167200,3297.472412109375
vanilla,0,168000,3289.404296875
vanilla,0,168800,3278.99560546875
vanilla,0,169600,3272.48779296875
vanilla,0,170400,3270.208251953125
vanilla,0,171200,3262.841064453125
vanilla,0,172000,3257.237060546875
vanilla,0,172800,3254.36767578125
vanilla,0,173600,3260.095458984375
vanilla,0,174400,3257.410888671875
vanilla,0,175200,3255.980712890625
vanilla,0,176000,3301.988037109375
vanilla,0,176800,3324.807861328125
vanilla,0,177600,3347.75830078125
vanilla,0,178400,3346.104736328125
vanilla,0,179200,3346.72265625
vanilla,0,180000,3345.98974609375
vanilla,0,180800,3346.032470703125
vanilla,0,181600,3348.02392578125
vanilla,0,182400,3348.5107421875
vanilla,0,183200,3344.621826171875
vanilla,0,184000,3340.440185546875
vanilla,0,184800,3330.94287109375
vanilla,0,185600,3318.449951171875
vanilla,0,186400,3308.306640625
vanilla,0,187200,3319.879150390625
vanilla,0,188000,3321.67529296875
vanilla,0,188800,3326.000244140625
vanilla,0,189600,3319.408203125
vanilla,0,190400,3316.724365234375
vanilla,0,191200,3312.2841796875
vanilla,0,192000,3310.78515625
vanilla,0,192800,3303.548095703125
vanilla,0,193600,3290.026611328125
vanilla,0,194400,3287.514404296875
vanilla,0,195200,3283.970458984375
vanilla,0,196000,3235.692626953125
vanilla,0,196800,3210.018310546875
vanilla,0,197600,3183.009521484375
vanilla,0,198400,3176.51806640625
vanilla,0,199200,3170.184814453125
vanilla,0,200000,3153.29345703125
vanilla,0,200800,3112.091796875
vanilla,0,201600,3047.083740234375
vanilla,0,202400,3053.5390625
vanilla,0,203200,3054.374755859375
vanilla,0,204000,3057.70361328125
vanilla,0,204800,3063.83349609375
vanilla,0,205600,3070.039794921875
vanilla,0,206400,3082.015625
vanilla,0,207200,3091.113525390625
vanilla,0,208000,3086.201904296875
vanilla,0,208800,3148.997802734375
vanilla,0,209600,3203.896240234375
vanilla,0,210400,3214.60400390625
vanilla,0,211200,3191.599365234375
vanilla,0,212000,3200.3076171875
vanilla,0,212800,3213.123291015625
vanilla,0,213600,3223.4892578125
vanilla,0,214400,3253.0830078125
vanilla,0,215200,3297.79638671875
vanilla,0,216000,3312.025146484375
vanilla,0,216800,3343.791259765625
vanilla,0,217600,3353.283935546875
vanilla,0,218400,3379.168701171875
vanilla,0,219200,3404.2109375
vanilla,0,220000,3445.8994140625
vanilla,0,220800,3540.962890625
vanilla,0,221600,3643.102783203125
vanilla,0,222400,3720.452880859375
vanilla,0,223200,3777.276611328125
vanilla,0,224000,3791.0517578125
vanilla,0,224800,3851.957763671875
vanilla,0,225600,3931.333740234375
vanilla,0,226400,3988.24267578125
vanilla,0,227200,4018.085693359375
vanilla,0,228000,4076.342041015625
vanilla,0,228800,4049.176513671875
vanilla,0,229600,4014.164794921875
vanilla,0,230400,4047.38623046875
vanilla,0,231200,4186.98779296875
vanilla,0,232000,4271.0498046875
vanilla,0,232800,4316.08642578125
vanilla,0,233600,4326.6787109375
vanilla,0,234400,4327.216796875
vanilla,0,235200,4356.25830078125
vanilla,0,236000,4402.07275390625
vanilla,0,236800,4456.0673828125
vanilla,0,237600,4507.1328125
vanilla,0,238400,4570.49169921875
vanilla,0,239200,4612.07861328125
vanilla,0,240000,4651.9658203125
vanilla,0,240800,4690.33935546875
vanilla,0,241600,4742.16845703125
vanilla,0,242400,4730.779296875
vanilla,0,243200,4714.51904296875
vanilla,0,244000,4763.58251953125
vanilla,0,244800,4707.75927734375
vanilla,0,245600,4661.65234375
vanilla,0,246400,4590.57568359375
vanilla,0,247200,4569.50390625
vanilla,0,248000,4504.17822265625
vanilla,0,248800,4454.24755859375
vanilla,0,249600,4474.45654296875
vanilla,0,250400,4441.8466796875
vanilla,0,251200,4358.587890625
vanilla,0,252000,4267.32666015625
vanilla,0,252800,4185.44580078125
vanilla,0,253600,4148.625
vanilla,0,254400,4116.34423828125
vanilla,0,255200,4029.220458984375
vanilla,0,256000,3963.001708984375
vanilla,0,256800,3855.69287109375
vanilla,0,257600,3836.58740234375
vanilla,0,258400,3765.96923828125
vanilla,0,259200,3717.894287109375
vanilla,0,260000,3692.4150390625
vanilla,0,260800,3613.9501953125
vanilla,0,261600,3535.30810546875
vanilla,0,262400,3490.579833984375
vanilla,0,263200,3470.023681640625
vanilla,0,264000,3405.0810546875
vanilla,0,264800,3439.1982421875
vanilla,0,265600,3457.6484375
vanilla,0,266400,3455.285400390625
vanilla,0,267200,3433.3095703125
vanilla,0,268000,3510.466796875
vanilla,0,268800,3587.85009765625
vanilla,0,269600,3597.7236328125
vanilla,0,270400,3648.01611328125
vanilla,0,271200,3681.031005859375
vanilla,0,272000,3739.172119140625
vanilla,0,272800,3782.92236328125
vanilla,0,273600,3824.956298828125
vanilla,0,274400,3838.400390625
vanilla,0,275200,3864.75927734375
vanilla,0,276000,3879.927734375
vanilla,0,276800,3950.5380859375
vanilla,0,277600,3937.75439453125
vanilla,0,278400,3986.736083984375
vanilla,0,279200,4026.926513671875
vanilla,0,280000,4021.652099609375
vanilla,0,280800,4102.0927734375
vanilla,0,281600,4150.95654296875
vanilla,0,282400,4186.9873046875
vanilla,0,283200,4225.9091796875
vanilla,0,284000,4283.58203125
vanilla,0,284800,4310.6884765625
vanilla,0,285600,4318.33203125
vanilla,0,286400,4404.759765625
vanilla,0,287200,4463.52783203125
vanilla,0,288000,4481.32373046875
vanilla,0,288800,4536.369140625
vanilla,0,289600,4572.4072265625
vanilla,0,290400,4574.869140625
vanilla,0,291200,4601.3046875
vanilla,0,292000,4641.21728515625
vanilla,0,292800,4744.83642578125
vanilla,0,293600,4852.0830078125
vanilla,0,294400,4906.34033203125
vanilla,0,295200,4980.75634765625
vanilla,0,296000,5048.92041015625
vanilla,0,296800,5121.1904296875
vanilla,0,297600,5208.896484375
vanilla,0,298400,5218.1259765625
vanilla,0,299200,5234.60009765625
vanilla,0,300000,5294.50732421875
vanilla,1,800,-34.53824234008789
vanilla,1,1600,-33.12019348144531
vanilla,1,2400,-33.59964370727539
vanilla,1,3200,-31.75229835510254
vanilla,1,4000,58.603485107421875
vanilla,1,4800,42.56920623779297
vanilla,1,5600,31.781064987182617
vanilla,1,6400,24.07981300354004
vanilla,1,7200,17.766878128051758
vanilla,1,8000,12.617895126342773
vanilla,1,8800,9.310083389282227
vanilla,1,9600,3.715510845184326
vanilla,1,10400,-1.0336703062057495
vanilla,1,11200,-5.0503668785095215
vanilla,1,12000,-8.395644187927246
vanilla,1,12800,-10.819864273071289
vanilla,1,13600,-11.264800071716309
vanilla,1,14400,-12.016022682189941
vanilla,1,15200,-14.079928398132324
vanilla,1,16000,-15.593017578125
vanilla,1,16800,31.89866065979004
vanilla,1,17600,27.90383529663086
vanilla,1,18400,24.40398406982422
vanilla,1,19200,22.06010627746582
vanilla,1,20000,20.258859634399414
vanilla,1,20800,35.25958251953125
vanilla,1,21600,34.33126449584961
vanilla,1,22400,34.341007232666016
vanilla,1,23200,34.212730407714844
vanilla,1,24000,16.175352096557617
vanilla,1,24800,16.76618766784668
vanilla,1,25600,15.972929000854492
vanilla,1,26400,15.231422424316406
vanilla,1,27200,15.691275596618652
vanilla,1,28000,15.461305618286133
vanilla,1,28800,111.53617858886719
vanilla,1,29600,111.58766174316406
vanilla,1,30400,111.50859069824219
vanilla,1,31200,111.40123748779297
vanilla,1,32000,111.25408935546875
vanilla,1,32800,110.73374938964844
vanilla,1,33600,109.14065551757812
vanilla,1,34400,107.7148666381836
vanilla,1,35200,107.35025024414062
vanilla,1,36000,106.82710266113281
vanilla,1,36800,65.8609619140625
vanilla,1,37600,67.00528717041016
vanilla,1,38400,68.0533676147461
vanilla,1,39200,68.02879333496094
vanilla,1,40000,67.91889953613281
vanilla,1,40800,53.41926193237305
vanilla,1,41600,54.760093688964844
vanilla,1,42400,55.32004928588867
vanilla,1,43200,55.71269226074219
vanilla,1,44000,55.945960998535156
vanilla,1,44800,55.88984298706055
vanilla,1,45600,57.03761672973633
vanilla,1,46400,58.130287170410156
vanilla,1,47200,82.02084350585938
vanilla,1,48000,82.94347381591797
vanilla,1,48800,18.764263153076172
vanilla,1,49600,39.70838928222656
vanilla,1,50400,41.41620635986328
vanilla,1,51200,43.13576126098633
vanilla,1,52000,44.667381286621094
vanilla,1,52800,46.164424896240234
vanilla,1,53600,281.2935485839844
vanilla,1,54400,1623.8310546875
vanilla,1,55200,1624.3463134765625
vanilla,1,56000,1624.6376953125
vanilla,1,56800,1624.4671630859375
vanilla,1,57600,1623.5245361328125
vanilla,1,58400,1637.6754150390625
vanilla,1,59200,1636.7681884765625
vanilla,1,60000,1645.625732421875
vanilla,1,60800,1658.7744140625
vanilla,1,61600,1657.223388671875
vanilla,1,62400,1655.333984375
vanilla,1,63200,1654.2186279296875
vanilla,1,64000,1654.0369873046875
vanilla,1,64800,1653.683837890625
vanilla,1,65600,1653.3865966796875
vanilla,1,66400,1653.0169677734375
vanilla,1,67200,1639.936767578125
vanilla,1,68000,1647.0496826171875
vanilla,1,68800,1633.983154296875
vanilla,1,69600,2743.639404296875
vanilla,1,70400,5180.48974609375
vanilla,1,71200,5180.185546875
vanilla,1,72000,5179.84814453125
vanilla,1,72800,5179.01318359375
vanilla,1,73600,4944.3125
vanilla,1,74400,3602.260498046875
vanilla,1,75200,3602.219482421875
vanilla,1,76000,3601.804931640625
vanilla,1,76800,3622.743408203125
vanilla,1,77600,3623.3173828125
vanilla,1,78400,6480.82666015625
vanilla,1,79200,6482.0419921875
vanilla,1,80000,6473.58544921875
vanilla,1,80800,6477.27294921875
vanilla,1,81600,6524.20849609375
vanilla,1,82400,6566.49609375
vanilla,1,83200,7805.78955078125
vanilla,1,84000,8435.0654296875
vanilla,1,84800,8609.4169921875
vanilla,1,85600,9321.5537109375
vanilla,1,86400,9358.65625
vanilla,1,87200,10145.9140625
vanilla,1,88000,12285.2744140625
vanilla,1,88800,12508.263671875
vanilla,1,89600,11379.0107421875
vanilla,1,90400,8942.17578125
vanilla,1,91200,8942.421875
vanilla,1,92000,8942.359375
vanilla,1,92800,8942.955078125
vanilla,1,93600,8951.5048828125
vanilla,1,94400,9737.626953125
vanilla,1,95200,10221.6826171875
vanilla,1,96000,10727.1728515625
vanilla,1,96800,10707.1259765625
vanilla,1,97600,10707.7060546875
vanilla,1,98400,7836.236328125
vanilla,1,99200,7836.36083984375
vanilla,1,100000,7838.31494140625
vanilla,1,100800,9746.712890625
vanilla,1,101600,10353.037109375
vanilla,1,102400,10316.0791015625
vanilla,1,103200,9083.44921875
vanilla,1,104000,8475.1083984375
vanilla,1,104800,9701.5234375
vanilla,1,105600,9025.2607421875
vanilla,1,106400,9000.0927734375
vanilla,1,107200,9630.6357421875
vanilla,1,108000,7502.62744140625
vanilla,1,108800,7806.59375
vanilla,1,109600,8303.650390625
vanilla,1,110400,9259.5595703125
vanilla,1,111200,10128.201171875
vanilla,1,112000,10165.482421875
vanilla,1,112800,11033.1826171875
vanilla,1,113600,11636.1435546875
vanilla,1,114400,11523.2490234375
vanilla,1,115200,11290.8564453125
vanilla,1,116000,11114.9541015625
vanilla,1,116800,11221.654296875
vanilla,1,117600,12338.6328125
vanilla,1,118400,12588.9501953125
vanilla,1,119200,12633.9609375
vanilla,1,120000,12704.9228515625
vanilla,1,120800,10853.2021484375
vanilla,1,121600,10201.3466796875
vanilla,1,122400,10199.3037109375
vanilla,1,123200,10209.3291015625
vanilla,1,124000,10206.1689453125
vanilla,1,124800,8805.7177734375
vanilla,1,125600,9252.5166015625
vanilla,1,126400,9927.2294921875
vanilla,1,127200,9182.638671875
vanilla,1,128000,9777.79296875
vanilla,1,128800,9246.06640625
vanilla,1,129600,8814.279296875
vanilla,1,130400,7857.91845703125
vanilla,1,131200,7469.91064453125
vanilla,1,132000,7433.31591796875
vanilla,1,132800,6567.5546875
vanilla,1,133600,5973.96923828125
vanilla,1,134400,5301.96337890625
vanilla,1,135200,5191.8623046875
vanilla,1,136000,4863.185546875
vanilla,1,136800,4756.26025390625
vanilla,1,137600,3639.533447265625
vanilla,1,138400,3389.34033203125
vanilla,1,139200,3344.34521484375
vanilla,1,140000,3271.16943359375
vanilla,1,140800,3197.818603515625
vanilla,1,141600,3220.03271484375
vanilla,1,142400,3218.76708984375
vanilla,1,143200,3203.33203125
vanilla,1,144000,3185.952880859375
vanilla,1,144800,3187.370361328125
vanilla,1,145600,2782.95556640625
vanilla,1,146400,2095.9775390625
vanilla,1,147200,1411.1644287109375
vanilla,1,148000,796.5765380859375
vanilla,1,148800,795.64111328125
vanilla,1,149600,729.7117919921875
vanilla,1,150400,729.2015991210938
vanilla,1,151200,247.6467742919922
vanilla,1,152000,246.6700897216797
vanilla,1,152800,244.53489685058594
vanilla,1,153600,227.04249572753906
vanilla,1,154400,226.44229125976562
vanilla,1,155200,89.31404113769531
vanilla,1,156000,89.58846282958984
vanilla,1,156800,144.78192138671875
vanilla,1,157600,174.54554748535156
vanilla,1,158400,190.82827758789062
vanilla,1,159200,190.0320281982422
vanilla,1,160000,230.6243896484375
vanilla,1,160800,319.3251647949219
vanilla,1,161600,358.319091796875
vanilla,1,162400,495.0437316894531
vanilla,1,163200,637.9353637695312
vanilla,1,164000,674.884033203125
vanilla,1,164800,678.435546875
vanilla,1,165600,1661.9256591796875
vanilla,1,166400,2592.185791015625
vanilla,1,167200,2620.246337890625
vanilla,1,168000,3775.962158203125
vanilla,1,168800,4231.3671875
vanilla,1,169600,4735.22216796875
vanilla,1,170400,5278.8876953125
vanilla,1,171200,5510.49072265625
vanilla,1,172000,5617.4140625
vanilla,1,172800,6725.6171875
vanilla,1,173600,7645.43896484375
vanilla,1,174400,8417.0830078125
vanilla,1,175200,8413.8583984375
vanilla,1,176000,8592.763671875
vanilla,1,176800,8959.6865234375
vanilla,1,177600,9362.6123046875
vanilla,1,178400,9406.7841796875
vanilla,1,179200,9407.1064453125
vanilla,1,180000,9386.1806640625
vanilla,1,180800,9296.765625
vanilla,1,181600,9234.9169921875
vanilla,1,182400,9097.3173828125
vanilla,1,183200,8953.81640625
vanilla,1,184000,8915.615234375
vanilla,1,184800,8909.810546875
vanilla,1,185600,7863.4755859375
vanilla,1,186400,7042.9677734375
vanilla,1,187200,7014.90771484375
vanilla,1,188000,5858.478515625
vanilla,1,188800,5388.779296875
vanilla,1,189600,4883.99169921875
vanilla,1,190400,4339.1806640625
vanilla,1,191200,4106.38623046875
vanilla,1,192000,3998.1904296875
vanilla,1,192800,2888.437255859375
vanilla,1,193600,1967.142578125
vanilla,1,194400,1193.927001953125
vanilla,1,195200,1191.8341064453125
vanilla,1,196000,1012.0206909179688
vanilla,1,196800,677.1329345703125
vanilla,1,197600,278.79547119140625
vanilla,1,198400,217.9047088623047
vanilla,1,199200,218.2590789794922
vanilla,1,200000,371.6767272949219
vanilla,1,200800,393.35992431640625
vanilla,1,201600,611.2860107421875
vanilla,1,202400,611.252197265625
vanilla,1,203200,828.3025512695312
vanilla,1,204000,829.1883544921875
vanilla,1,204800,829.8206176757812
vanilla,1,205600,818.4367065429688
vanilla,1,206400,777.2691650390625
vanilla,1,207200,777.9025268554688
vanilla,1,208000,780.845458984375
vanilla,1,208800,1010.037353515625
vanilla,1,209600,1174.0006103515625
vanilla,1,210400,1479.624755859375
vanilla,1,211200,1491.228271484375
vanilla,1,212000,1510.924072265625
vanilla,1,212800,1515.3502197265625
vanilla,1,213600,1525.1732177734375
vanilla,1,214400,1930.94677734375
vanilla,1,215200,2067.471435546875
vanilla,1,216000,2201.615234375
vanilla,1,216800,2159.462646484375
vanilla,1,217600,2656.22705078125
vanilla,1,218400,2891.709716796875
vanilla,1,219200,4322.95849609375
vanilla,1,220000,4364.56103515625
vanilla,1,220800,5388.435546875
vanilla,1,221600,5856.88623046875
vanilla,1,222400,6813.271484375
vanilla,1,223200,6917.09521484375
vanilla,1,224000,7555.654296875
vanilla,1,224800,8276.8037109375
vanilla,1,225600,9677.7294921875
vanilla,1,226400,10358.8935546875
vanilla,1,227200,11053.4931640625
vanilla,1,228000,11935.94140625
vanilla,1,228800,12768.52734375
vanilla,1,229600,13469.7666015625
vanilla,1,230400,13733.1904296875
vanilla,1,231200,14881.578125
vanilla,1,232000,15005.0859375
vanilla,1,232800,15113.626953125
vanilla,1,233600,15495.2802734375
vanilla,1,234400,15698.6220703125
vanilla,1,235200,16428.76171875
vanilla,1,236000,17518.53125
vanilla,1,236800,17639.20703125
vanilla,1,237600,17841.02734375
vanilla,1,238400,18538.919921875
vanilla,1,239200,17782.068359375
vanilla,1,240000,19560.314453125
vanilla,1,240800,19688.748046875
vanilla,1,241600,19628.841796875
vanilla,1,242400,19879.05078125
vanilla,1,243200,21394.501953125
vanilla,1,244000,21884.837890625
vanilla,1,244800,21386.595703125
vanilla,1,245600,21936.802734375
vanilla,1,246400,22176.16015625
vanilla,1,247200,21539.267578125
vanilla,1,248000,20741.849609375
vanilla,1,248800,19769.82421875
vanilla,1,249600,21646.013671875
vanilla,1,250400,21590.33984375
vanilla,1,251200,20893.685546875
vanilla,1,252000,20770.6171875
vanilla,1,252800,20742.634765625
vanilla,1,253600,21455.63671875
vanilla,1,254400,21533.25
vanilla,1,255200,21228.11328125
vanilla,1,256000,20338.0390625
vanilla,1,256800,20370.880859375
vanilla,1,257600,21331.16796875
vanilla,1,258400,22154.408203125
vanilla,1,259200,23201.603515625
vanilla,1,260000,22713.048828125
vanilla,1,260800,21831.9296875
vanilla,1,261600,22125.49609375
vanilla,1,262400,23010.5859375
vanilla,1,263200,21418.59375
vanilla,1,264000,20832.69921875
vanilla,1,264800,22337.546875
vanilla,1,265600,20884.52734375
vanilla,1,266400,20501.712890625
vanilla,1,267200,20731.171875
vanilla,1,268000,21493.478515625
vanilla,1,268800,21581.16015625
vanilla,1,269600,19581.12890625
vanilla,1,270400,20568.4140625
vanilla,1,271200,20598.3125
vanilla,1,272000,20979.740234375
vanilla,1,272800,22759.236328125
vanilla,1,273600,22266.8671875
vanilla,1,274400,22127.962890625
vanilla,1,275200,22246.287109375
vanilla,1,276000,23223.166015625
vanilla,1,276800,25077.91015625
vanilla,1,277600,23907.19140625
vanilla,1,278400,23096.052734375
vanilla,1,279200,22149.158203125
vanilla,1,280000,21761.76953125
vanilla,1,280800,22674.953125
vanilla,1,281600,22379.029296875
vanilla,1,282400,21578.630859375
vanilla,1,283200,22730.427734375
vanilla,1,284000,24231.294921875
vanilla,1,284800,23097.52734375
vanilla,1,285600,23929.1484375
vanilla,1,286400,24975.021484375
vanilla,1,287200,25999.9921875
vanilla,1,288000,26298.982421875
vanilla,1,288800,27661.33984375
vanilla,1,289600,29355.931640625
vanilla,1,290400,30670.876953125
vanilla,1,291200,32527.6796875
vanilla,1,292000,34291.046875
vanilla,1,292800,34613.171875
vanilla,1,293600,36077.015625
vanilla,1,294400,36800.8125
vanilla,1,295200,36856.9921875
vanilla,1,296000,36603.375
vanilla,1,296800,36286.84765625
vanilla,1,297600,36581.65234375
vanilla,1,298400,35981.75
vanilla,1,299200,35206.9765625
vanilla,1,300000,34528.9765625
vanilla,2,800,-46.96528244018555
vanilla,2,1600,-49.95518493652344
vanilla,2,2400,-47.31340026855469
vanilla,2,3200,-46.058197021484375
vanilla,2,4000,-45.09813690185547
vanilla,2,4800,-45.014076232910156
vanilla,2,5600,-45.04127883911133
vanilla,2,6400,-44.370174407958984
vanilla,2,7200,-44.325321197509766
vanilla,2,8000,-43.668949127197266
vanilla,2,8800,-42.55136489868164
vanilla,2,9600,-18.52126693725586
vanilla,2,10400,-20.013797760009766
vanilla,2,11200,-21.473604202270508
vanilla,2,12000,-26.373985290527344
vanilla,2,12800,-31.51905059814453
vanilla,2,13600,-35.79945755004883
vanilla,2,14400,-38.38426208496094
vanilla,2,15200,-40.78658676147461
vanilla,2,16000,-42.15141296386719
vanilla,2,16800,-42.845603942871094
vanilla,2,17600,-43.18739700317383
vanilla,2,18400,-42.40625
vanilla,2,19200,-30.433395385742188
vanilla,2,20000,-31.410564422607422
vanilla,2,20800,-31.7835693359375
vanilla,2,21600,-31.290653228759766
vanilla,2,22400,-30.716751098632812
vanilla,2,23200,-29.976398468017578
vanilla,2,24000,-29.192201614379883
vanilla,2,24800,-28.19133758544922
vanilla,2,25600,-22.842073440551758
vanilla,2,26400,30.118606567382812
vanilla,2,27200,41.124202728271484
vanilla,2,28000,63.96442413330078
vanilla,2,28800,91.29757690429688
vanilla,2,29600,94.2303237915039
vanilla,2,30400,102.04859924316406
vanilla,2,31200,107.32506561279297
vanilla,2,32000,118.5311508178711
vanilla,2,32800,130.3313446044922
vanilla,2,33600,137.0703887939453
vanilla,2,34400,157.03565979003906
vanilla,2,35200,180.63185119628906
vanilla,2,36000,203.69322204589844
vanilla,2,36800,233.3535919189453
vanilla,2,37600,270.95379638671875
vanilla,2,38400,309.6011047363281
vanilla,2,39200,343.1504821777344
vanilla,2,40000,389.3623046875
vanilla,2,40800,458.6899719238281
vanilla,2,41600,512.2642822265625
vanilla,2,42400,563.78125
vanilla,2,43200,664.3038940429688
vanilla,2,44000,751.5914916992188
vanilla,2,44800,788.6207885742188
vanilla,2,45600,857.3319702148438
vanilla,2,46400,890.7435913085938
vanilla,2,47200,977.3594360351562
vanilla,2,48000,1099.1353759765625
vanilla,2,48800,1111.418212890625
vanilla,2,49600,1098.0050048828125
vanilla,2,50400,1091.086181640625
vanilla,2,51200,1086.8524169921875
vanilla,2,52000,1109.1336669921875
vanilla,2,52800,1168.387939453125
vanilla,2,53600,1226.1075439453125
vanilla,2,54400,1244.2027587890625
vanilla,2,55200,1287.103271484375
vanilla,2,56000,1450.4654541015625
vanilla,2,56800,1544.833740234375
vanilla,2,57600,1601.4267578125
vanilla,2,58400,1650.0262451171875
vanilla,2,59200,1717.748291015625
vanilla,2,60000,1867.55712890625
vanilla,2,60800,2079.244873046875
vanilla,2,61600,2199.220947265625
vanilla,2,62400,2372.9814453125
vanilla,2,63200,2414.626220703125
vanilla,2,64000,2450.039306640625
vanilla,2,64800,2569.166748046875
vanilla,2,65600,2735.11328125
vanilla,2,66400,2857.134521484375
vanilla,2,67200,3074.910888671875
vanilla,2,68000,3183.964599609375
vanilla,2,68800,3319.485595703125
vanilla,2,69600,3552.943603515625
vanilla,2,70400,3773.53515625
vanilla,2,71200,4044.81640625
vanilla,2,72000,4148.78955078125
vanilla,2,72800,4349.16162109375
vanilla,2,73600,4486.125
vanilla,2,74400,4519.3564453125
vanilla,2,75200,4504.64892578125
vanilla,2,76000,4367.69580078125
vanilla,2,76800,4245.369140625
vanilla,2,77600,4280.9658203125
vanilla,2,78400,4231.32666015625
vanilla,2,79200,4196.02197265625
vanilla,2,80000,4222.890625
vanilla,2,80800,4259.53662109375
vanilla,2,81600,4452.08544921875
vanilla,2,82400,4568.267578125
vanilla,2,83200,4761.44140625
vanilla,2,84000,4907.875
vanilla,2,84800,4996.126953125
vanilla,2,85600,4968.72265625
vanilla,2,86400,5009.087890625
vanilla,2,87200,4994.26220703125
vanilla,2,88000,5130.9140625
vanilla,2,88800,5207.6484375
vanilla,2,89600,5282.29248046875
vanilla,2,90400,5393.62744140625
vanilla,2,91200,5465.6162109375
vanilla,2,92000,5665.21533203125
vanilla,2,92800,5698.4326171875
vanilla,2,93600,5705.24072265625
vanilla,2,94400,5964.2607421875
vanilla,2,95200,6198.11669921875
vanilla,2,96000,6442.880859375
vanilla,2,96800,6734.80224609375
vanilla,2,97600,6875.0419921875
vanilla,2,98400,7131.93310546875
vanilla,2,99200,7329.740234375
vanilla,2,100000,7406.861328125
vanilla,2,100800,7387.689453125
vanilla,2,101600,7328.91162109375
vanilla,2,102400,7329.111328125
vanilla,2,103200,7361.35888671875
vanilla,2,104000,7427.3330078125
vanilla,2,104800,7480.56494140625
vanilla,2,105600,7636.67626953125
vanilla,2,106400,7661.83837890625
vanilla,2,107200,7658.74462890625
vanilla,2,108000,7568.1123046875
vanilla,2,108800,7713.41064453125
vanilla,2,109600,7772.38232421875
vanilla,2,110400,7873.7900390625
vanilla,2,111200,7995.076171875
vanilla,2,112000,8194.9716796875
vanilla,2,112800,8314.896484375
vanilla,2,113600,8479.0615234375
vanilla,2,114400,8578.5185546875
vanilla,2,115200,8724.6376953125
vanilla,2,116000,8875.9990234375
vanilla,2,116800,9088.2197265625
vanilla,2,117600,9157.318359375
vanilla,2,118400,8889.6630859375
vanilla,2,119200,8963.55859375
vanilla,2,120000,8952.12890625
vanilla,2,120800,9158.7763671875
vanilla,2,121600,9474.353515625
vanilla,2,122400,9897.4892578125
vanilla,2,123200,11636.1611328125
vanilla,2,124000,12943.3037109375
vanilla,2,124800,13655.13671875
vanilla,2,125600,13287.150390625
vanilla,2,126400,13248.7275390625
vanilla,2,127200,12950.6787109375
vanilla,2,128000,12649.794921875
vanilla,2,128800,12251.5078125
vanilla,2,129600,11882.96484375
vanilla,2,130400,11448.1826171875
vanilla,2,131200,10982.0244140625
vanilla,2,132000,10446.89453125
vanilla,2,132800,10024.955078125
vanilla,2,133600,9655.0439453125
vanilla,2,134400,9227.1484375
vanilla,2,135200,8819.8115234375
vanilla,2,136000,8375.7177734375
vanilla,2,136800,7877.4921875
vanilla,2,137600,9389.724609375
vanilla,2,138400,10440.97265625
vanilla,2,139200,11159.7939453125
vanilla,2,140000,11975.302734375
vanilla,2,140800,13153.244140625
vanilla,2,141600,14670.9892578125
vanilla,2,142400,15338.62890625
vanilla,2,143200,14642.53125
vanilla,2,144000,14745.44140625
vanilla,2,144800,15094.619140625
vanilla,2,145600,17070.23828125
vanilla,2,146400,18820.724609375
vanilla,2,147200,20345.5078125
vanilla,2,148000,22267.666015625
vanilla,2,148800,23331.546875
vanilla,2,149600,23847.263671875
vanilla,2,150400,25892.8046875
vanilla,2,151200,27293.228515625
vanilla,2,152000,28562.509765625
vanilla,2,152800,30170.783203125
vanilla,2,153600,31818.6171875
vanilla,2,154400,33522.234375
vanilla,2,155200,34815.52734375
vanilla,2,156000,38363.90625
vanilla,2,156800,41535.23046875
vanilla,2,157600,43789.19140625
vanilla,2,158400,46052.7265625
vanilla,2,159200,47824.9453125
vanilla,2,160000,50963.2421875
vanilla,2,160800,53111.31640625
vanilla,2,161600,52509.40625
vanilla,2,162400,53072.64453125
vanilla,2,163200,53990.9609375
vanilla,2,164000,54299.27734375
vanilla,2,164800,54186.73046875
vanilla,2,165600,52218.6484375
vanilla,2,166400,52564.01171875
vanilla,2,167200,52983.41796875
vanilla,2,168000,51653.5546875
vanilla,2,168800,51250.87109375
vanilla,2,169600,52329.65625
vanilla,2,170400,50310.015625
vanilla,2,171200,48931.125
vanilla,2,172000,47663.83984375
vanilla,2,172800,46055.859375
vanilla,2,173600,44408.51171875
vanilla,2,174400,42705.1796875
vanilla,2,175200,41422.0546875
vanilla,2,176000,37874.01953125
vanilla,2,176800,34696.33984375
vanilla,2,177600,30592.271484375
vanilla,2,178400,27250.90234375
vanilla,2,179200,24411.6640625
vanilla,2,180000,20170.689453125
vanilla,2,180800,16341.0107421875
vanilla,2,181600,15155.2177734375
vanilla,2,182400,13159.8232421875
vanilla,2,183200,10832.2451171875
vanilla,2,184000,8778.423828125
vanilla,2,184800,7534.2548828125
vanilla,2,185600,7535.03955078125
vanilla,2,186400,5336.9287109375
vanilla,2,187200,3480.321044921875
vanilla,2,188000,3645.93603515625
vanilla,2,188800,3042.637939453125
vanilla,2,189600,1508.9407958984375
vanilla,2,190400,2282.33642578125
vanilla,2,191200,2367.193115234375
vanilla,2,192000,2425.057373046875
vanilla,2,192800,2432.88818359375
vanilla,2,193600,2701.781982421875
vanilla,2,194400,2841.197509765625
vanilla,2,195200,2970.04296875
vanilla,2,196000,3560.89599609375
vanilla,2,196800,3596.474365234375
vanilla,2,197600,3632.147705078125
vanilla,2,198400,3718.7548828125
vanilla,2,199200,3802.044677734375
vanilla,2,200000,4530.4013671875
vanilla,2,200800,5018.5478515625
vanilla,2,201600,5305.734375
vanilla,2,202400,6496.41796875
vanilla,2,203200,7114.24560546875
vanilla,2,204000,7807.970703125
vanilla,2,204800,8183.05908203125
vanilla,2,205600,9310.6171875
vanilla,2,206400,10048.3994140625
vanilla,2,207200,11376.23828125
vanilla,2,208000,13016.41796875
vanilla,2,208800,15252.8701171875
vanilla,2,209600,17056.58203125
vanilla,2,210400,17359.736328125
vanilla,2,211200,20240.73828125
vanilla,2,212000,22596.703125
vanilla,2,212800,24347.7109375
vanilla,2,213600,25685.029296875
vanilla,2,214400,28505.560546875
vanilla,2,215200,29771.083984375
vanilla,2,216000,29546.951171875
vanilla,2,216800,31878.9140625
vanilla,2,217600,32965.7109375
vanilla,2,218400,35429.69140625
vanilla,2,219200,35484.27734375
vanilla,2,220000,35527.94140625
vanilla,2,220800,35122.609375
vanilla,2,221600,35608.2890625
vanilla,2,222400,35547.984375
vanilla,2,223200,35737.1015625
vanilla,2,224000,35108.671875
vanilla,2,224800,35101.3203125
vanilla,2,225600,33965.51171875
vanilla,2,226400,33097.51171875
vanilla,2,227200,32626.48828125
vanilla,2,228000,30904.44921875
vanilla,2,228800,30197.05078125
vanilla,2,229600,28370.275390625
vanilla,2,230400,28168.412109375
vanilla,2,231200,25194.017578125
vanilla,2,232000,23885.828125
vanilla,2,232800,22525.4609375
vanilla,2,233600,22014.591796875
vanilla,2,234400,19750.43359375
vanilla,2,235200,20733.810546875
vanilla,2,236000,21933.60546875
vanilla,2,236800,21465.03515625
vanilla,2,237600,22793.3125
vanilla,2,238400,22627.01171875
vanilla,2,239200,25146.318359375
vanilla,2,240000,26215.8984375
vanilla,2,240800,29822.990234375
vanilla,2,241600,29860.07421875
vanilla,2,242400,31067.427734375
vanilla,2,243200,34157.69921875
vanilla,2,244000,36806.1796875
vanilla,2,244800,37257.1640625
vanilla,2,245600,38767.33203125
vanilla,2,246400,39543.10546875
vanilla,2,247200,39577.54296875
vanilla,2,248000,39288.5
vanilla,2,248800,37797.63671875
vanilla,2,249600,39263.23046875
vanilla,2,250400,38576.30078125
vanilla,2,251200,38856.71875
vanilla,2,252000,38517.8359375
vanilla,2,252800,41886.4140625
vanilla,2,253600,43071.734375
vanilla,2,254400,44595.90625
vanilla,2,255200,43088.86328125
vanilla,2,256000,41649.5546875
vanilla,2,256800,41504.74609375
vanilla,2,257600,41711.11328125
vanilla,2,258400,41415.72265625
vanilla,2,259200,41585.44921875
vanilla,2,260000,41783.26953125
vanilla,2,260800,40442.38671875
vanilla,2,261600,41433.9921875
vanilla,2,262400,41406.78515625
vanilla,2,263200,39695.34765625
vanilla,2,264000,39110.91015625
vanilla,2,264800,40142.64453125
vanilla,2,265600,40591.8046875
vanilla,2,266400,41863.06640625
vanilla,2,267200,42948.09375
vanilla,2,268000,44954.9375
vanilla,2,268800,47065.86328125
vanilla,2,269600,47212.39453125
vanilla,2,270400,48370.3359375
vanilla,2,271200,49611.2734375
vanilla,2,272000,50359.49609375
vanilla,2,272800,48117.34765625
vanilla,2,273600,47239.54296875
vanilla,2,274400,46695.9140625
vanilla,2,275200,46998.046875
vanilla,2,276000,48138.5703125
vanilla,2,276800,47895.84765625
vanilla,2,277600,46789.05078125
vanilla,2,278400,46237.65625
vanilla,2,279200,45593.49609375
vanilla,2,280000,45430.3984375
vanilla,2,280800,45025.94140625
vanilla,2,281600,46258.1171875
vanilla,2,282400,46455.13671875
vanilla,2,283200,47007.01171875
vanilla,2,284000,46891.58203125
vanilla,2,284800,47387.453125
vanilla,2,285600,47675.15234375
vanilla,2,286400,48180.15234375
vanilla,2,287200,48965.48828125
vanilla,2,288000,48365.4921875
vanilla,2,288800,48462.3671875
vanilla,2,289600,48915.1640625
vanilla,2,290400,50410.7890625
vanilla,2,291200,51562.02734375
vanilla,2,292000,51161.22265625
vanilla,2,292800,51740.75
vanilla,2,293600,52692.359375
vanilla,2,294400,53702.4765625
vanilla,2,295200,55322.18359375
vanilla,2,296000,57134.7734375
vanilla,2,296800,58156.18359375
vanilla,2,297600,59983.32421875
vanilla,2,298400,61224.66015625
vanilla,2,299200,61956.6953125
vanilla,2,300000,63115.01953125
